flight_number,airline_code,source_airport_code,destination_airport_code,codeshare,stops,equipment,distance_km
AF0003,AF,ABQ,ATL,Y,0,757 320,2038.327239981967
AZ0003,AZ,ABQ,ATL,Y,0,757,2038.327239981967
DL0003,DL,ABQ,ATL,,0,757 320,2038.327239981967
KL0003,KL,ABQ,ATL,Y,0,757 320,2038.327239981967
VS0001,VS,ABQ,ATL,Y,0,757 320,2038.327239981967
WN0001,WN,ABQ,BWI,,0,73W,2682.0457815491864
WN0002,WN,ABQ,DAL,,0,73W 73C 733 735,932.4951436719399
FL0001,FL,ABQ,DEN,Y,0,73W,562.4869406389843
UA0005,UA,ABQ,DEN,Y,0,CR7 DH4 CRJ E70,562.4869406389843
WN0003,WN,ABQ,DEN,,0,73W 73C,562.4869406389843
AA0004,AA,ABQ,DFW,,0,M83 M80,913.8005959287797
US0004,US,ABQ,DFW,,0,M83 M80,913.8005959287797
WN0004,WN,ABQ,HOU,,0,73W 735 73C,1220.7679966040043
UA0006,UA,ABQ,IAH,,0,320 738,1195.6727490526955
B60001,B6,ABQ,JFK,,0,320,2931.4088082810044
FL0002,FL,ABQ,LAS,Y,0,73W,781.1498492733336
WN0005,WN,ABQ,LAS,,0,73C 73W 733,781.1498492733336
AA0005,AA,ABQ,LAX,Y,0,CR7 CRJ,1087.578466128454
AS0001,AS,ABQ,LAX,Y,0,CR7 CRJ,1087.578466128454
UA0007,UA,ABQ,LAX,Y,0,CRJ,1087.578466128454
US0005,US,ABQ,LAX,Y,0,CR7 CRJ,1087.578466128454
WN0006,WN,ABQ,LAX,,0,73C 73W,1087.578466128454
FL0003,FL,ABQ,MCI,Y,0,73W,1154.3485627191249
WN0007,WN,ABQ,MCI,,0,73W 73C,1154.3485627191249
FL0004,FL,ABQ,MDW,Y,0,73W,1800.9397175282606
WN0008,WN,ABQ,MDW,,0,73W,1800.9397175282606
DL0004,DL,ABQ,MSP,,0,320,1576.9146965557495
WN0009,WN,ABQ,OAK,,0,73W 733 73C,1427.2540463353284
AA0006,AA,ABQ,ORD,Y,0,E75,1795.9233072145933
UA0008,UA,ABQ,ORD,Y,0,CR7 E70,1795.9233072145933
US0006,US,ABQ,ORD,,0,E75,1795.9233072145933
FL0005,FL,ABQ,PDX,Y,0,73W,1786.6783717758115
WN0010,WN,ABQ,PDX,,0,73W,1786.6783717758115
AA0007,AA,ABQ,PHX,Y,0,CRJ CR9,527.143267559793
US0007,US,ABQ,PHX,Y,0,CRJ CR9,527.143267559793
WN0011,WN,ABQ,PHX,,0,73W 733 73C,527.143267559793
WN0012,WN,ABQ,SAN,,0,73C 733 73W,1009.2518750311486
WN0013,WN,ABQ,SEA,,0,73W,1897.340412718944
UA0009,UA,ABQ,SFO,Y,0,CRJ,1439.3133270396975
DL0005,DL,ABQ,SLC,Y,0,CR9 CR7,793.7546301538473
AF0018,AF,ALB,ATL,Y,0,CR9 M88,1372.1417940486751
AM0006,AM,ALB,ATL,Y,0,M88,1372.1417940486751
AZ0013,AZ,ALB,ATL,Y,0,M88,1372.1417940486751
DL0014,DL,ALB,ATL,,0,M88,1372.1417940486751
KL0016,KL,ALB,ATL,Y,0,M88 CR9,1372.1417940486751
9K0005,9K,ALB,BOS,,0,CNA,232.8230582570679
FL0006,FL,ALB,BWI,Y,0,73W,464.4457831639005
WN0014,WN,ALB,BWI,,0,73W,464.4457831639005
UA0023,UA,ALB,CLE,Y,0,DH3,680.3442270454065
AA0021,AA,ALB,CLT,,0,319,1039.7527854389293
US0014,US,ALB,CLT,,0,319,1039.7527854389293
AA0022,AA,ALB,DCA,Y,0,E75 CRJ E70,511.65234439645104
US0015,US,ALB,DCA,,0,CRJ,511.65234439645104
DL0015,DL,ALB,DTW,Y,0,CRJ CR9,785.1606860178088
FL0007,FL,ALB,EWR,Y,0,73W,230.97613636412436
UA0024,UA,ALB,EWR,Y,0,DH4 ERJ DH2,230.97613636412436
FL0008,FL,ALB,FLL,Y,0,73W,1942.1110215985407
WN0015,WN,ALB,FLL,,0,73W,1942.1110215985407
UA0025,UA,ALB,IAD,Y,0,DH4 DH2 CR7 CRJ ERJ,522.7286321956456
WN0016,WN,ALB,LAS,,0,73W,3591.3495906620496
WN0017,WN,ALB,MCO,,0,73W,1729.0381501347117
FL0009,FL,ALB,MDW,Y,0,73W,1151.5979103695176
WN0018,WN,ALB,MDW,,0,73W 73H,1151.5979103695176
DL0016,DL,ALB,MSP,Y,0,CR9,1572.2454815431058
UA0026,UA,ALB,ORD,,0,319 73G 738 739,1160.512875020777
AA0023,AA,ALB,PHL,,0,DH3,341.6749254408915
US0016,US,ALB,PHL,Y,0,CRJ E75 DH8 E70,341.6749254408915
FL0010,FL,ALB,TPA,Y,0,73W,1821.0127194492877
WN0019,WN,ALB,TPA,,0,73W,1821.0127194492877
UA0035,UA,ANC,DEN,,0,738,3863.129816959807
AS0017,AS,ANC,HNL,,0,73H,4474.85055141364
AS0021,AS,ANC,LAS,,0,73H,3703.2981066915304
AA0031,AA,ANC,LAX,Y,0,737,3770.9867452123303
AS0022,AS,ANC,LAX,,0,73H,3770.9867452123303
DL0043,DL,ANC,MSP,,0,738 757,4041.9740833427663
AS0025,AS,ANC,ORD,,0,73H,4568.179156888665
UA0036,UA,ANC,ORD,,0,738,4568.179156888665
AS0027,AS,ANC,PDX,,0,73H 73G 734 739,2476.846480208212
AA0032,AA,ANC,PHX,,0,319 320,4101.718395278501
US0024,US,ANC,PHX,,0,319 320,4101.718395278501
AS0030,AS,ANC,SEA,,0,73H 73J 734 73Q 739 73G,2325.752433399854
DL0044,DL,ANC,SEA,Y,0,73J,2325.752433399854
UA0037,UA,ANC,SEA,,0,739 738,2325.752433399854
DL0045,DL,ANC,SLC,,0,738,3412.860168823888
AF0049,AF,ATL,ABQ,Y,0,757,2038.327239981967
AZ0058,AZ,ATL,ABQ,Y,0,757,2038.327239981967
DL0049,DL,ATL,ABQ,,0,757 320,2038.327239981967
KL0159,KL,ATL,ABQ,Y,0,757,2038.327239981967
VS0005,VS,ATL,ABQ,Y,0,757,2038.327239981967
AF0053,AF,ATL,ALB,Y,0,M88,1372.1417940486751
AM0009,AM,ATL,ALB,Y,0,CR9 M88,1372.1417940486751
DL0053,DL,ATL,ALB,,0,M88,1372.1417940486751
KL0163,KL,ATL,ALB,Y,0,M88,1372.1417940486751
AF0055,AF,ATL,AUS,Y,0,M90 M88,1305.1634114567275
AZ0059,AZ,ATL,AUS,Y,0,M90 M88,1305.1634114567275
DL0057,DL,ATL,AUS,,0,M90 M88 ,1305.1634114567275
FL0015,FL,ATL,AUS,,0,73G,1305.1634114567275
KL0166,KL,ATL,AUS,Y,0,M90 M88,1305.1634114567275
VS0006,VS,ATL,AUS,Y,0,M90 M88,1305.1634114567275
WN0024,WN,ATL,AUS,,0,733 73W,1305.1634114567275
AF0058,AF,ATL,BDL,Y,0,M88 73W,1381.9819835346998
AM0010,AM,ATL,BDL,Y,0,M88 73W,1381.9819835346998
AZ0061,AZ,ATL,BDL,Y,0,M88,1381.9819835346998
DL0062,DL,ATL,BDL,,0,M88 73W 320,1381.9819835346998
FL0016,FL,ATL,BDL,,0,717,1381.9819835346998
KL0169,KL,ATL,BDL,Y,0,M88,1381.9819835346998
WN0025,WN,ATL,BDL,Y,0,717,1381.9819835346998
AF0059,AF,ATL,BHM,Y,0,M88,215.26492353815198
AS0037,AS,ATL,BHM,Y,0,M88 320,215.26492353815198
AZ0062,AZ,ATL,BHM,Y,0,M88,215.26492353815198
DL0063,DL,ATL,BHM,,0,M88 320,215.26492353815198
KL0170,KL,ATL,BHM,Y,0,M88,215.26492353815198
VS0007,VS,ATL,BHM,Y,0,M88,215.26492353815198
AF0061,AF,ATL,BNA,Y,0,M88 319 738 73H 717 320,344.43306778987096
AM0011,AM,ATL,BNA,Y,0,M88 320,344.43306778987096
AS0038,AS,ATL,BNA,Y,0,738 319 320 M88 73H 717,344.43306778987096
AZ0063,AZ,ATL,BNA,Y,0,320 717,344.43306778987096
DL0066,DL,ATL,BNA,,0,M88 738 319 320 73H 717,344.43306778987096
KL0172,KL,ATL,BNA,Y,0,319 M88 738 73H 717 320,344.43306778987096
VS0008,VS,ATL,BNA,Y,0,319 320 M88 738 73H 717,344.43306778987096
AF0062,AF,ATL,BOS,Y,0,M90 757 320 738 319,1521.2233628594663
AM0012,AM,ATL,BOS,Y,0,M90 757 738 M88 320 319,1521.2233628594663
AZ0064,AZ,ATL,BOS,Y,0,M90 757 319,1521.2233628594663
DL0069,DL,ATL,BOS,,0,M90 757 320 738 M88  319,1521.2233628594663
FL0017,FL,ATL,BOS,,0,717,1521.2233628594663
KL0173,KL,ATL,BOS,Y,0,757 320 319,1521.2233628594663
VS0009,VS,ATL,BOS,Y,0,M90 757 320 738 M88 319,1521.2233628594663
WN0026,WN,ATL,BOS,,0,73W,1521.2233628594663
AF0067,AF,ATL,BUF,Y,0,M90 M88,1147.0625706826079
AZ0065,AZ,ATL,BUF,Y,0,M90 M88,1147.0625706826079
DL0075,DL,ATL,BUF,,0,M90 M88,1147.0625706826079
KL0178,KL,ATL,BUF,Y,0,M90 M88,1147.0625706826079
AF0068,AF,ATL,BWI,Y,0,M90 757 320,927.5307689689371
AM0013,AM,ATL,BWI,Y,0,M90 757 320 M88,927.5307689689371
AZ0066,AZ,ATL,BWI,Y,0,320 M90,927.5307689689371
DL0076,DL,ATL,BWI,,0,M88 M90 757 320 73W,927.5307689689371
FL0018,FL,ATL,BWI,,0,73G,927.5307689689371
KL0179,KL,ATL,BWI,Y,0,757 320 M90,927.5307689689371
WN0027,WN,ATL,BWI,,0,73W 73C,927.5307689689371
AF0074,AF,ATL,CHS,Y,0,320 M88 73W 717 319,416.3359582805535
AS0039,AS,ATL,CHS,Y,0,M88 320 73W 717 319,416.3359582805535
AZ0070,AZ,ATL,CHS,Y,0,M88 73W,416.3359582805535
DL0084,DL,ATL,CHS,,0,319 320 M88 73W 717,416.3359582805535
KL0184,KL,ATL,CHS,Y,0,M88 73W 717 319,416.3359582805535
VS0010,VS,ATL,CHS,Y,0,M88 320 73W 717 319,416.3359582805535
WN0029,WN,ATL,CHS,,0,,416.3359582805535
AF0076,AF,ATL,CLE,Y,0,717 CR9,893.8160701204932
AM0015,AM,ATL,CLE,Y,0,717,893.8160701204932
DL0086,DL,ATL,CLE,,0,717 M88 ,893.8160701204932
KL0186,KL,ATL,CLE,Y,0,717 CR9,893.8160701204932
UA0045,UA,ATL,CLE,Y,0,ERJ,893.8160701204932
AA0044,AA,ATL,CLT,Y,0,319 320 CR9 321,364.56708046970965
AF0077,AF,ATL,CLT,Y,0,M90 M88 319,364.56708046970965
AS0040,AS,ATL,CLT,Y,0,M88 M90 319,364.56708046970965
AZ0071,AZ,ATL,CLT,Y,0,M88,364.56708046970965
DL0087,DL,ATL,CLT,,0,M90 M88 319,364.56708046970965
KL0187,KL,ATL,CLT,Y,0,M88 M90 319,364.56708046970965
US0033,US,ATL,CLT,,0,319 320 321,364.56708046970965
VS0011,VS,ATL,CLT,Y,0,M88 M90 319,364.56708046970965
AF0078,AF,ATL,CMH,Y,0,73W M88 738,720.4056053118144
AM0016,AM,ATL,CMH,Y,0,M88,720.4056053118144
AZ0072,AZ,ATL,CMH,Y,0,M88 738 73W,720.4056053118144
DL0088,DL,ATL,CMH,,0,73W M88 738 319,720.4056053118144
FL0020,FL,ATL,CMH,,0,717,720.4056053118144
KL0188,KL,ATL,CMH,Y,0,73W M88 738,720.4056053118144
VA0024,VA,ATL,CMH,Y,0,73W M88 738 319,720.4056053118144
WN0030,WN,ATL,CMH,Y,0,717,720.4056053118144
AF0079,AF,ATL,COS,Y,0,738,1902.5379334175639
DL0089,DL,ATL,COS,,0,738,1902.5379334175639
KL0189,KL,ATL,COS,Y,0,738,1902.5379334175639
9E0005,9E,ATL,CVG,,0,CR9 ,602.1802541981559
AF0083,AF,ATL,CVG,Y,0,738 M88 319,602.1802541981559
AM0018,AM,ATL,CVG,Y,0,738 M88 319,602.1802541981559
AZ0074,AZ,ATL,CVG,Y,0,M88 738,602.1802541981559
DL0093,DL,ATL,CVG,,0,M88 738 320  319,602.1802541981559
KL0193,KL,ATL,CVG,Y,0,M88 738,602.1802541981559
VS0013,VS,ATL,CVG,Y,0,M88 738,602.1802541981559
AF0086,AF,ATL,DAL,Y,0,CRJ,1157.6774391914223
DL0096,DL,ATL,DAL,Y,0,CRJ,1157.6774391914223
KL0196,KL,ATL,DAL,Y,0,CRJ,1157.6774391914223
VS0014,VS,ATL,DAL,Y,0,CRJ,1157.6774391914223
AF0088,AF,ATL,DCA,Y,0,M88 M90 320,880.0933329876362
AM0020,AM,ATL,DCA,Y,0,M90 M88,880.0933329876362
AZ0076,AZ,ATL,DCA,Y,0,M90 757,880.0933329876362
DL0098,DL,ATL,DCA,,0,M90 M88 757 320 738 ,880.0933329876362
FL0023,FL,ATL,DCA,,0,717,880.0933329876362
KL0198,KL,ATL,DCA,Y,0,M90 320,880.0933329876362
WN0033,WN,ATL,DCA,,0,73W,880.0933329876362
AC0006,AC,ATL,DEN,Y,0,CR7,1926.6364333901013
AF0089,AF,ATL,DEN,Y,0,M90 757 738,1926.6364333901013
AM0021,AM,ATL,DEN,Y,0,M90 738 757,1926.6364333901013
AZ0077,AZ,ATL,DEN,Y,0,M90,1926.6364333901013
DL0099,DL,ATL,DEN,,0,M90 738 757,1926.6364333901013
F90004,F9,ATL,DEN,,0,319,1926.6364333901013
FL0024,FL,ATL,DEN,,0,73G,1926.6364333901013
KL0199,KL,ATL,DEN,Y,0,757 M90,1926.6364333901013
UA0046,UA,ATL,DEN,Y,0,CR7,1926.6364333901013
VS0015,VS,ATL,DEN,Y,0,757 M90,1926.6364333901013
WN0034,WN,ATL,DEN,,0,73W,1926.6364333901013
AA0045,AA,ATL,DFW,,0,M80 319 M83,1174.5318236036762
AF0090,AF,ATL,DFW,Y,0,M88 319,1174.5318236036762
AZ0078,AZ,ATL,DFW,Y,0,M88,1174.5318236036762
BA0029,BA,ATL,DFW,,0,,1174.5318236036762
CI0006,CI,ATL,DFW,,0,74Y,1174.5318236036762
DL0100,DL,ATL,DFW,,0,M88 319 738,1174.5318236036762
KL0200,KL,ATL,DFW,Y,0,M88,1174.5318236036762
NK0009,NK,ATL,DFW,,0,320,1174.5318236036762
QF0030,QF,ATL,DFW,Y,0,M80 319 M83,1174.5318236036762
US0034,US,ATL,DFW,Y,0,M80 319 M83,1174.5318236036762
VS0016,VS,ATL,DFW,Y,0,M88 738,1174.5318236036762
AF0092,AF,ATL,DSM,Y,0,M88,1195.3934954886233
DL0102,DL,ATL,DSM,,0,M88,1195.3934954886233
KL0202,KL,ATL,DSM,Y,0,M88,1195.3934954886233
AF0093,AF,ATL,DTW,Y,0,M88 M90 757,958.345959830547
AM0022,AM,ATL,DTW,Y,0,M88 M90 757,958.345959830547
AZ0079,AZ,ATL,DTW,Y,0,M90,958.345959830547
DL0103,DL,ATL,DTW,,0,320 M88 73H M90 757 739,958.345959830547
FL0025,FL,ATL,DTW,,0,717 73G,958.345959830547
KL0203,KL,ATL,DTW,Y,0,320 73H M90 757,958.345959830547
VS0017,VS,ATL,DTW,Y,0,M90 757,958.345959830547
WN0035,WN,ATL,DTW,Y,0,717 73G,958.345959830547
AF0097,AF,ATL,ELP,Y,0,M88,2059.272634858218
AZ0080,AZ,ATL,ELP,Y,0,M88,2059.272634858218
DL0108,DL,ATL,ELP,,0,M88,2059.272634858218
KL0207,KL,ATL,ELP,Y,0,M88,2059.272634858218
AF0100,AF,ATL,EWR,Y,0,717,1198.9828342501
AM0023,AM,ATL,EWR,Y,0,717,1198.9828342501
AZ0081,AZ,ATL,EWR,Y,0,717,1198.9828342501
DL0111,DL,ATL,EWR,,0,717 319,1198.9828342501
KL0210,KL,ATL,EWR,Y,0,717,1198.9828342501
UA0047,UA,ATL,EWR,Y,0,ERJ,1198.9828342501
VS0018,VS,ATL,EWR,Y,0,717 319,1198.9828342501
AF0104,AF,ATL,FLL,Y,0,757 M90,936.4413609033428
AZ0083,AZ,ATL,FLL,Y,0,757,936.4413609033428
DL0117,DL,ATL,FLL,,0,757 M90 739,936.4413609033428
FL0026,FL,ATL,FLL,,0,717,936.4413609033428
KL0214,KL,ATL,FLL,Y,0,757 739,936.4413609033428
NK0010,NK,ATL,FLL,,0,320 319,936.4413609033428
VS0019,VS,ATL,FLL,Y,0,M90 757,936.4413609033428
WN0036,WN,ATL,FLL,,0, 73W 733 73C,936.4413609033428
AF0114,AF,ATL,GRR,Y,0,M88 320,1032.3035194886615
DL0132,DL,ATL,GRR,,0,717 M88 320 319,1032.3035194886615
KL0224,KL,ATL,GRR,Y,0,320 M88,1032.3035194886615
9E0008,9E,ATL,GSO,,0,CR9,492.70313412677694
AF0115,AF,ATL,GSO,Y,0,M88 320 319,492.70313412677694
AS0041,AS,ATL,GSO,Y,0,M88 CR9 73H 320 738 CR7 319,492.70313412677694
AZ0087,AZ,ATL,GSO,Y,0,73H M88 320 738,492.70313412677694
DL0134,DL,ATL,GSO,,0,M88 73H 320 738  319,492.70313412677694
KL0225,KL,ATL,GSO,Y,0,M88 320 319,492.70313412677694
DL0138,DL,ATL,HNL,,0,333,7234.174411661976
AZ0088,AZ,ATL,HOU,Y,0,M88,1118.0028040015557
DL0139,DL,ATL,HOU,,0,M88 ,1118.0028040015557
FL0027,FL,ATL,HOU,,0,717,1118.0028040015557
KL0228,KL,ATL,HOU,Y,0,M88,1118.0028040015557
VS0021,VS,ATL,HOU,Y,0,M88,1118.0028040015557
WN0037,WN,ATL,HOU,,0,73C 73W 733,1118.0028040015557
AF0120,AF,ATL,IAD,Y,0,320 M88,859.0311580773126
AM0026,AM,ATL,IAD,Y,0,M88,859.0311580773126
AZ0090,AZ,ATL,IAD,Y,0,M88,859.0311580773126
DL0142,DL,ATL,IAD,,0,M88 320 319 717,859.0311580773126
KL0231,KL,ATL,IAD,Y,0,M88 CR7,859.0311580773126
LH0039,LH,ATL,IAD,Y,0,CRJ,859.0311580773126
NH0005,NH,ATL,IAD,Y,0,ERJ E70,859.0311580773126
UA0049,UA,ATL,IAD,Y,0,ERJ CRJ E70,859.0311580773126
VS0022,VS,ATL,IAD,Y,0,M88 320 319 CR7,859.0311580773126
AF0121,AF,ATL,IAH,Y,0,M88 717 320 319,1107.5625525131195
AZ0091,AZ,ATL,IAH,Y,0,320 M88,1107.5625525131195
CA0012,CA,ATL,IAH,Y,0,CRJ,1107.5625525131195
DL0143,DL,ATL,IAH,,0,M88 717 320 319,1107.5625525131195
KL0232,KL,ATL,IAH,Y,0,717 320 M88,1107.5625525131195
QR0007,QR,ATL,IAH,,0,,1107.5625525131195
UA0050,UA,ATL,IAH,Y,0,ERJ CR7 CRJ E70,1107.5625525131195
VA0027,VA,ATL,IAH,Y,0,M88 717 320 319,1107.5625525131195
VS0023,VS,ATL,IAH,Y,0,717 320 M88,1107.5625525131195
AF0124,AF,ATL,IND,Y,0,320 M88 M90,696.265301572822
AM0027,AM,ATL,IND,Y,0,M88 M90,696.265301572822
AZ0094,AZ,ATL,IND,Y,0,320,696.265301572822
DL0147,DL,ATL,IND,,0,M88 320 M90  319,696.265301572822
FL0028,FL,ATL,IND,,0,717,696.265301572822
KL0235,KL,ATL,IND,Y,0,M88 M90,696.265301572822
VA0028,VA,ATL,IND,Y,0,M88 320 M90 319,696.265301572822
VS0024,VS,ATL,IND,Y,0,M88 M90,696.265301572822
WN0038,WN,ATL,IND,Y,0,717,696.265301572822
AF0126,AF,ATL,JAX,Y,0,757,434.59769028102426
AM0028,AM,ATL,JAX,Y,0,757,434.59769028102426
AS0044,AS,ATL,JAX,Y,0,757 739 M90,434.59769028102426
AZ0096,AZ,ATL,JAX,Y,0,757,434.59769028102426
DL0149,DL,ATL,JAX,,0,757 739 M90 738,434.59769028102426
FL0029,FL,ATL,JAX,,0,717,434.59769028102426
KL0237,KL,ATL,JAX,Y,0,757,434.59769028102426
VS0025,VS,ATL,JAX,Y,0,757,434.59769028102426
WN0039,WN,ATL,JAX,,0,73C,434.59769028102426
AF0127,AF,ATL,JFK,Y,0,319 752 M88 738,1222.0418070428022
AM0029,AM,ATL,JFK,Y,0,738 319 73H,1222.0418070428022
AZ0097,AZ,ATL,JFK,Y,0,319,1222.0418070428022
DL0150,DL,ATL,JFK,,0,319 752 738 M88 73H ,1222.0418070428022
KE0006,KE,ATL,JFK,,0,74N,1222.0418070428022
KL0238,KL,ATL,JFK,Y,0,319 752 738 M88 73H,1222.0418070428022
OZ0004,OZ,ATL,JFK,,0,,1222.0418070428022
SU0023,SU,ATL,JFK,Y,0,319 752 738 M88 73H,1222.0418070428022
VS0026,VS,ATL,JFK,Y,0,319 752 738 M88 73H,1222.0418070428022
WS0002,WS,ATL,JFK,Y,0,738,1222.0418070428022
AF0128,AF,ATL,LAS,Y,0,757 753,2804.7892050093255
AZ0098,AZ,ATL,LAS,Y,0,753 757,2804.7892050093255
DL0154,DL,ATL,LAS,,0,73H 739 757 753 738,2804.7892050093255
FL0030,FL,ATL,LAS,,0,73G,2804.7892050093255
KL0239,KL,ATL,LAS,Y,0,757 753,2804.7892050093255
VS0027,VS,ATL,LAS,Y,0,757 753 738,2804.7892050093255
WN0040,WN,ATL,LAS,,0,73W,2804.7892050093255
AF0129,AF,ATL,LAX,Y,0,76W 763 757 739,3125.776518473332
AS0045,AS,ATL,LAX,Y,0,757 76W 763 739,3125.776518473332
AZ0099,AZ,ATL,LAX,Y,0,763,3125.776518473332
CI0007,CI,ATL,LAX,Y,0,763,3125.776518473332
DL0155,DL,ATL,LAX,,0,757 76W 763 739,3125.776518473332
FL0031,FL,ATL,LAX,,0,73G,3125.776518473332
KL0240,KL,ATL,LAX,Y,0,763 757 739,3125.776518473332
VA0029,VA,ATL,LAX,Y,0,757 76W 763 739,3125.776518473332
VS0028,VS,ATL,LAX,Y,0,763 757 739,3125.776518473332
WN0041,WN,ATL,LAX,,0,73W,3125.776518473332
AF0132,AF,ATL,LGA,Y,0,757 739,1224.8675522038163
AM0030,AM,ATL,LGA,Y,0,757 M88 739 73H 320 73W,1224.8675522038163
DL0158,DL,ATL,LGA,,0,320 757 M88 738 739 73H 73W,1224.8675522038163
FL0032,FL,ATL,LGA,,0,717,1224.8675522038163
KL0243,KL,ATL,LGA,Y,0,738 M88 757,1224.8675522038163
UA0051,UA,ATL,LGA,,0,738,1224.8675522038163
WN0042,WN,ATL,LGA,,0,73W ,1224.8675522038163
WS0003,WS,ATL,LGA,Y,0,320 757 M88 738 739 73H 73W,1224.8675522038163
AF0137,AF,ATL,MCI,Y,0,M88 M90 757,1113.6115646058818
AM0032,AM,ATL,MCI,Y,0,M88 M90 757,1113.6115646058818
AZ0101,AZ,ATL,MCI,Y,0,M88 M90,1113.6115646058818
DL0168,DL,ATL,MCI,,0,M88 M90 757,1113.6115646058818
FL0034,FL,ATL,MCI,,0,717,1113.6115646058818
KL0248,KL,ATL,MCI,Y,0,M90 757,1113.6115646058818
VS0031,VS,ATL,MCI,Y,0,M90 757,1113.6115646058818
WN0044,WN,ATL,MCI,,0,733 73W,1113.6115646058818
AF0138,AF,ATL,MCO,Y,0,757,650.7363446314486
AM0033,AM,ATL,MCO,Y,0,757,650.7363446314486
AZ0102,AZ,ATL,MCO,Y,0,757,650.7363446314486
DL0169,DL,ATL,MCO,,0,757 763 739 753,650.7363446314486
FL0035,FL,ATL,MCO,,0,717 73G,650.7363446314486
KL0249,KL,ATL,MCO,Y,0,757 739,650.7363446314486
VS0032,VS,ATL,MCO,Y,0,757 763 739,650.7363446314486
WN0045,WN,ATL,MCO,,0,73W 733 73C,650.7363446314486
AF0140,AF,ATL,MDW,Y,0,319 717 320,951.9605263942909
DL0171,DL,ATL,MDW,,0,320 717 319,951.9605263942909
FL0036,FL,ATL,MDW,,0,73G 717,951.9605263942909
KL0251,KL,ATL,MDW,Y,0,320 717 319,951.9605263942909
WN0046,WN,ATL,MDW,,0,73W,951.9605263942909
AF0141,AF,ATL,MEM,Y,0,M88,532.8038484076335
AM0034,AM,ATL,MEM,Y,0,320 M88,532.8038484076335
AS0046,AS,ATL,MEM,Y,0,M88 320 319,532.8038484076335
AZ0103,AZ,ATL,MEM,Y,0,M88,532.8038484076335
DL0172,DL,ATL,MEM,,0,M88 320 319,532.8038484076335
KL0252,KL,ATL,MEM,Y,0,M88,532.8038484076335
VS0033,VS,ATL,MEM,Y,0,M88,532.8038484076335
AA0047,AA,ATL,MIA,,0,738,958.8123270543737
AF0145,AF,ATL,MIA,Y,0,M90 757 320,958.8123270543737
AM0036,AM,ATL,MIA,Y,0,M90,958.8123270543737
AS0047,AS,ATL,MIA,Y,0,757 320 73H,958.8123270543737
AZ0105,AZ,ATL,MIA,Y,0,M88 757 M90 73H,958.8123270543737
BA0031,BA,ATL,MIA,Y,0,738 ERD,958.8123270543737
DL0177,DL,ATL,MIA,,0,M88 M90 757 320 73H ,958.8123270543737
IB0071,IB,ATL,MIA,Y,0,738,958.8123270543737
KL0256,KL,ATL,MIA,Y,0,757 320,958.8123270543737
US0035,US,ATL,MIA,Y,0,738 ERD ER4,958.8123270543737
VA0031,VA,ATL,MIA,Y,0,M88 M90 757 320 73H,958.8123270543737
VS0035,VS,ATL,MIA,Y,0,757 320,958.8123270543737
AF0146,AF,ATL,MKE,Y,0,M90 M88,1078.353373117171
AZ0106,AZ,ATL,MKE,Y,0,M90,1078.353373117171
DL0178,DL,ATL,MKE,,0,M90 M88,1078.353373117171
FL0037,FL,ATL,MKE,,0,717 73G,1078.353373117171
KL0257,KL,ATL,MKE,Y,0,M90 M88,1078.353373117171
WN0047,WN,ATL,MKE,Y,0,717 73G,1078.353373117171
9E0013,9E,ATL,MSP,,0,,1459.5387110699476
AF0152,AF,ATL,MSP,Y,0,320 M90 757,1459.5387110699476
AM0037,AM,ATL,MSP,Y,0,320 757 M90 739,1459.5387110699476
AZ0107,AZ,ATL,MSP,Y,0,M90,1459.5387110699476
DL0184,DL,ATL,MSP,,0,757 320 M90 73H 739 738,1459.5387110699476
FL0038,FL,ATL,MSP,,0,717,1459.5387110699476
KL0263,KL,ATL,MSP,Y,0,757 M90,1459.5387110699476
WN0048,WN,ATL,MSP,Y,0,717,1459.5387110699476
AF0153,AF,ATL,MSY,Y,0,M90 M88 757,684.079226156705
AM0038,AM,ATL,MSY,Y,0,757,684.079226156705
AS0048,AS,ATL,MSY,Y,0,757 M88 M90,684.079226156705
AZ0108,AZ,ATL,MSY,Y,0,757,684.079226156705
DL0185,DL,ATL,MSY,,0,757 M90 M88,684.079226156705
FL0039,FL,ATL,MSY,,0,717,684.079226156705
KL0264,KL,ATL,MSY,Y,0,M88 757,684.079226156705
VS0036,VS,ATL,MSY,Y,0,M88 M90 757,684.079226156705
WN0049,WN,ATL,MSY,,0,73W,684.079226156705
AF0156,AF,ATL,MYR,Y,0,CR7 M88,508.99138670032664
AZ0110,AZ,ATL,MYR,Y,0,CR9 717 319,508.99138670032664
DL0188,DL,ATL,MYR,,0,717 M88 319,508.99138670032664
KL0267,KL,ATL,MYR,Y,0,M88,508.99138670032664
AF0159,AF,ATL,OKC,Y,0,CR9 M88,1221.4268732043552
AZ0111,AZ,ATL,OKC,Y,0,M88,1221.4268732043552
DL0192,DL,ATL,OKC,,0,M88 ,1221.4268732043552
FL0041,FL,ATL,OKC,,0,717,1221.4268732043552
KL0269,KL,ATL,OKC,Y,0,M88,1221.4268732043552
VS0038,VS,ATL,OKC,Y,0,M88,1221.4268732043552
WN0051,WN,ATL,OKC,Y,0,717,1221.4268732043552
AF0160,AF,ATL,OMA,Y,0,M88 M90,1321.0472363918211
AZ0112,AZ,ATL,OMA,Y,0,M88 M90,1321.0472363918211
DL0193,DL,ATL,OMA,,0,M88 M90,1321.0472363918211
KL0270,KL,ATL,OMA,Y,0,CR7 M88,1321.0472363918211
AA0048,AA,ATL,ORD,Y,0,CR7 E75,976.3278291656198
AF0161,AF,ATL,ORD,Y,0,757 319 320 M88 M90,976.3278291656198
AZ0113,AZ,ATL,ORD,Y,0,757 717 M88,976.3278291656198
BA0032,BA,ATL,ORD,Y,0,E75 CR7,976.3278291656198
CX0005,CX,ATL,ORD,Y,0,E75,976.3278291656198
DL0194,DL,ATL,ORD,,0,757 319 320 717 M88 M90,976.3278291656198
EI0015,EI,ATL,ORD,Y,0,CR7 ERJ E70,976.3278291656198
EY0010,EY,ATL,ORD,Y,0,E75 CR7,976.3278291656198
IB0072,IB,ATL,ORD,Y,0,E75,976.3278291656198
KL0271,KL,ATL,ORD,Y,0,757 319 320 M90 M88,976.3278291656198
LH0040,LH,ATL,ORD,Y,0,CR7,976.3278291656198
MH0009,MH,ATL,ORD,Y,0,E75 CR7,976.3278291656198
NH0006,NH,ATL,ORD,Y,0,CR7,976.3278291656198
OZ0005,OZ,ATL,ORD,Y,0,CR7,976.3278291656198
QF0031,QF,ATL,ORD,Y,0,E75 CR7,976.3278291656198
QR0008,QR,ATL,ORD,Y,0,CR7,976.3278291656198
UA0052,UA,ATL,ORD,Y,0,CR7 ERJ E70,976.3278291656198
US0036,US,ATL,ORD,Y,0,CR7 E75,976.3278291656198
VS0039,VS,ATL,ORD,Y,0,757 319 320 M90 M88 717,976.3278291656198
AF0162,AF,ATL,ORF,Y,0,M88 M90,829.7562609010348
AS0049,AS,ATL,ORF,Y,0,M90 M88 319,829.7562609010348
AZ0114,AZ,ATL,ORF,Y,0,M88 M90,829.7562609010348
DL0195,DL,ATL,ORF,,0,M90 M88 319,829.7562609010348
FL0042,FL,ATL,ORF,,0,717,829.7562609010348
KL0272,KL,ATL,ORF,Y,0,M90 M88,829.7562609010348
WN0052,WN,ATL,ORF,Y,0,717,829.7562609010348
AF0163,AF,ATL,PBI,Y,0,M90 757,877.9982483981535
AS0050,AS,ATL,PBI,Y,0,757 M88 M90,877.9982483981535
AZ0115,AZ,ATL,PBI,Y,0,757,877.9982483981535
DL0197,DL,ATL,PBI,,0,M90 757 M88,877.9982483981535
FL0043,FL,ATL,PBI,Y,0,733 73W,877.9982483981535
KL0273,KL,ATL,PBI,Y,0,757,877.9982483981535
VS0040,VS,ATL,PBI,Y,0,757,877.9982483981535
WN0053,WN,ATL,PBI,,0,733 73W,877.9982483981535
AF0164,AF,ATL,PDX,Y,0,73H 738,3489.161265042944
AS0051,AS,ATL,PDX,,0,73J 73H,3489.161265042944
AZ0116,AZ,ATL,PDX,Y,0,73H 738,3489.161265042944
DL0198,DL,ATL,PDX,,0,739 73H 738,3489.161265042944
KL0274,KL,ATL,PDX,Y,0,73H 738,3489.161265042944
AA0049,AA,ATL,PHL,Y,0,E75 E90 319 CRJ E70,1071.593010340624
AF0166,AF,ATL,PHL,Y,0,320 M90 757 73H M88,1071.593010340624
AM0040,AM,ATL,PHL,Y,0,757 M88 M90 73H,1071.593010340624
AZ0117,AZ,ATL,PHL,Y,0,M88 757,1071.593010340624
DL0200,DL,ATL,PHL,,0,757 320 M88 M90 73H,1071.593010340624
FL0044,FL,ATL,PHL,,0,717,1071.593010340624
KL0276,KL,ATL,PHL,Y,0,M90 757 M88,1071.593010340624
US0037,US,ATL,PHL,,0,E90 319,1071.593010340624
WN0054,WN,ATL,PHL,,0,733 73W,1071.593010340624
AA0050,AA,ATL,PHX,Y,0,320 321,2548.505435904767
AF0167,AF,ATL,PHX,Y,0,757 73H 739 738,2548.505435904767
AZ0118,AZ,ATL,PHX,Y,0,757 738,2548.505435904767
DL0201,DL,ATL,PHX,,0,757 73H 739 738,2548.505435904767
FL0045,FL,ATL,PHX,Y,0,73W,2548.505435904767
KL0277,KL,ATL,PHX,Y,0,73H 757 738,2548.505435904767
US0038,US,ATL,PHX,,0,320 321,2548.505435904767
VS0041,VS,ATL,PHX,Y,0,73H 757 739 738,2548.505435904767
WN0055,WN,ATL,PHX,,0,73W,2548.505435904767
AF0169,AF,ATL,PIT,Y,0,M88 CR9,847.9783494589549
AM0041,AM,ATL,PIT,Y,0,M88 CR9,847.9783494589549
AZ0119,AZ,ATL,PIT,Y,0,CR9 M88,847.9783494589549
DL0203,DL,ATL,PIT,,0,M88 320,847.9783494589549
FL0046,FL,ATL,PIT,,0,717 73G,847.9783494589549
KL0279,KL,ATL,PIT,Y,0,CR9 M88,847.9783494589549
WN0056,WN,ATL,PIT,Y,0,717 73G,847.9783494589549
AF0170,AF,ATL,PNS,Y,0,M90,437.40178927091574
AS0052,AS,ATL,PNS,Y,0,M90 717,437.40178927091574
DL0205,DL,ATL,PNS,,0,M90 717,437.40178927091574
KL0280,KL,ATL,PNS,Y,0,M90,437.40178927091574
VS0042,VS,ATL,PNS,Y,0,M90,437.40178927091574
AF0172,AF,ATL,PVD,Y,0,M88,1452.589468140751
DL0208,DL,ATL,PVD,,0,M88,1452.589468140751
KL0281,KL,ATL,PVD,Y,0,M88,1452.589468140751
AF0173,AF,ATL,PWM,Y,0,M88,1651.7463056175027
DL0210,DL,ATL,PWM,,0,M88,1651.7463056175027
KL0282,KL,ATL,PWM,Y,0,M88,1651.7463056175027
AF0174,AF,ATL,RDU,Y,0,M88 739 320,572.3128703272575
AM0043,AM,ATL,RDU,Y,0,M88 738 M90 739 320,572.3128703272575
AS0053,AS,ATL,RDU,Y,0,M90 M88 739 320 738,572.3128703272575
AZ0121,AZ,ATL,RDU,Y,0,M88 320 739,572.3128703272575
DL0211,DL,ATL,RDU,,0,M88 M90 739 320 738 752,572.3128703272575
FL0048,FL,ATL,RDU,,0,717,572.3128703272575
KL0283,KL,ATL,RDU,Y,0,M88 739 320,572.3128703272575
VS0043,VS,ATL,RDU,Y,0,M88 739 320 738 M90,572.3128703272575
WN0058,WN,ATL,RDU,Y,0,717,572.3128703272575
AF0175,AF,ATL,RIC,Y,0,73H M90 M88,773.1799505108605
AM0044,AM,ATL,RIC,Y,0,73H M90 M88,773.1799505108605
AZ0122,AZ,ATL,RIC,Y,0,M88,773.1799505108605
DL0212,DL,ATL,RIC,,0,M88 M90 73H,773.1799505108605
FL0049,FL,ATL,RIC,,0,717,773.1799505108605
KL0284,KL,ATL,RIC,Y,0,M88 M90,773.1799505108605
WN0059,WN,ATL,RIC,Y,0,717,773.1799505108605
AF0177,AF,ATL,ROC,Y,0,M90 M88,1206.6707264197798
AZ0123,AZ,ATL,ROC,Y,0,M90,1206.6707264197798
DL0214,DL,ATL,ROC,,0,M88 M90,1206.6707264197798
KL0286,KL,ATL,ROC,Y,0,M90,1206.6707264197798
AF0178,AF,ATL,RSW,Y,0,M90 M88 757,830.49417527405
AS0054,AS,ATL,RSW,Y,0,757 M88 M90,830.49417527405
AZ0124,AZ,ATL,RSW,Y,0,757,830.49417527405
DL0215,DL,ATL,RSW,,0,M90 757 M88,830.49417527405
FL0050,FL,ATL,RSW,,0,717,830.49417527405
KL0287,KL,ATL,RSW,Y,0,M88 757,830.49417527405
VS0044,VS,ATL,RSW,Y,0,757 M88,830.49417527405
WN0060,WN,ATL,RSW,,0,73C,830.49417527405
AF0179,AF,ATL,SAN,Y,0,739 763,3037.6831807087847
AS0055,AS,ATL,SAN,Y,0,739 763,3037.6831807087847
AZ0125,AZ,ATL,SAN,Y,0,763,3037.6831807087847
DL0218,DL,ATL,SAN,,0,739 763,3037.6831807087847
FL0051,FL,ATL,SAN,Y,0,73W,3037.6831807087847
KL0288,KL,ATL,SAN,Y,0,763 739,3037.6831807087847
VS0045,VS,ATL,SAN,Y,0,763 739,3037.6831807087847
WN0061,WN,ATL,SAN,,0,73W,3037.6831807087847
AF0180,AF,ATL,SAT,Y,0,757 M90 320,1404.698401984606
AZ0126,AZ,ATL,SAT,Y,0,M90 757,1404.698401984606
DL0220,DL,ATL,SAT,,0,757 M90 320,1404.698401984606
FL0052,FL,ATL,SAT,,0,73G,1404.698401984606
KL0289,KL,ATL,SAT,Y,0,M90 757,1404.698401984606
VS0046,VS,ATL,SAT,Y,0,M90 757,1404.698401984606
WN0062,WN,ATL,SAT,,0,73W,1404.698401984606
AF0181,AF,ATL,SAV,Y,0,717 M88 319,345.0301713372742
AS0056,AS,ATL,SAV,Y,0,M88 717 319,345.0301713372742
AZ0127,AZ,ATL,SAV,Y,0,717 M88,345.0301713372742
DL0221,DL,ATL,SAV,,0,M88 717 319,345.0301713372742
KL0290,KL,ATL,SAV,Y,0,M88 717 319,345.0301713372742
VS0047,VS,ATL,SAV,Y,0,M88 717 319,345.0301713372742
AF0183,AF,ATL,SDF,Y,0,M88 M90,517.6894579335466
DL0224,DL,ATL,SDF,,0,M88 M90,517.6894579335466
FL0053,FL,ATL,SDF,,0,717,517.6894579335466
KL0292,KL,ATL,SDF,Y,0,M88 M90,517.6894579335466
VS0048,VS,ATL,SDF,Y,0,M88 M90,517.6894579335466
WN0063,WN,ATL,SDF,,0,73W,517.6894579335466
AF0184,AF,ATL,SEA,Y,0,757 763 739,3505.0463885213003
AM0045,AM,ATL,SEA,Y,0,739 763 757 738,3505.0463885213003
AS0057,AS,ATL,SEA,,0,73J,3505.0463885213003
AZ0128,AZ,ATL,SEA,Y,0,739 757 738,3505.0463885213003
DL0226,DL,ATL,SEA,,0,76W 763 739 757 738,3505.0463885213003
KL0293,KL,ATL,SEA,Y,0,76W 757 763,3505.0463885213003
AF0185,AF,ATL,SFO,Y,0,763 739 757,3434.6956769682733
CI0008,CI,ATL,SFO,Y,0,739 757,3434.6956769682733
DL0227,DL,ATL,SFO,,0,739 757 763,3434.6956769682733
FL0054,FL,ATL,SFO,,0,73G,3434.6956769682733
KL0294,KL,ATL,SFO,Y,0,739 763 757,3434.6956769682733
NZ0044,NZ,ATL,SFO,Y,0,738,3434.6956769682733
UA0053,UA,ATL,SFO,,0,738,3434.6956769682733
VS0049,VS,ATL,SFO,Y,0,763 739 757,3434.6956769682733
WN0064,WN,ATL,SFO,,0,73W,3434.6956769682733
DL0230,DL,ATL,SJC,,0,738,3397.659742151302
KL0297,KL,ATL,SJC,Y,0,738,3397.659742151302
VS0050,VS,ATL,SJC,Y,0,738,3397.659742151302
AF0190,AF,ATL,SLC,Y,0,757 763 320,2553.7677557952343
AM0047,AM,ATL,SLC,Y,0,757,2553.7677557952343
AS0058,AS,ATL,SLC,Y,0,763 757,2553.7677557952343
AZ0130,AZ,ATL,SLC,Y,0,763 757,2553.7677557952343
DL0234,DL,ATL,SLC,,0,763 757 320,2553.7677557952343
KL0300,KL,ATL,SLC,Y,0,763 757,2553.7677557952343
AF0191,AF,ATL,SMF,Y,0,757,3359.7447588328964
DL0235,DL,ATL,SMF,,0,757,3359.7447588328964
KL0301,KL,ATL,SMF,Y,0,757,3359.7447588328964
VS0052,VS,ATL,SMF,Y,0,757,3359.7447588328964
AF0192,AF,ATL,SNA,Y,0,757,3081.4031538221016
AZ0131,AZ,ATL,SNA,Y,0,757,3081.4031538221016
DL0236,DL,ATL,SNA,,0,757,3081.4031538221016
KL0302,KL,ATL,SNA,Y,0,757,3081.4031538221016
AF0193,AF,ATL,SRQ,Y,0,M90 757,716.8733996509546
AZ0132,AZ,ATL,SRQ,Y,0,M90 757,716.8733996509546
DL0237,DL,ATL,SRQ,,0,M90 757,716.8733996509546
KL0303,KL,ATL,SRQ,Y,0,757,716.8733996509546
VS0053,VS,ATL,SRQ,Y,0,M90 757,716.8733996509546
AF0194,AF,ATL,STL,Y,0,M90 717 757 319 M88,779.0051856208638
AM0048,AM,ATL,STL,Y,0,M90 717 319 M88,779.0051856208638
AZ0133,AZ,ATL,STL,Y,0,M90,779.0051856208638
DL0238,DL,ATL,STL,,0,M90 717 757 319 M88,779.0051856208638
FL0056,FL,ATL,STL,,0,717,779.0051856208638
KL0304,KL,ATL,STL,Y,0,M90 757,779.0051856208638
VS0054,VS,ATL,STL,Y,0,717 M90 757 M88,779.0051856208638
WN0066,WN,ATL,STL,,0,73W 733,779.0051856208638
9E0015,9E,ATL,SYR,,0,CR9,1277.6344706811456
AF0196,AF,ATL,SYR,Y,0,CR9 M88,1277.6344706811456
DL0242,DL,ATL,SYR,,0,M88,1277.6344706811456
KL0307,KL,ATL,SYR,Y,0,M88,1277.6344706811456
AF0198,AF,ATL,TPA,Y,0,739 757,654.9517713227842
AZ0134,AZ,ATL,TPA,Y,0,757 739,654.9517713227842
DL0245,DL,ATL,TPA,,0,757 739 M90 738,654.9517713227842
FL0057,FL,ATL,TPA,,0,717,654.9517713227842
KL0309,KL,ATL,TPA,Y,0,757 739,654.9517713227842
VS0055,VS,ATL,TPA,Y,0,757 739 M90,654.9517713227842
WN0067,WN,ATL,TPA,,0,73W  733 73C,654.9517713227842
AF0200,AF,ATL,TUL,Y,0,CR9 CR7 M88,1082.067827790564
DL0247,DL,ATL,TUL,,0,M88,1082.067827790564
KL0311,KL,ATL,TUL,Y,0,CR7 M88 CR9,1082.067827790564
VS0056,VS,ATL,TUL,Y,0,CR7 M88 CR9,1082.067827790564
AF0201,AF,ATL,TUS,Y,0,M90,2474.708122392808
AZ0135,AZ,ATL,TUS,Y,0,M90,2474.708122392808
DL0248,DL,ATL,TUS,,0,M90,2474.708122392808
KL0312,KL,ATL,TUS,Y,0,M90,2474.708122392808
VS0057,VS,ATL,TUS,Y,0,M90,2474.708122392808
9E0016,9E,ATL,TYS,,0,CRJ CR9,245.00371183860847
AF0202,AF,ATL,TYS,Y,0,CRJ CR7 717 CR9,245.00371183860847
AS0059,AS,ATL,TYS,Y,0,717 CR7 CRJ CR9,245.00371183860847
AZ0136,AZ,ATL,TYS,Y,0,CRJ,245.00371183860847
DL0249,DL,ATL,TYS,,0,717,245.00371183860847
KL0313,KL,ATL,TYS,Y,0,CR7 CRJ 717 CR9,245.00371183860847
AF0212,AF,AUS,ATL,Y,0,M90 M88,1305.1634114567275
AZ0163,AZ,AUS,ATL,Y,0,M90 M88,1305.1634114567275
DL0266,DL,AUS,ATL,,0,M90 M88,1305.1634114567275
FL0061,FL,AUS,ATL,,0,73G,1305.1634114567275
KL0323,KL,AUS,ATL,Y,0,M90 M88,1305.1634114567275
VS0058,VS,AUS,ATL,Y,0,M90 M88,1305.1634114567275
WN0069,WN,AUS,ATL,,0,73W,1305.1634114567275
WN0070,WN,AUS,BNA,,0,73W,1215.1642489290477
B60004,B6,AUS,BOS,,0,E90,2728.591232872536
WN0071,WN,AUS,BWI,,0,73W,2156.219016928415
UA0060,UA,AUS,CLE,Y,0,CR7,1888.6929648389525
AA0063,AA,AUS,CLT,Y,0,CR9,1658.2025124077513
US0042,US,AUS,CLT,Y,0,CR9,1658.2025124077513
WN0072,WN,AUS,DAL,,0,735 73W 733 73C,304.30893895281514
WN0073,WN,AUS,DCA,,0,73W,2113.546299197951
F90007,F9,AUS,DEN,,0,319,1248.7717662505524
FL0063,FL,AUS,DEN,Y,0,73W,1248.7717662505524
UA0062,UA,AUS,DEN,,0,320 738 739,1248.7717662505524
WN0074,WN,AUS,DEN,,0,73W 733 73C,1248.7717662505524
AA0064,AA,AUS,DFW,,0,M80 738 M83,305.91188020343327
US0043,US,AUS,DFW,,0,M80 738 M83,305.91188020343327
DL0267,DL,AUS,DTW,,0,717,1847.8587585210687
FL0064,FL,AUS,ELP,Y,0,73W,849.3516875944708
WN0075,WN,AUS,ELP,,0,73W 735,849.3516875944708
UA0063,UA,AUS,EWR,,0,738 73G,2415.825906874884
WN0076,WN,AUS,EWR,,0,73W,2415.825906874884
B60005,B6,AUS,FLL,,0,E90,1774.9915532508555
WN0077,WN,AUS,FLL,,0,73W,1774.9915532508555
WN0078,WN,AUS,HOU,,0,73W 735 73C,237.9246600216407
UA0064,UA,AUS,IAD,Y,0,CR7 E70,2083.544804452949
UA0065,UA,AUS,IAH,,0,320 319 73G 738 739,224.51485931247524
AA0065,AA,AUS,JFK,,0,738,2444.601835201186
B60006,B6,AUS,JFK,,0,320,2444.601835201186
DL0268,DL,AUS,JFK,,0,319,2444.601835201186
US0044,US,AUS,JFK,,0,738,2444.601835201186
G40008,G4,AUS,LAS,,0,M80 757,1751.7407189781347
WN0080,WN,AUS,LAS,,0,733 73H 73W 73C,1751.7407189781347
AA0066,AA,AUS,LAX,,0,738 M83,1994.9693050806532
AS0060,AS,AUS,LAX,Y,0,738 M83,1994.9693050806532
UA0066,UA,AUS,LAX,Y,0,CR7,1994.9693050806532
US0045,US,AUS,LAX,,0,738 M83,1994.9693050806532
WN0081,WN,AUS,LAX,,0,73C 73W,1994.9693050806532
B60007,B6,AUS,LGB,,0,320,1969.757669884173
B60008,B6,AUS,MCO,,0,E90 320,1596.2712561692256
DL0269,DL,AUS,MCO,Y,0,CR7,1596.2712561692256
FL0066,FL,AUS,MCO,Y,0,73C 73W,1596.2712561692256
WN0083,WN,AUS,MCO,,0,733 73C 73W,1596.2712561692256
FL0067,FL,AUS,MDW,Y,0,73W,1564.4775084607984
WN0084,WN,AUS,MDW,,0,73W,1564.4775084607984
DL0270,DL,AUS,MEM,Y,0,CRJ,898.6626937650444
DL0271,DL,AUS,MSP,,0,319,1678.2061434720122
AA0068,AA,AUS,MSY,,0,,711.8970226627564
WN0085,WN,AUS,MSY,,0,73W 735,711.8970226627564
FL0068,FL,AUS,OAK,Y,0,73W,2405.8333520653696
WN0086,WN,AUS,OAK,,0,73W,2405.8333520653696
AA0069,AA,AUS,ORD,,0,M83 M80,1573.8842146593047
UA0067,UA,AUS,ORD,,0,739 320 752,1573.8842146593047
US0046,US,AUS,ORD,,0,M83 M80,1573.8842146593047
AA0070,AA,AUS,PHL,,0,319 E90,2298.2805339830884
US0047,US,AUS,PHL,,0,319 E90,2298.2805339830884
AA0071,AA,AUS,PHX,,0,319,1400.982539239055
US0048,US,AUS,PHX,,0,319,1400.982539239055
WN0087,WN,AUS,PHX,,0,73W 73C 733,1400.982539239055
WN0088,WN,AUS,SAN,,0,73C 73W,1870.7078532644653
AS0061,AS,AUS,SEA,,0,739 73H,2847.6267462394703
B60009,B6,AUS,SFO,,0,320,2416.5450836253376
UA0068,UA,AUS,SFO,,0,738 319 320 739,2416.5450836253376
VX0001,VX,AUS,SFO,,0,319,2416.5450836253376
FL0069,FL,AUS,SJC,Y,0,73W,2371.9562696279304
WN0089,WN,AUS,SJC,,0,73W 733 73C,2371.9562696279304
DL0272,DL,AUS,SLC,,0,319,1747.0398946774353
FL0070,FL,AUS,SMF,Y,0,73W,2379.81958097378
WN0090,WN,AUS,TPA,,0,73W,1489.5360706920296
AF0217,AF,BDL,ATL,Y,0,M88,1381.9819835346998
AM0051,AM,BDL,ATL,Y,0,73W M88,1381.9819835346998
AZ0171,AZ,BDL,ATL,Y,0,M88,1381.9819835346998
DL0285,DL,BDL,ATL,,0,73W M88 757 320,1381.9819835346998
FL0071,FL,BDL,ATL,,0,717,1381.9819835346998
KL0329,KL,BDL,ATL,Y,0,M88 320 73W,1381.9819835346998
WN0091,WN,BDL,ATL,Y,0,717,1381.9819835346998
FL0072,FL,BDL,BWI,Y,0,733,455.39346120950376
WN0092,WN,BDL,BWI,,0,738 73C 73W 733 73H,455.39346120950376
AA0085,AA,BDL,CLT,,0,320 321 319,1035.3793554716901
US0060,US,BDL,CLT,,0,320 321 319,1035.3793554716901
DL0286,DL,BDL,CVG,Y,0,CRJ,1061.6959574091816
AA0086,AA,BDL,DCA,Y,0,E75 CRJ E70,503.32638961494615
US0061,US,BDL,DCA,,0,CRJ,503.32638961494615
WN0093,WN,BDL,DEN,,0,73W,2682.6237066886565
AA0087,AA,BDL,DFW,,0,738,2362.7924438882806
US0062,US,BDL,DFW,,0,738,2362.7924438882806
DL0287,DL,BDL,DTW,,0,M88 319,880.256320807517
B60012,B6,BDL,FLL,,0,320,1891.6959259231305
WN0094,WN,BDL,FLL,,0,73W,1891.6959259231305
UA0076,UA,BDL,IAD,,0,738 319 320,522.9527475229282
WN0095,WN,BDL,LAS,,0,73W,3687.75240531524
AA0088,AA,BDL,LAX,,0,738,4056.935007188573
AS0062,AS,BDL,LAX,Y,0,738,4056.935007188573
US0063,US,BDL,LAX,,0,738,4056.935007188573
B60013,B6,BDL,MCO,,0,320,1691.9802525253187
DL0288,DL,BDL,MCO,Y,0,CR9,1691.9802525253187
FL0073,FL,BDL,MCO,Y,0,73C,1691.9802525253187
WN0096,WN,BDL,MCO,,0,73W 738 73C,1691.9802525253187
FL0074,FL,BDL,MDW,Y,0,73W,1246.0285994389064
WN0097,WN,BDL,MDW,,0,73W,1246.0285994389064
AA0089,AA,BDL,MIA,,0,738,1925.252104663258
US0064,US,BDL,MIA,,0,738,1925.252104663258
DL0289,DL,BDL,MSP,,0,319,1685.8379293406965
AA0090,AA,BDL,ORD,Y,0,E75 ER4,1256.5899052413283
UA0077,UA,BDL,ORD,,0,738 73G 319,1256.5899052413283
US0065,US,BDL,ORD,,0,ER4 E75,1256.5899052413283
B60014,B6,BDL,PBI,,0,E90,1825.8128935371917
AA0091,AA,BDL,PHL,,0,319 DH3 E90,314.3662361591209
US0066,US,BDL,PHL,,0,319 E90,314.3662361591209
AA0092,AA,BDL,PIT,Y,0,ER4,651.0395793321483
US0067,US,BDL,PIT,Y,0,ERJ,651.0395793321483
DL0290,DL,BDL,RDU,Y,0,CRJ CR9,855.3904517138448
WN0098,WN,BDL,RSW,,0,73W,1902.0225906160745
B60016,B6,BDL,TPA,,0,320,1790.2880405469416
WN0099,WN,BDL,TPA,,0,73C 73W,1790.2880405469416
AF0227,AF,BHM,ATL,Y,0,M88,215.26492353815198
AS0064,AS,BHM,ATL,Y,0,M88 320,215.26492353815198
AZ0180,AZ,BHM,ATL,Y,0,M88,215.26492353815198
DL0294,DL,BHM,ATL,,0,M88 320,215.26492353815198
KL0332,KL,BHM,ATL,Y,0,M88,215.26492353815198
VS0061,VS,BHM,ATL,Y,0,M88,215.26492353815198
FL0075,FL,BHM,BWI,Y,0,73W,1096.3385805118892
WN0100,WN,BHM,BWI,,0,73W,1096.3385805118892
AA0100,AA,BHM,CLT,,0,CRJ CR7,563.5414739419138
US0073,US,BHM,CLT,,0,CRJ CR7,563.5414739419138
FL0076,FL,BHM,DAL,Y,0,73W,942.4276202271326
WN0101,WN,BHM,DAL,,0,73W 73C,942.4276202271326
AA0101,AA,BHM,DCA,,0,CRJ,1050.385436569214
US0074,US,BHM,DCA,,0,CRJ,1050.385436569214
UA0088,UA,BHM,DEN,Y,0,ERJ,1740.255090487731
AA0102,AA,BHM,DFW,,0,M80 M83,959.3079814916091
US0075,US,BHM,DFW,,0,M80 M83,959.3079814916091
DL0295,DL,BHM,DTW,Y,0,CRJ,1006.8256527103721
WN0102,WN,BHM,HOU,,0,73W,916.9849827306654
UA0089,UA,BHM,IAH,Y,0,ERJ CRJ,903.8843152000214
FL0077,FL,BHM,LAS,Y,0,73W,2598.3621126930457
WN0103,WN,BHM,LAS,,0,73W,2598.3621126930457
DL0296,DL,BHM,LGA,Y,0,CR7 CR9,1392.428148990265
DL0297,DL,BHM,MCO,Y,0,CR7,770.9975889814302
FL0078,FL,BHM,MCO,Y,0,73W,770.9975889814302
WN0104,WN,BHM,MCO,,0,73W,770.9975889814302
WN0105,WN,BHM,MDW,,0,73W,918.5892480165318
AA0103,AA,BHM,MIA,Y,0,ER4,1064.979548485453
US0076,US,BHM,MIA,,0,ER4,1064.979548485453
DL0298,DL,BHM,MSP,Y,0,CR7,1375.2008924679574
UA0090,UA,BHM,ORD,Y,0,ERJ CRJ,941.240076242445
AA0104,AA,BHM,PHL,,0,CRJ,1241.1630567588825
US0077,US,BHM,PHL,,0,CRJ,1241.1630567588825
FL0079,FL,BHM,TPA,Y,0,73C,740.3269376319146
WN0106,WN,BHM,TPA,,0,73W 73C,740.3269376319146
AF0252,AF,BNA,ATL,Y,0,M88 319 320 717,344.43306778987096
AS0071,AS,BNA,ATL,Y,0,M88 738 319 320 717,344.43306778987096
AZ0198,AZ,BNA,ATL,Y,0,M88 717,344.43306778987096
DL0309,DL,BNA,ATL,,0,M88 738 319 320 717,344.43306778987096
KL0344,KL,BNA,ATL,Y,0,M88 738 320 717 319,344.43306778987096
VS0062,VS,BNA,ATL,Y,0,M88 738 319 320 717,344.43306778987096
WN0110,WN,BNA,AUS,,0,733 73W 735,1215.1642489290477
WN0111,WN,BNA,BOS,,0,73W 73C 733,1513.9917706280955
FL0080,FL,BNA,BWI,Y,0,738 73W,943.6456051038685
WN0112,WN,BNA,BWI,,0,738 73W 73C 733,943.6456051038685
FL0081,FL,BNA,CHS,Y,0,73W,706.1554881091212
WN0113,WN,BNA,CHS,,0,73W,706.1554881091212
UA0103,UA,BNA,CLE,Y,0,ERJ,721.4329992636121
WN0114,WN,BNA,CLE,,0,73W,721.4329992636121
AA0113,AA,BNA,CLT,,0,319 CR7,527.7906519264978
US0082,US,BNA,CLT,,0,319 CR7,527.7906519264978
WN0115,WN,BNA,CMH,,0,73W 73C,543.3830568002999
DL0310,DL,BNA,CVG,Y,0,CRJ,370.262234616402
AA0114,AA,BNA,DCA,,0,CRJ,902.483950705475
US0083,US,BNA,DCA,,0,ERD CRJ,902.483950705475
F90012,F9,BNA,DEN,,0,319 320,1627.6219138906
UA0104,UA,BNA,DEN,Y,0,ERJ,1627.6219138906
WN0116,WN,BNA,DEN,,0,73W,1627.6219138906
AA0115,AA,BNA,DFW,,0,M80 738 M83,1014.1482834148936
US0084,US,BNA,DFW,,0,M80 738 M83,1014.1482834148936
DL0311,DL,BNA,DTW,,0,738 320,735.0865668246737
WN0117,WN,BNA,DTW,,0,73C 73W 73H,735.0865668246737
UA0105,UA,BNA,EWR,Y,0,ERJ,1200.740605389905
WN0119,WN,BNA,EWR,,0,73W,1200.740605389905
WN0120,WN,BNA,FLL,,0,73C 73W 73H,1277.9475318764046
FL0082,FL,BNA,HOU,Y,0,735,1077.8751542943467
WN0122,WN,BNA,HOU,,0,735 73C 73W,1077.8751542943467
UA0106,UA,BNA,IAD,Y,0,ERJ CRJ,871.0403534980763
UA0107,UA,BNA,IAH,Y,0,ERJ,1056.5248532561302
WN0123,WN,BNA,JAX,,0,73W 73C 733,778.9850508681137
AA0116,AA,BNA,JFK,Y,0,ER4,1229.7147865121124
DL0312,DL,BNA,JFK,Y,0,CR9,1229.7147865121124
US0085,US,BNA,JFK,Y,0,ER4,1229.7147865121124
WN0124,WN,BNA,LAS,,0,73W 73H,2548.7912691023744
AA0117,AA,BNA,LAX,,0,738,2886.3192033646806
AS0072,AS,BNA,LAX,Y,0,738,2886.3192033646806
DL0313,DL,BNA,LAX,,0,738 73H,2886.3192033646806
US0086,US,BNA,LAX,,0,738,2886.3192033646806
WN0125,WN,BNA,LAX,,0,73W 73H,2886.3192033646806
AA0118,AA,BNA,LGA,Y,0,CR7,1227.676207586683
DL0314,DL,BNA,LGA,Y,0,CR9 CR7,1227.676207586683
US0087,US,BNA,LGA,,0,CR7,1227.676207586683
WN0126,WN,BNA,LGA,,0,73W,1227.676207586683
WN0127,WN,BNA,MCI,,0,73W 73C 733,789.8057188757806
DL0315,DL,BNA,MCO,Y,0,CR9,992.9995096304034
FL0083,FL,BNA,MCO,Y,0,73W,992.9995096304034
WN0128,WN,BNA,MCO,,0,73W 73C 733,992.9995096304034
FL0084,FL,BNA,MDW,Y,0,73W,636.3291715829101
WN0129,WN,BNA,MDW,,0,73W 738 73H,636.3291715829101
AA0119,AA,BNA,MIA,,0,738,1299.1800689725658
US0088,US,BNA,MIA,,0,738 ER4,1299.1800689725658
DL0316,DL,BNA,MSP,Y,0,CR9 CRJ,1118.8849352532952
WN0130,WN,BNA,MSY,,0,73W 73C 733,759.1046221684412
AA0120,AA,BNA,ORD,Y,0,ERD ER4 CR7 E75,659.4850977173753
UA0108,UA,BNA,ORD,Y,0,ERJ CRJ,659.4850977173753
US0089,US,BNA,ORD,,0,ER4 CR7,659.4850977173753
AA0121,AA,BNA,PHL,,0,CRJ,1084.3004778676705
US0090,US,BNA,PHL,,0,CRJ,1084.3004778676705
WN0131,WN,BNA,PHL,,0,73W 73C 733,1084.3004778676705
WN0132,WN,BNA,PHX,,0,73W,2325.752327663065
FL0085,FL,BNA,PIT,Y,0,73C,742.626021273162
WN0133,WN,BNA,PIT,,0,73C 733,742.626021273162
WN0134,WN,BNA,PNS,,0,73W,630.2202140016099
FL0086,FL,BNA,PVD,,0,733,1456.2195061792431
WN0135,WN,BNA,RDU,,0,733 73W 73C,710.1708340319315
WN0136,WN,BNA,SAN,,0,73W,2812.0742458644067
WN0137,WN,BNA,SAT,,0,73W,1321.6245928321132
DL0317,DL,BNA,SLC,Y,0,CR9,2254.818545050034
WN0138,WN,BNA,STL,,0,73W 73C,437.4105221082957
FL0087,FL,BNA,TPA,Y,0,73W,986.457600263267
WN0139,WN,BNA,TPA,,0,73W 73C,986.457600263267
FL0088,FL,BOI,DEN,Y,0,73W,1042.2257326166248
UA0114,UA,BOI,DEN,,0,320 319 738 739,1042.2257326166248
WN0140,WN,BOI,DEN,,0,73W,1042.2257326166248
WN0141,WN,BOI,GEG,,0,73W,462.3249983833365
G40061,G4,BOI,LAS,,0,M80,836.8463903990927
WN0142,WN,BOI,LAS,,0,73W 73C,836.8463903990927
UA0115,UA,BOI,LAX,Y,0,CR7,1086.4389890319922
DL0321,DL,BOI,MSP,,0,738 320,1832.558148388756
WN0143,WN,BOI,OAK,,0,73W 73C,823.1823963996911
UA0116,UA,BOI,ORD,Y,0,CR7,2306.969040121241
AS0074,AS,BOI,PDX,Y,0,DH4 CR7,552.6239123848075
AA0134,AA,BOI,PHX,,0,319,1184.1429113759275
US0097,US,BOI,PHX,,0,319,1184.1429113759275
WN0144,WN,BOI,PHX,,0,73W,1184.1429113759275
AS0075,AS,BOI,SAN,Y,0,CR7,1207.2695773897894
AS0076,AS,BOI,SEA,Y,0,DH4,641.1300029175583
UA0117,UA,BOI,SFO,Y,0,CRJ CR7,840.158818309456
AS0077,AS,BOI,SJC,Y,0,DH4,841.3172805566587
DL0322,DL,BOI,SLC,,0,320 73H 319 738,466.2601000081703
AS0078,AS,BOI,SMF,Y,0,DH4,703.414971341104
9K0017,9K,BOS,ALB,,0,CNA,232.8230582570679
AF0261,AF,BOS,ATL,Y,0,757 M90 M88,1521.2233628594663
AM0057,AM,BOS,ATL,Y,0,757 M90 M88 320,1521.2233628594663
DL0326,DL,BOS,ATL,,0,M90 757 M88 320 319,1521.2233628594663
FL0089,FL,BOS,ATL,,0,717,1521.2233628594663
KL0349,KL,BOS,ATL,Y,0,757 M90 M88,1521.2233628594663
VS0064,VS,BOS,ATL,Y,0,M90 757 M88 320 319,1521.2233628594663
WN0145,WN,BOS,ATL,,0,73W,1521.2233628594663
B60021,B6,BOS,AUS,,0,E90,2728.591232872536
WN0146,WN,BOS,BNA,,0,73W 73C,1513.9917706280955
AA0136,AA,BOS,BUF,Y,0,CRJ,634.7547753081576
B60022,B6,BOS,BUF,,0,E90,634.7547753081576
US0098,US,BOS,BUF,Y,0,CRJ,634.7547753081576
B60023,B6,BOS,BWI,,0,E90,593.7244043300444
FL0090,FL,BOS,BWI,Y,0,73W,593.7244043300444
WN0147,WN,BOS,BWI,,0,73W 73C 733,593.7244043300444
B60024,B6,BOS,CHS,,0,E90,1317.4870554861895
DL0329,DL,BOS,CHS,Y,0,CR9,1317.4870554861895
UA0121,UA,BOS,CLE,,0,738,903.0703307496769
AA0137,AA,BOS,CLT,,0,319 321 320 E90,1170.3393829021957
B60025,B6,BOS,CLT,,0,E90,1170.3393829021957
US0099,US,BOS,CLT,,0,319 321 320 E90,1170.3393829021957
DL0330,DL,BOS,CMH,,0,ERJ,1027.7517607136376
DL0332,DL,BOS,CVG,,0,73H,1207.346027842316
AA0139,AA,BOS,DCA,,0,319 E90,641.142269252491
B60027,B6,BOS,DCA,,0,320 E90,641.142269252491
US0101,US,BOS,DCA,,0,319 E90,641.142269252491
B60028,B6,BOS,DEN,,0,320,2815.6554962526347
UA0122,UA,BOS,DEN,,0,739 320 738,2815.6554962526347
WN0149,WN,BOS,DEN,,0,73W,2815.6554962526347
AA0140,AA,BOS,DFW,,0,738 757,2508.983854326014
B60029,B6,BOS,DFW,,0,E90,2508.983854326014
NK0015,NK,BOS,DFW,,0,319,2508.983854326014
US0102,US,BOS,DFW,,0,738 757,2508.983854326014
B60030,B6,BOS,DTW,,0,E90,1014.8023702578414
DL0333,DL,BOS,DTW,,0,319 320 73H 738 757 M88,1014.8023702578414
B60032,B6,BOS,EWR,,0,E90,322.306684550895
UA0124,UA,BOS,EWR,,0,73G 738 319 320 739 753 752,322.306684550895
B60033,B6,BOS,FLL,,0,320 E90,1993.970649037613
NK0016,NK,BOS,FLL,,0,319,1993.970649037613
B60034,B6,BOS,HOU,,0,E90,2586.4528424359605
WN0150,WN,BOS,HOU,,0,73W,2586.4528424359605
B60035,B6,BOS,IAD,,0,E90,663.2230421411614
UA0126,UA,BOS,IAD,,0,320 319 739 738 752 73G,663.2230421411614
UA0127,UA,BOS,IAH,,0,739 738 320 73G 319,2567.336393732915
DL0335,DL,BOS,IND,Y,0,E75,1313.3966595583672
B60036,B6,BOS,JAX,,0,E90,1626.4698388168265
DL0336,DL,BOS,JAX,Y,0,CR9,1626.4698388168265
AA0141,AA,BOS,JFK,,0,738,299.895334695468
B60037,B6,BOS,JFK,,0,320 E90,299.895334695468
DL0337,DL,BOS,JFK,,0,752 CR7 M88,299.895334695468
US0103,US,BOS,JFK,,0,738,299.895334695468
B60038,B6,BOS,LAS,,0,320,3822.3061649813394
DL0338,DL,BOS,LAS,,0,73H,3822.3061649813394
AA0142,AA,BOS,LAX,,0,738 757,4192.822347674352
AS0080,AS,BOS,LAX,Y,0,738 757,4192.822347674352
B60039,B6,BOS,LAX,,0,320,4192.822347674352
DL0339,DL,BOS,LAX,,0,73H,4192.822347674352
UA0128,UA,BOS,LAX,,0,752,4192.822347674352
US0104,US,BOS,LAX,,0,738 757,4192.822347674352
VX0002,VX,BOS,LAX,,0,319 320,4192.822347674352
AA0143,AA,BOS,LGA,,0,E90 319,296.36116561105473
DL0340,DL,BOS,LGA,Y,0,E75,296.36116561105473
US0105,US,BOS,LGA,,0,E90 319,296.36116561105473
B60040,B6,BOS,LGB,,0,320,4178.066237144845
WN0151,WN,BOS,MCI,,0,73W,2016.483673284797
B60041,B6,BOS,MCO,,0,320 E90,1805.6359477459237
DL0342,DL,BOS,MCO,,0,320,1805.6359477459237
FL0092,FL,BOS,MCO,,0,717,1805.6359477459237
WN0152,WN,BOS,MCO,,1,73W,1805.6359477459237
FL0093,FL,BOS,MDW,Y,0,73W,1381.301974992954
WN0153,WN,BOS,MDW,,0,73W 733,1381.301974992954
AA0147,AA,BOS,MIA,,0,757 738,2027.627676900771
US0107,US,BOS,MIA,,0,757 738,2027.627676900771
WN0154,WN,BOS,MKE,,0,73W,1380.3410466366608
DL0343,DL,BOS,MSP,,0,738 319 757 M90 320,1804.083650999265
SY0001,SY,BOS,MSP,,0,738 73G,1804.083650999265
B60042,B6,BOS,MSY,,0,E90,2199.7041253483617
JL0018,JL,BOS,MSY,Y,0,E90,2199.7041253483617
DL0344,DL,BOS,MYR,Y,0,E75,1187.6496803708756
NK0017,NK,BOS,MYR,,0,320 319,1187.6496803708756
AA0149,AA,BOS,ORD,,0,738,1390.8751257562583
B60044,B6,BOS,ORD,,0,320 E90,1390.8751257562583
NK0018,NK,BOS,ORD,,0,319,1390.8751257562583
UA0130,UA,BOS,ORD,,0,739 752 738 73G 319 320 753,1390.8751257562583
US0108,US,BOS,ORD,,0,738,1390.8751257562583
B60045,B6,BOS,PBI,,0,320 E90,1929.1491262877364
AA0150,AA,BOS,PDX,Y,0,737,4072.218161665624
AS0082,AS,BOS,PDX,,0,73H,4072.218161665624
B60046,B6,BOS,PDX,,0,320,4072.218161665624
AA0151,AA,BOS,PHL,,0,E90 319 321 320,449.80961140491615
B60047,B6,BOS,PHL,,0,E90,449.80961140491615
US0109,US,BOS,PHL,,0,E90 319 321 320,449.80961140491615
AA0152,AA,BOS,PHX,,0,320 319 321,3692.993292677683
B60048,B6,BOS,PHX,,0,320,3692.993292677683
US0110,US,BOS,PHX,,0,320 319 321,3692.993292677683
AA0153,AA,BOS,PIT,Y,0,E70 CRJ,796.291498493368
B60049,B6,BOS,PIT,,0,E90,796.291498493368
US0111,US,BOS,PIT,Y,0,E70 CRJ,796.291498493368
B60052,B6,BOS,RDU,,0,E90,984.0683146911549
DL0347,DL,BOS,RDU,,0,CR7,984.0683146911549
AA0154,AA,BOS,RIC,Y,0,CRJ,761.9797208406752
B60053,B6,BOS,RIC,,0,E90,761.9797208406752
DL0348,DL,BOS,RIC,Y,0,CR9 CR7,761.9797208406752
US0112,US,BOS,RIC,Y,0,CRJ,761.9797208406752
AA0155,AA,BOS,ROC,Y,0,CRJ,550.5758746128071
US0113,US,BOS,ROC,Y,0,CRJ,550.5758746128071
B60054,B6,BOS,RSW,,0,320,2012.9989673879206
AA0156,AA,BOS,SAN,Y,0,737,4155.676530633045
AS0084,AS,BOS,SAN,,0,73H,4155.676530633045
B60055,B6,BOS,SAN,,0,320,4155.676530633045
B60056,B6,BOS,SAV,,0,E90,1450.0136781418278
AA0157,AA,BOS,SEA,Y,0,737,4005.5415802339367
AS0085,AS,BOS,SEA,,0,73J 73H,4005.5415802339367
B60058,B6,BOS,SEA,,0,320,4005.5415802339367
B60059,B6,BOS,SFO,,0,320,4341.022084519025
UA0132,UA,BOS,SFO,,0,752 753 739 738 73G,4341.022084519025
VX0003,VX,BOS,SFO,,0,320,4341.022084519025
B60060,B6,BOS,SJC,,0,320,4316.5179992254625
DL0349,DL,BOS,SLC,,0,73H 738,3379.5224585866995
WN0155,WN,BOS,STL,,0,73W,1680.339746225937
AA0158,AA,BOS,SYR,,0,DH3,424.5695519499861
US0114,US,BOS,SYR,Y,0,DH8,424.5695519499861
B60065,B6,BOS,TPA,,0,320,1908.1174074692367
AF0275,AF,BUF,ATL,Y,0,M90 M88,1147.0625706826079
AZ0214,AZ,BUF,ATL,Y,0,M90 M88,1147.0625706826079
DL0362,DL,BUF,ATL,,0,M90 M88,1147.0625706826079
KL0363,KL,BUF,ATL,Y,0,M90 M88,1147.0625706826079
AA0170,AA,BUF,BOS,Y,0,CRJ,634.7547753081576
B60069,B6,BUF,BOS,,0,E90,634.7547753081576
US0125,US,BUF,BOS,Y,0,CRJ,634.7547753081576
FL0094,FL,BUF,BWI,Y,0,73C 73W,452.9742642525175
WN0156,WN,BUF,BWI,,0,73W 733 73C,452.9742642525175
UA0164,UA,BUF,CLE,,0,DH3,308.0220153706699
AA0171,AA,BUF,CLT,,0,320 319 737,879.9941391035491
US0126,US,BUF,CLT,,0,320 319 734,879.9941391035491
AA0172,AA,BUF,DCA,Y,0,E70 CRJ E75,476.36751845768066
US0127,US,BUF,DCA,Y,0,E70 CRJ E75,476.36751845768066
DL0363,DL,BUF,DTW,,0,M88 319 320 M90 ERJ,386.8939108938677
UA0165,UA,BUF,EWR,Y,0,DH3 DH4 ERJ DH2,453.2934494699704
FL0095,FL,BUF,FLL,Y,0,73W,1880.0566685056356
WN0157,WN,BUF,FLL,,0,73W,1880.0566685056356
UA0166,UA,BUF,IAD,Y,0,DH4 CR7 DH2 ERJ CRJ,457.0685041555564
B60070,B6,BUF,JFK,,0,E90 320,483.68973811657577
DL0364,DL,BUF,JFK,Y,0,CR9 CR7,483.68973811657577
WN0158,WN,BUF,LAS,,0,73H 738,3189.2889414188694
DL0365,DL,BUF,LGA,,0,CR7,468.7501190995764
B60071,B6,BUF,MCO,,0,320,1630.029569668447
FL0096,FL,BUF,MCO,Y,0,73C,1630.029569668447
WN0159,WN,BUF,MCO,,0,73C 73W,1630.029569668447
FL0097,FL,BUF,MDW,Y,0,73W 738 73H,751.7552369156448
WN0160,WN,BUF,MDW,,0,738 73W 73H,751.7552369156448
DL0366,DL,BUF,MSP,Y,0,E70 CR9,1178.9185021018268
AA0173,AA,BUF,ORD,Y,0,CR7 ER4 E75,759.6396279814746
UA0167,UA,BUF,ORD,,0,739 738 320,759.6396279814746
US0128,US,BUF,ORD,,0,CR7,759.6396279814746
AA0174,AA,BUF,PHL,,0,DH3,448.46551268329085
US0129,US,BUF,PHL,Y,0,CRJ E75 DH8 E70,448.46551268329085
WN0161,WN,BUF,PHX,,0,73W,3070.165970889619
WN0162,WN,BUF,TPA,,0,73W,1698.7647724819703
UA0168,UA,BUR,DEN,Y,0,CRJ,1365.8123030522593
WN0163,WN,BUR,DEN,,0,73W,1365.8123030522593
B60072,B6,BUR,JFK,,0,320,3958.2041992073737
FL0098,FL,BUR,LAS,Y,0,73W,358.73147442226707
WN0164,WN,BUR,LAS,,0,73W,358.73147442226707
WN0165,WN,BUR,OAK,,0,73W 73H,523.1973324417773
AA0175,AA,BUR,PDX,Y,0,CR7,1316.1904054093277
AS0089,AS,BUR,PDX,Y,0,CR7,1316.1904054093277
AA0176,AA,BUR,PHX,Y,0,CR9 CRJ,592.8867980819748
US0130,US,BUR,PHX,Y,0,CR9 CRJ,592.8867980819748
WN0166,WN,BUR,PHX,,0,73W,592.8867980819748
AA0177,AA,BUR,SEA,Y,0,737,1509.3295267362628
AS0090,AS,BUR,SEA,,0,73H 73G,1509.3295267362628
UA0169,UA,BUR,SFO,Y,0,CR7 CRJ,524.505466011444
WN0167,WN,BUR,SJC,,0,73W,476.58063756284486
DL0367,DL,BUR,SLC,Y,0,CRJ,922.9572904452067
WN0168,WN,BUR,SMF,,0,73W,577.1024844162783
FL0099,FL,BWI,ABQ,Y,0,73W,2682.0457815491864
WN0169,WN,BWI,ABQ,,0,73W,2682.0457815491864
FL0100,FL,BWI,ALB,Y,0,73W,464.4457831639005
WN0170,WN,BWI,ALB,,0,73W,464.4457831639005
AF0277,AF,BWI,ATL,Y,0,M88 M90 73W 717,927.5307689689371
AM0060,AM,BWI,ATL,Y,0,M88 757 73W 320,927.5307689689371
AZ0215,AZ,BWI,ATL,Y,0,M88 757 M90 717,927.5307689689371
DL0368,DL,BWI,ATL,,0,M88 757 M90 73W  320 717,927.5307689689371
FL0101,FL,BWI,ATL,,0,73G,927.5307689689371
KL0364,KL,BWI,ATL,Y,0,M88 M90 757 73W,927.5307689689371
WN0171,WN,BWI,ATL,,0,73W 733 73C,927.5307689689371
FL0103,FL,BWI,AUS,Y,0,73C,2156.219016928415
WN0172,WN,BWI,AUS,,0,73W 73C,2156.219016928415
FL0104,FL,BWI,BDL,Y,0,73W,455.39346120950376
WN0173,WN,BWI,BDL,,0,73W 738 73C 733,455.39346120950376
WN0174,WN,BWI,BHM,,0,73C 73W,1096.3385805118892
FL0105,FL,BWI,BNA,Y,0,73W,943.6456051038685
WN0175,WN,BWI,BNA,,0,733 73C 73W,943.6456051038685
B60073,B6,BWI,BOS,,0,E90,593.7244043300444
FL0106,FL,BWI,BOS,Y,0,73W 73C 733,593.7244043300444
WN0176,WN,BWI,BOS,,0,73W 73C 733,593.7244043300444
FL0107,FL,BWI,BUF,Y,0,73W 73C,452.9742642525175
WN0177,WN,BWI,BUF,,0,73C 73W 738,452.9742642525175
WN0178,WN,BWI,CHS,,0,73W 73C,760.9721065744077
FL0108,FL,BWI,CLE,Y,0,733,504.80270603334793
UA0170,UA,BWI,CLE,Y,0,ERJ DH3,504.80270603334793
WN0179,WN,BWI,CLE,,0,73C 733 73W,504.80270603334793
AA0178,AA,BWI,CLT,,0,E90 321 757 319 737 320,580.7082466113521
FL0109,FL,BWI,CLT,Y,0,73W,580.7082466113521
US0131,US,BWI,CLT,,0,E90 321 752 319 734 320,580.7082466113521
WN0180,WN,BWI,CLT,,0,73W,580.7082466113521
FL0110,FL,BWI,CMH,Y,0,73W,540.9911415493357
WN0181,WN,BWI,CMH,,0,73W,540.9911415493357
DL0369,DL,BWI,CVG,,0,ERJ,690.0979428167645
FL0113,FL,BWI,DEN,Y,0,73W,2393.637021710443
UA0171,UA,BWI,DEN,,0,739 320 738,2393.637021710443
WN0183,WN,BWI,DEN,,0,73W,2393.637021710443
AA0179,AA,BWI,DFW,,0,M83 M80,1954.7685504854694
NK0020,NK,BWI,DFW,,0,320,1954.7685504854694
US0132,US,BWI,DFW,,0,M83 M80,1954.7685504854694
DL0370,DL,BWI,DTW,,0,320 M88 M90 ERJ,656.8389250624448
FL0114,FL,BWI,DTW,Y,0,73W,656.8389250624448
WN0184,WN,BWI,DTW,,0,73W 73C,656.8389250624448
UA0172,UA,BWI,EWR,Y,0,DH3 ERJ DH2,271.45228977134536
FL0115,FL,BWI,FLL,,0,717,1492.7103414473129
NK0021,NK,BWI,FLL,,0,320,1492.7103414473129
WN0186,WN,BWI,FLL,,0,73W 73C 733,1492.7103414473129
WN0188,WN,BWI,GRR,,0,73W 73C,848.7278375365001
WN0190,WN,BWI,HOU,,0,733 73H 73W 73C 738,2003.162848791862
UA0173,UA,BWI,IAH,,0,320 73G 739 319 738,1985.7894383962312
FL0117,FL,BWI,IND,Y,0,73C 73W,828.3562995510918
WN0191,WN,BWI,IND,,0,73W 73C 733,828.3562995510918
WN0193,WN,BWI,JAX,,0,733 73W 73C,1068.1947615572763
AA0180,AA,BWI,JFK,Y,0,ER4,295.3101239208966
DL0371,DL,BWI,JFK,Y,0,ERJ,295.3101239208966
US0133,US,BWI,JFK,Y,0,ER4,295.3101239208966
FL0119,FL,BWI,LAS,,0,73G,3380.9947106552586
NK0022,NK,BWI,LAS,,0,320,3380.9947106552586
WN0194,WN,BWI,LAS,,0,73H 73W 738,3380.9947106552586
FL0120,FL,BWI,LAX,Y,0,738,3739.9133237212877
UA0174,UA,BWI,LAX,,0,319 738,3739.9133237212877
WN0195,WN,BWI,LAX,,0,738 73H,3739.9133237212877
WN0197,WN,BWI,MCI,,0,73W 73C 733,1551.6118472976918
FL0122,FL,BWI,MCO,,0,717,1268.997707238202
WN0198,WN,BWI,MCO,,0,733 73W 73C 738 73H,1268.997707238202
FL0123,FL,BWI,MDW,Y,0,73W,980.5451788294091
WN0199,WN,BWI,MDW,,0,73W 73H,980.5451788294091
FL0124,FL,BWI,MEM,Y,0,73W,1264.8223469638644
WN0200,WN,BWI,MEM,,0,73C 73W,1264.8223469638644
AA0182,AA,BWI,MIA,,0,738,1525.6196413915752
US0134,US,BWI,MIA,,0,738,1525.6196413915752
WN0202,WN,BWI,MKE,,0,733 73W 73C,1029.495683509072
DL0372,DL,BWI,MSP,,0,320 M88 M90 319,1503.553177534785
NK0023,NK,BWI,MSP,,0,319,1503.553177534785
FL0126,FL,BWI,MSY,Y,0,733,1606.6327861681195
WN0203,WN,BWI,MSY,,0,73H 733 73W,1606.6327861681195
NK0024,NK,BWI,MYR,,0,320,643.611525421225
WN0204,WN,BWI,OKC,,0,733 73C,1894.2333710513042
AA0183,AA,BWI,ORD,Y,0,E75 ER4 CR7,997.9705182564419
UA0175,UA,BWI,ORD,,0,73G 738 320 739 319,997.9705182564419
US0135,US,BWI,ORD,Y,0,E75 ER4 CR7,997.9705182564419
FL0128,FL,BWI,ORF,Y,0,73W 73C,256.8117616692893
WN0205,WN,BWI,ORF,,0,73C 73W,256.8117616692893
WN0206,WN,BWI,PBI,,0,73W 733,1425.0979864115475
AA0184,AA,BWI,PHL,,0,319 DH3 E90,144.85228384632325
US0136,US,BWI,PHL,,0,319 E90,144.85228384632325
AA0185,AA,BWI,PHX,,0,319 320,3209.1703126993984
FL0129,FL,BWI,PHX,Y,0,73W,3209.1703126993984
US0137,US,BWI,PHX,,0,319 320,3209.1703126993984
WN0207,WN,BWI,PHX,,0,73W 738,3209.1703126993984
FL0130,FL,BWI,PIT,Y,0,73W,337.6903926523549
WN0208,WN,BWI,PIT,,0,73W 73C,337.6903926523549
FL0132,FL,BWI,PVD,Y,0,73W 73C,526.3127173511082
WN0209,WN,BWI,PVD,,0,73W 73C 738 73H,526.3127173511082
FL0133,FL,BWI,PWM,Y,0,73C,726.4715086990844
WN0210,WN,BWI,PWM,,0,73W 73C,726.4715086990844
DL0373,DL,BWI,RDU,,0,ERJ,411.42626175748234
FL0134,FL,BWI,RDU,Y,0,73W 73C,411.42626175748234
WN0211,WN,BWI,RDU,,0,73W 73C 733,411.42626175748234
FL0135,FL,BWI,ROC,Y,0,73W,446.47427574366924
WN0212,WN,BWI,ROC,,0,73W,446.47427574366924
FL0136,FL,BWI,RSW,,0,717,1482.943933160756
WN0213,WN,BWI,RSW,,0,73W 73C 733,1482.943933160756
FL0137,FL,BWI,SAN,Y,0,73H,3685.6090548561697
WN0214,WN,BWI,SAN,,0,73H 73W 738,3685.6090548561697
FL0138,FL,BWI,SAT,Y,0,73W,2261.964871205707
WN0215,WN,BWI,SAT,,0,73W,2261.964871205707
FL0139,FL,BWI,SDF,Y,0,73W,794.6542863359304
WN0216,WN,BWI,SDF,,0,73W 73C,794.6542863359304
WN0217,WN,BWI,SEA,,0,73W,3748.238832985915
UA0176,UA,BWI,SFO,,0,738 739 319,3944.311114550975
DL0374,DL,BWI,SLC,,0,320,2993.6407473524
FL0141,FL,BWI,SLC,Y,0,73W,2993.6407473524
WN0219,WN,BWI,SLC,,0,73W,2993.6407473524
FL0142,FL,BWI,STL,Y,0,73W,1184.4863535432044
WN0220,WN,BWI,STL,,0,73W 73H 733,1184.4863535432044
FL0143,FL,BWI,TPA,,0,717,1357.9050421255215
WN0221,WN,BWI,TPA,,0,73C 73W 738 73H,1357.9050421255215
AF0461,AF,CHS,ATL,Y,0,M88 73W 319,416.3359582805535
AS0095,AS,CHS,ATL,Y,0,M88 73W 717 319,416.3359582805535
AZ0295,AZ,CHS,ATL,Y,0,M88,416.3359582805535
DL0416,DL,CHS,ATL,,0,M88 73W 717 319,416.3359582805535
KL0391,KL,CHS,ATL,Y,0,73W M88 319,416.3359582805535
VS0066,VS,CHS,ATL,Y,0,717 73W M88 319,416.3359582805535
WN0228,WN,CHS,BNA,,0,73C 73W,706.1554881091212
B60074,B6,CHS,BOS,,0,E90,1317.4870554861895
DL0417,DL,CHS,BOS,Y,0,CR9,1317.4870554861895
FL0149,FL,CHS,BWI,Y,0,73W 73C,760.9721065744077
WN0229,WN,CHS,BWI,,0,73W 73C,760.9721065744077
UA0195,UA,CHS,CLE,Y,0,ERJ,960.332934700755
AA0220,AA,CHS,CLT,,0,319 CR7 DH8,270.876173582438
US0163,US,CHS,CLT,,0,319 CR7 CRJ,270.876173582438
AA0221,AA,CHS,DCA,Y,0,E70 CRJ E75,715.2024620785782
US0164,US,CHS,DCA,Y,0,E70 CRJ E75,715.2024620785782
AA0222,AA,CHS,DFW,Y,0,ER4 ERD,1585.4666397807107
US0165,US,CHS,DFW,Y,0,ER4 ERD,1585.4666397807107
DL0418,DL,CHS,DTW,,0,ERJ,1076.2614592798132
UA0196,UA,CHS,EWR,Y,0,ERJ,1011.2951738239889
WN0230,WN,CHS,HOU,,0,73W,1491.2059218084091
UA0197,UA,CHS,IAD,Y,0,CRJ,711.5183457493314
UA0198,UA,CHS,IAH,Y,0,ERJ CRJ,1486.0044862671336
B60075,B6,CHS,JFK,,0,320,1025.0747739734672
DL0419,DL,CHS,JFK,,0,ERJ,1025.0747739734672
DL0420,DL,CHS,LGA,,0,CR7,1033.2716101504989
FL0150,FL,CHS,MDW,Y,0,73W,1199.7518231836375
WN0231,WN,CHS,MDW,,0,73W,1199.7518231836375
AA0223,AA,CHS,MIA,Y,0,ER4,789.8760397997287
US0166,US,CHS,MIA,,0,ER4,789.8760397997287
UA0199,UA,CHS,ORD,Y,0,ERJ CRJ CR7,1224.4482039025177
AA0224,AA,CHS,PHL,,0,CRJ,886.2436617865325
US0167,US,CHS,PHL,Y,0,E75 CRJ,886.2436617865325
FL0151,FL,CHS,TPA,Y,0,73W,597.0937741835656
UA0207,UA,CLE,ALB,Y,0,DH3,680.3442270454065
AF0467,AF,CLE,ATL,Y,0,717 M88,893.8160701204932
AM0074,AM,CLE,ATL,Y,0,717,893.8160701204932
AZ0297,AZ,CLE,ATL,Y,0,717,893.8160701204932
DL0425,DL,CLE,ATL,,0,717  M88,893.8160701204932
KL0393,KL,CLE,ATL,Y,0,M88 717 CR9,893.8160701204932
UA0208,UA,CLE,ATL,Y,0,ERJ,893.8160701204932
UA0209,UA,CLE,AUS,Y,0,CR7,1888.6929648389525
UA0211,UA,CLE,BNA,Y,0,ERJ,721.4329992636121
WN0232,WN,CLE,BNA,,0,73W 73C,721.4329992636121
UA0212,UA,CLE,BOS,,0,73G 319,903.0703307496769
UA0213,UA,CLE,BUF,Y,0,DH3 DH2,308.0220153706699
UA0214,UA,CLE,BWI,,0,DH3,504.80270603334793
WN0233,WN,CLE,BWI,,0,73C 733 73W,504.80270603334793
UA0215,UA,CLE,CHS,Y,0,ERJ,960.332934700755
AA0227,AA,CLE,CLT,,0,319,693.6656431832183
UA0216,UA,CLE,CLT,Y,0,ERJ,693.6656431832183
US0170,US,CLE,CLT,,0,319 CR7,693.6656431832183
UA0217,UA,CLE,CMH,Y,0,DH2 ERJ E70,180.0715283205504
UA0220,UA,CLE,DCA,Y,0,ERJ E70,498.2398201307604
F90018,F9,CLE,DEN,,0,320,1928.0299964238152
FL0152,FL,CLE,DEN,,0,73W,1928.0299964238152
UA0221,UA,CLE,DEN,,0,73G 319 320 739,1928.0299964238152
AA0228,AA,CLE,DFW,,0,319,1641.7331052812567
UA0222,UA,CLE,DFW,Y,0,ERJ CRJ,1641.7331052812567
US0171,US,CLE,DFW,,0,319,1641.7331052812567
DL0426,DL,CLE,DTW,,0,ERJ,153.2623525764428
UA0225,UA,CLE,EWR,,0,738 320 73G 319,648.7166783904711
UA0227,UA,CLE,FLL,,0,320 73G 738,1712.7325504210298
UA0229,UA,CLE,GRR,Y,0,ERJ CRJ,344.0218352892657
UA0231,UA,CLE,IAD,,0,DH4,463.16542537991467
UA0232,UA,CLE,IAH,,0,319 73G 320 738,1756.1167857890352
UA0233,UA,CLE,IND,Y,0,DH3 ERJ E70,419.9922344719642
AA0229,AA,CLE,JFK,Y,0,ER4,682.1790848428468
DL0427,DL,CLE,JFK,,0,ERJ,682.1790848428468
US0172,US,CLE,JFK,Y,0,ER4,682.1790848428468
UA0235,UA,CLE,LAS,,0,739 320 738,2929.263359397114
WN0234,WN,CLE,LAS,,0,73W,2929.263359397114
UA0236,UA,CLE,LAX,,0,738 739 320 319,3296.4265676204664
DL0428,DL,CLE,LGA,Y,0,CR7,671.9551704600053
UA0237,UA,CLE,LGA,Y,0,ERJ E70,671.9551704600053
UA0238,UA,CLE,MCI,Y,0,DH4 ERJ,1113.8541611607252
UA0239,UA,CLE,MCO,,0,738 320 73G 739,1444.39900047489
FL0153,FL,CLE,MDW,Y,0,73W,492.48134415946845
WN0235,WN,CLE,MDW,,0,73W,492.48134415946845
AA0230,AA,CLE,MIA,Y,0,ER4,1742.2993666781592
US0173,US,CLE,MIA,,0,ER4,1742.2993666781592
UA0240,UA,CLE,MKE,Y,0,ERJ CR7,526.553847976254
DL0429,DL,CLE,MSP,,0,ERJ,998.836552600132
UA0241,UA,CLE,MSP,Y,0,ERJ,998.836552600132
UA0242,UA,CLE,MSY,Y,0,ERJ,1477.8840162972544
AA0231,AA,CLE,ORD,Y,0,CR7 ER4 ERD,506.56528238532997
UA0243,UA,CLE,ORD,,0,73G 319 738 320,506.56528238532997
US0174,US,CLE,ORD,,0,ER4 CR7 ERD,506.56528238532997
UA0244,UA,CLE,PBI,Y,0,ERJ,1645.5858047957179
AA0232,AA,CLE,PHL,Y,0,E75 CRJ E70 CR9,583.1229398452522
US0175,US,CLE,PHL,Y,0,E75 CRJ E70 CR9,583.1229398452522
UA0245,UA,CLE,PHX,,0,738 320,2790.2058090224846
UA0247,UA,CLE,RIC,Y,0,ERJ ER4,582.8691115385222
UA0248,UA,CLE,ROC,Y,0,DH2 DH3,392.6162353068946
UA0249,UA,CLE,RSW,,0,319 738 320,1654.2725553451667
UA0250,UA,CLE,SDF,Y,0,ERJ,489.8700262359588
UA0251,UA,CLE,SFO,,0,739 738 319,3469.901361925572
UA0252,UA,CLE,STL,Y,0,ER4 ERJ,782.6015220862645
UA0253,UA,CLE,SYR,Y,0,DH3 DH2 ERJ,508.89195074349055
UA0254,UA,CLE,TPA,,0,73G 320,1495.3286387962467
AA0237,AA,CLT,ALB,,0,319,1039.7527854389293
US0180,US,CLT,ALB,,0,319,1039.7527854389293
AA0239,AA,CLT,ATL,Y,0,320 CR9 321 319,364.56708046970965
AF0468,AF,CLT,ATL,Y,0,M90 M88,364.56708046970965
AS0096,AS,CLT,ATL,Y,0,M90 M88,364.56708046970965
AZ0299,AZ,CLT,ATL,Y,0,M90,364.56708046970965
DL0430,DL,CLT,ATL,,0,M90 M88,364.56708046970965
KL0394,KL,CLT,ATL,Y,0,M90 M88,364.56708046970965
US0182,US,CLT,ATL,,0,320 321 319,364.56708046970965
VS0067,VS,CLT,ATL,Y,0,M90 M88,364.56708046970965
AA0241,AA,CLT,AUS,,0,CR9,1658.2025124077513
US0184,US,CLT,AUS,Y,0,CR9,1658.2025124077513
AA0244,AA,CLT,BDL,,0,319 321 320,1035.3793554716901
US0187,US,CLT,BDL,,0,319 321 320,1035.3793554716901
AA0245,AA,CLT,BHM,,0,CRJ,563.5414739419138
US0188,US,CLT,BHM,,0,CRJ,563.5414739419138
AA0246,AA,CLT,BNA,,0,319 CR7,527.7906519264978
US0189,US,CLT,BNA,,0,CR7 319,527.7906519264978
AA0247,AA,CLT,BOS,,0,321 319 320,1170.3393829021957
B60076,B6,CLT,BOS,,0,E90,1170.3393829021957
US0190,US,CLT,BOS,,0,321 319 320,1170.3393829021957
AA0249,AA,CLT,BUF,,0,319 320 737,879.9941391035491
US0192,US,CLT,BUF,,0,319 320 734,879.9941391035491
AA0250,AA,CLT,BWI,,0,319 737 321 757 320 E90,580.7082466113521
FL0154,FL,CLT,BWI,Y,0,73W,580.7082466113521
US0193,US,CLT,BWI,,0,319 734 321 752 320 E90,580.7082466113521
WN0236,WN,CLT,BWI,,0,73W,580.7082466113521
AA0257,AA,CLT,CHS,,0,DH8 319 CR7,270.876173582438
US0200,US,CLT,CHS,,0,CR7 319 CRJ,270.876173582438
AA0258,AA,CLT,CLE,,0,319,693.6656431832183
UA0259,UA,CLT,CLE,Y,0,ERJ,693.6656431832183
US0201,US,CLT,CLE,,0,319,693.6656431832183
AA0259,AA,CLT,CMH,Y,0,CR9 E75 CR7 CRJ E70,558.9280698381912
US0202,US,CLT,CMH,Y,0,CR9 E75 CR7 CRJ E70,558.9280698381912
AA0262,AA,CLT,CVG,,0,CRJ CR9,539.194660489398
DL0431,DL,CLT,CVG,Y,0,ERJ CRJ,539.194660489398
US0205,US,CLT,CVG,,0,CRJ,539.194660489398
AA0266,AA,CLT,DCA,,0,319 320 CRJ E90,532.6366790406834
US0209,US,CLT,DCA,,0,319 320 E90,532.6366790406834
AA0267,AA,CLT,DEN,,0,321 320,2148.2489312623848
US0210,US,CLT,DEN,,0,321 320,2148.2489312623848
AA0268,AA,CLT,DFW,,0,M80 321 319 M83 320 737 757,1503.2069279565508
US0211,US,CLT,DFW,,0,M80 321 319 M83 320 734 752,1503.2069279565508
AA0269,AA,CLT,DSM,Y,0,CR9,1310.2097262157713
US0212,US,CLT,DSM,Y,0,CR9,1310.2097262157713
AA0270,AA,CLT,DTW,,0,319 321 320,805.8515061655003
DL0432,DL,CLT,DTW,,0,M90 320 M88,805.8515061655003
US0213,US,CLT,DTW,,0,319 321 320,805.8515061655003
AA0273,AA,CLT,EWR,,0,321 320 737 319,849.9360484638968
UA0260,UA,CLT,EWR,Y,0,ERJ E70,849.9360484638968
US0216,US,CLT,EWR,,0,321 320 734 319,849.9360484638968
AA0276,AA,CLT,FLL,,0,320 737 321 319,1019.2738620456789
US0219,US,CLT,FLL,,0,320 734 321 319,1019.2738620456789
AA0284,AA,CLT,GSO,,0,DH8 CR9,133.97793778821102
US0228,US,CLT,GSO,,0,CRJ,133.97793778821102
WN0237,WN,CLT,HOU,,0,733 73W,1478.9561193197703
AA0290,AA,CLT,IAD,,0,CR7,517.3710631196469
UA0261,UA,CLT,IAD,Y,0,ERJ CR7,517.3710631196469
US0234,US,CLT,IAD,Y,0,CR7 CR9,517.3710631196469
AA0291,AA,CLT,IAH,,0,737 319 321 320,1466.896681986113
UA0262,UA,CLT,IAH,Y,0,ERJ E70,1466.896681986113
US0235,US,CLT,IAH,,0,734 319 321 320,1466.896681986113
AA0293,AA,CLT,IND,,0,319,688.060502220261
US0237,US,CLT,IND,,0,319,688.060502220261
AA0295,AA,CLT,JAX,,0,319 737,529.5931266649769
US0239,US,CLT,JAX,,0,319 734,529.5931266649769
AA0296,AA,CLT,JFK,,0,321 319,870.4767746428703
B60077,B6,CLT,JFK,,0,E90,870.4767746428703
DL0433,DL,CLT,JFK,Y,0,ERJ,870.4767746428703
US0240,US,CLT,JFK,,0,321 319,870.4767746428703
AA0297,AA,CLT,LAS,,0,321,3076.518230235711
US0241,US,CLT,LAS,,0,321,3076.518230235711
AA0298,AA,CLT,LAX,,0,321,3412.534178463042
US0242,US,CLT,LAX,,0,321,3412.534178463042
AA0300,AA,CLT,LGA,,0,321 320 319,874.9278458611282
DL0434,DL,CLT,LGA,,0,CR7,874.9278458611282
US0244,US,CLT,LGA,,0,321 320 319,874.9278458611282
AA0306,AA,CLT,MCI,,0,319,1299.0707694744199
US0250,US,CLT,MCI,,0,319,1299.0707694744199
AA0307,AA,CLT,MCO,,0,321 767 757 319,755.2029149067863
FL0155,FL,CLT,MCO,Y,0,73W 733,755.2029149067863
US0251,US,CLT,MCO,,0,321 762 752 319,755.2029149067863
WN0238,WN,CLT,MCO,,0,73W 733,755.2029149067863
FL0156,FL,CLT,MDW,Y,0,73W,940.148323874555
WN0239,WN,CLT,MDW,,0,73W,940.148323874555
AA0309,AA,CLT,MEM,,0,319,821.434231086235
US0253,US,CLT,MEM,,0,CR7 319,821.434231086235
AA0313,AA,CLT,MIA,,0,320 321 319 737,1049.0930168580173
US0257,US,CLT,MIA,,0,320 321 319 734,1049.0930168580173
AA0314,AA,CLT,MKE,Y,0,CR7 CRJ CR9,1047.7824074479372
US0258,US,CLT,MKE,,0,CR7,1047.7824074479372
AA0317,AA,CLT,MSP,,0,319 321 320,1495.9277134083934
DL0435,DL,CLT,MSP,,0,319 320,1495.9277134083934
US0261,US,CLT,MSP,,0,319 321 320,1495.9277134083934
AA0318,AA,CLT,MSY,Y,0,319 320 E75 CR9,1047.738474473209
US0262,US,CLT,MSY,,0,319 320 ,1047.738474473209
AA0319,AA,CLT,MYR,,0,DH8,251.46290061025357
US0263,US,CLT,MYR,,0,CR7,251.46290061025357
AA0322,AA,CLT,OMA,Y,0,CR9,1467.7316602972028
US0266,US,CLT,OMA,Y,0,CR9,1467.7316602972028
AA0323,AA,CLT,ORD,,0,321 320 CR9 E90,964.5786715815266
UA0263,UA,CLT,ORD,,0,320 319,964.5786715815266
US0267,US,CLT,ORD,,0,321 320 E90,964.5786715815266
AA0324,AA,CLT,ORF,,0,319,465.4157959499869
US0268,US,CLT,ORF,,0,319 CR7,465.4157959499869
AA0325,AA,CLT,PBI,,0,320 319 737,952.0052991469939
US0269,US,CLT,PBI,,0,320 319 734,952.0052991469939
AA0326,AA,CLT,PDX,,0,320,3664.493712165759
US0270,US,CLT,PDX,,0,320,3664.493712165759
AA0329,AA,CLT,PHL,,0,767 E90 319 320 332 757 321 737,721.4732795846531
US0273,US,CLT,PHL,,0,762 E90 319 320 332 752 321 734,721.4732795846531
AA0330,AA,CLT,PHX,,0,757 321,2847.806400538932
US0274,US,CLT,PHX,,0,752 321,2847.806400538932
AA0331,AA,CLT,PIT,,0,319 737 320 321,590.1281374876288
US0275,US,CLT,PIT,,0,319 734 320 321,590.1281374876288
AA0333,AA,CLT,PNS,Y,0,CR9,785.8908317012877
US0277,US,CLT,PNS,Y,0,CR9,785.8908317012877
AA0335,AA,CLT,PVD,,0,321 320 319,1099.070303439928
US0279,US,CLT,PVD,,0,321 320 319,1099.070303439928
AA0336,AA,CLT,PWM,,0,319,1306.7970489694062
US0280,US,CLT,PWM,,0,319,1306.7970489694062
AA0337,AA,CLT,RDU,,0,320 737 319 321 E90,208.56913457819573
US0281,US,CLT,RDU,,0,320 734 319 321 E90,208.56913457819573
AA0338,AA,CLT,RIC,,0,319 CR7,412.47379425228706
US0282,US,CLT,RIC,,0,319,412.47379425228706
AA0340,AA,CLT,ROC,,0,319,922.8949716581569
US0284,US,CLT,ROC,,0,319,922.8949716581569
AA0341,AA,CLT,RSW,,0,320 321 319 737,968.1725912541456
US0285,US,CLT,RSW,,0,320 321 319 734,968.1725912541456
AA0342,AA,CLT,SAN,,0,320 321,3335.376077767211
US0286,US,CLT,SAN,,0,320 321,3335.376077767211
AA0343,AA,CLT,SAT,,0,319,1759.877318678634
US0287,US,CLT,SAT,,0,319,1759.877318678634
AA0344,AA,CLT,SAV,,0,CR9,344.12588618246474
US0288,US,CLT,SAV,,0,CR7 CRJ,344.12588618246474
AA0346,AA,CLT,SDF,,0,CR7 CR9 CRJ,538.9717985558104
US0290,US,CLT,SDF,,0,CR7 CRJ,538.9717985558104
AA0347,AA,CLT,SEA,,0,320 321 319,3660.4877408426914
US0291,US,CLT,SEA,,0,320 321 319,3660.4877408426914
AA0348,AA,CLT,SFO,,0,321,3686.9418214746797
US0292,US,CLT,SFO,,0,321,3686.9418214746797
AA0352,AA,CLT,SLC,,0,320,2773.753708831811
DL0436,DL,CLT,SLC,,0,320,2773.753708831811
US0296,US,CLT,SLC,,0,320,2773.753708831811
AA0353,AA,CLT,SMF,,0,321,3602.983332215667
US0297,US,CLT,SMF,,0,321,3602.983332215667
AA0354,AA,CLT,SRQ,Y,0,CR9 E75,882.8035258634379
US0298,US,CLT,SRQ,Y,0,CR9 E75,882.8035258634379
AA0355,AA,CLT,STL,,0,319,924.3745727556258
US0299,US,CLT,STL,,0,319,924.3745727556258
AA0358,AA,CLT,SYR,,0,CR9 319 320,971.6686176802259
US0302,US,CLT,SYR,,0,319 320,971.6686176802259
AA0360,AA,CLT,TPA,,0,320 321 319 737,818.8135946822567
US0304,US,CLT,TPA,,0,320 321 319 734,818.8135946822567
AA0362,AA,CLT,TYS,,0,CR7,283.99490184993135
US0306,US,CLT,TYS,,0,CRJ CR7,283.99490184993135
AF0473,AF,CMH,ATL,Y,0,M88 738 319,720.4056053118144
AM0077,AM,CMH,ATL,Y,0,M88,720.4056053118144
AZ0304,AZ,CMH,ATL,Y,0,M88 319,720.4056053118144
DL0437,DL,CMH,ATL,,0,M88 73W 738 319,720.4056053118144
FL0157,FL,CMH,ATL,,0,717,720.4056053118144
KL0395,KL,CMH,ATL,Y,0,M88 73W 738 319,720.4056053118144
VA0092,VA,CMH,ATL,Y,0,M88 73W 738 319,720.4056053118144
WN0240,WN,CMH,ATL,Y,0,717,720.4056053118144
WN0241,WN,CMH,BNA,,0,73W 73C,543.3830568002999
DL0438,DL,CMH,BOS,,0,ERJ,1027.7517607136376
FL0158,FL,CMH,BWI,Y,0,73W 73C,540.9911415493357
WN0242,WN,CMH,BWI,,0,73W 73C 733,540.9911415493357
UA0265,UA,CMH,CLE,Y,0,DH2 ERJ,180.0715283205504
AA0370,AA,CMH,CLT,,0,CR9,558.9280698381912
US0313,US,CMH,CLT,Y,0,E75 CR9 CR7 E70 CRJ,558.9280698381912
AA0371,AA,CMH,DCA,Y,0,CRJ E75 E70,518.6186210232232
US0314,US,CMH,DCA,,0,CRJ,518.6186210232232
UA0266,UA,CMH,DEN,Y,0,E70 CR7,1852.7332896271585
WN0243,WN,CMH,DEN,,0,73W,1852.7332896271585
AA0372,AA,CMH,DFW,,0,M83 M80,1488.6915654843265
US0315,US,CMH,DFW,,0,M83 M80,1488.6915654843265
DL0439,DL,CMH,DTW,Y,0,ERJ E75 CRJ,249.40174909393602
UA0267,UA,CMH,EWR,Y,0,DH4 ERJ E70,742.8100910514808
WN0244,WN,CMH,FLL,,0,73W,1569.112631168763
UA0268,UA,CMH,IAD,Y,0,E70 DH4 ERJ CR7 CRJ,481.0058380051139
UA0269,UA,CMH,IAH,Y,0,E70 ERJ CR7,1586.249748307463
AA0373,AA,CMH,JFK,Y,0,CR7 ER4,775.509768279037
DL0440,DL,CMH,JFK,Y,0,ERJ CRJ,775.509768279037
US0316,US,CMH,JFK,,0,CR7,775.509768279037
WN0245,WN,CMH,LAS,,0,73H,2842.6593189631985
AA0374,AA,CMH,LAX,,0,738,3204.066164868871
AS0097,AS,CMH,LAX,Y,0,738,3204.066164868871
DL0441,DL,CMH,LAX,,0,738,3204.066164868871
US0317,US,CMH,LAX,,0,738,3204.066164868871
AA0375,AA,CMH,LGA,Y,0,CR7 ERD,768.4378523404006
DL0442,DL,CMH,LGA,,0,CR7 ERJ,768.4378523404006
US0318,US,CMH,LGA,,0,CR7 ERD,768.4378523404006
DL0443,DL,CMH,MCO,Y,0,E70,1294.5114146831618
WN0246,WN,CMH,MCO,,0,73W 73C 733,1294.5114146831618
FL0159,FL,CMH,MDW,Y,0,73W,454.2716067467216
WN0247,WN,CMH,MDW,,0,73W 73H,454.2716067467216
AA0376,AA,CMH,MIA,Y,0,ER4,1597.5530748118533
US0319,US,CMH,MIA,Y,0,ER4,1597.5530748118533
DL0444,DL,CMH,MSP,Y,0,E70 CRJ CR9 ERJ,1005.4102050337223
AA0377,AA,CMH,ORD,Y,0,ER4 CR7 ERD,474.79723356471544
UA0270,UA,CMH,ORD,,0,738 319 739,474.79723356471544
US0320,US,CMH,ORD,,0,ER4,474.79723356471544
AA0378,AA,CMH,PHL,Y,0,E70 CRJ E75,652.2682162007293
US0321,US,CMH,PHL,Y,0,E70 CRJ E75,652.2682162007293
AA0379,AA,CMH,PHX,,0,319 320,2682.2756828368074
US0322,US,CMH,PHX,,0,319 320,2682.2756828368074
WN0248,WN,CMH,PHX,,0,73W,2682.2756828368074
DL0445,DL,CMH,RDU,Y,0,ERJ,582.4100148925905
FL0160,FL,CMH,RNO,Y,0,73W,3130.3604231977974
DL0446,DL,CMH,RSW,Y,0,E70,1500.7541534245865
WN0249,WN,CMH,RSW,,0,73W,1500.7541534245865
FL0161,FL,CMH,STL,Y,0,73W,657.4167204673972
WN0250,WN,CMH,STL,,0,733 73C 73W,657.4167204673972
DL0447,DL,CMH,TPA,Y,0,E75,1337.2465682448162
WN0251,WN,CMH,TPA,,0,73C 73W 733,1337.2465682448162
DL0451,DL,COS,ATL,,0,738,1902.5379334175639
KL0399,KL,COS,ATL,Y,0,738,1902.5379334175639
UA0276,UA,COS,DEN,Y,0,CR7 CRJ DH4 ERJ,117.24792809532018
AA0384,AA,COS,DFW,,0,M80 M83,952.5663586060399
US0327,US,COS,DFW,,0,M80 M83,952.5663586060399
UA0277,UA,COS,IAD,Y,0,CR7,2349.718219919624
UA0278,UA,COS,IAH,Y,0,CRJ ERJ,1302.1600284190454
G40073,G4,COS,LAS,,0,M80,970.3384211786597
UA0279,UA,COS,LAX,Y,0,CRJ CR7,1339.2200757881894
UA0280,UA,COS,ORD,Y,0,CR7 ERJ CRJ,1462.9053166457056
AS0098,AS,COS,SEA,,0,CR7,1715.8349242561687
UA0281,UA,COS,SFO,Y,0,CRJ,1547.3213659410742
DL0452,DL,COS,SLC,Y,0,CRJ,659.5385659891967
9E0021,9E,CVG,ATL,,0,CR9 ,602.1802541981559
AF0482,AF,CVG,ATL,Y,0,M88 738 320 319,602.1802541981559
AM0105,AM,CVG,ATL,Y,0,738,602.1802541981559
AZ0332,AZ,CVG,ATL,Y,0,M88 CR9,602.1802541981559
DL0470,DL,CVG,ATL,,0,738 M88 320  319,602.1802541981559
KL0414,KL,CVG,ATL,Y,0,M88 738 319,602.1802541981559
VS0070,VS,CVG,ATL,Y,0,M88 738 320 319,602.1802541981559
DL0471,DL,CVG,BDL,Y,0,CRJ CR9,1061.6959574091816
DL0472,DL,CVG,BNA,Y,0,CRJ,370.262234616402
DL0473,DL,CVG,BOS,,0,320,1207.346027842316
DL0474,DL,CVG,BWI,Y,0,ERJ CRJ,690.0979428167645
AA0401,AA,CVG,CLT,,0,CRJ,539.194660489398
DL0476,DL,CVG,CLT,Y,0,ERJ CRJ,539.194660489398
US0342,US,CVG,CLT,,0,CRJ,539.194660489398
AA0402,AA,CVG,DCA,Y,0,CRJ,659.9832527065248
DL0478,DL,CVG,DCA,Y,0,CR9,659.9832527065248
US0343,US,CVG,DCA,,0,CRJ,659.9832527065248
DL0479,DL,CVG,DEN,Y,0,CR9,1716.435263470772
F90028,F9,CVG,DEN,,0,320 319,1716.435263470772
UA0297,UA,CVG,DEN,Y,0,CR7 ERJ,1716.435263470772
AA0403,AA,CVG,DFW,Y,0,ER4 ERD,1304.761935481095
DL0480,DL,CVG,DFW,Y,0,CR9,1304.761935481095
US0344,US,CVG,DFW,,0,ER4,1304.761935481095
DL0481,DL,CVG,DTW,Y,0,ERJ CR9 CRJ,368.97050403102327
DL0482,DL,CVG,EWR,Y,0,CRJ,913.6575910507537
UA0298,UA,CVG,EWR,Y,0,ERJ,913.6575910507537
DL0483,DL,CVG,FLL,,0,73H M88,1503.0777658089175
DL0484,DL,CVG,GRR,,0,ERJ,432.0965835408184
UA0299,UA,CVG,IAD,Y,0,CRJ CR7 ER4 ERJ,623.1966593244206
DL0485,DL,CVG,IAH,Y,0,CR9,1402.3183797609183
UA0300,UA,CVG,IAH,Y,0,ERJ CR7,1402.3183797609183
DL0486,DL,CVG,JAX,Y,0,CRJ,989.4177484615169
AA0404,AA,CVG,JFK,Y,0,ER4,945.6186665336213
DL0487,DL,CVG,JFK,Y,0,CR9,945.6186665336213
US0345,US,CVG,JFK,,0,ER4,945.6186665336213
DL0488,DL,CVG,LAS,,0,757 738,2694.2635130768213
DL0489,DL,CVG,LAX,,0,320 73H,3050.927816040294
DL0490,DL,CVG,LGA,,0,CR7,939.8978679449899
DL0491,DL,CVG,MCI,,0,ERJ,865.9867988141813
DL0492,DL,CVG,MCO,,0,M88 320,1220.7160708607375
DL0493,DL,CVG,MEM,Y,0,CRJ,648.0613294520075
AA0405,AA,CVG,MIA,Y,0,ER4,1529.3120933050411
US0346,US,CVG,MIA,,0,ER4,1529.3120933050411
DL0494,DL,CVG,MKE,Y,0,CRJ,511.1065815292737
DL0496,DL,CVG,MSP,Y,0,CRJ CR9,958.5025914175709
DL0497,DL,CVG,MSY,Y,0,ERJ,1129.33893188354
AA0406,AA,CVG,ORD,Y,0,ER4,425.3843373990957
DL0498,DL,CVG,ORD,Y,0,CRJ CR9,425.3843373990957
UA0301,UA,CVG,ORD,Y,0,CR7 ER4 ERJ CRJ,425.3843373990957
US0347,US,CVG,ORD,,0,ER4,425.3843373990957
AA0407,AA,CVG,PHL,Y,0,E70 CRJ E75,814.0505513419408
DL0499,DL,CVG,PHL,,0,ERJ,814.0505513419408
US0348,US,CVG,PHL,Y,0,E70 CRJ E75,814.0505513419408
DL0500,DL,CVG,PIT,,0,ERJ,411.52054452031314
DL0502,DL,CVG,RDU,,0,ERJ,627.1795398393753
DL0503,DL,CVG,RIC,,0,ERJ,663.7726522515684
DL0504,DL,CVG,RSW,,0,M88,1417.6972520753814
G40076,G4,CVG,SFB,,0,320,1185.317259252703
DL0505,DL,CVG,SFO,,0,320,3269.0895542341063
DL0506,DL,CVG,SLC,,0,738 757 320,2327.7957735830028
DL0507,DL,CVG,STL,Y,0,CR9 CRJ,494.5035889136144
DL0508,DL,CVG,TPA,,0,M88,1246.9833402926422
WN0254,WN,DAL,ABQ,,0,73C 733 73W,932.4951436719399
AF0491,AF,DAL,ATL,Y,0,CRJ,1157.6774391914223
DL0515,DL,DAL,ATL,,0,,1157.6774391914223
KL0420,KL,DAL,ATL,Y,0,CRJ,1157.6774391914223
VS0071,VS,DAL,ATL,Y,0,CRJ,1157.6774391914223
FL0171,FL,DAL,AUS,Y,0,73W 735,304.30893895281514
WN0256,WN,DAL,AUS,,0,73W 733 735 73C,304.30893895281514
FL0172,FL,DAL,BHM,Y,0,73C,942.4276202271326
WN0257,WN,DAL,BHM,,0,73W 73C,942.4276202271326
WN0259,WN,DAL,ELP,,0,735 73W 73C,902.2964087566866
FL0173,FL,DAL,HOU,,0,73W,385.81676958793526
WN0260,WN,DAL,HOU,,0,73C 73W 735 733,385.81676958793526
UA0306,UA,DAL,IAH,Y,0,ERJ,348.6881125287226
FL0177,FL,DAL,MCI,Y,0,73W 73C,743.0780567094107
WN0266,WN,DAL,MCI,,0,73W 73C 733,743.0780567094107
FL0178,FL,DAL,MSY,Y,0,73W 73C,700.3194693034175
WN0267,WN,DAL,MSY,,0,73W 73C  735,700.3194693034175
FL0179,FL,DAL,OKC,Y,0,73W,291.69134191110527
WN0268,WN,DAL,OKC,,0,73W 73C 733,291.69134191110527
FL0180,FL,DAL,SAT,Y,0,73C 73W 735,399.1841014457557
WN0269,WN,DAL,SAT,,0,73W 735 73C 733,399.1841014457557
FL0181,FL,DAL,SEA,Y,0,73W,2684.8817973152227
FL0182,FL,DAL,SFO,Y,0,73W,2370.6160224196587
FL0183,FL,DAL,SLC,Y,0,73C,1607.230109339856
FL0184,FL,DAL,STL,Y,0,73W 73C,878.2864298781651
WN0270,WN,DAL,STL,,0,73C 73W 733,878.2864298781651
WN0271,WN,DAL,TUL,,0,73W 735,383.0179463847747
AA0422,AA,DCA,ALB,Y,0,E70 CRJ E75,511.65234439645104
US0363,US,DCA,ALB,,0,CRJ,511.65234439645104
AF0494,AF,DCA,ATL,Y,0,738 M90 M88,880.0933329876362
AM0109,AM,DCA,ATL,Y,0,738 M90 M88 73H,880.0933329876362
AZ0335,AZ,DCA,ATL,Y,0,M88 M90,880.0933329876362
DL0521,DL,DCA,ATL,,0,738 M88 M90 73H,880.0933329876362
FL0188,FL,DCA,ATL,,0,717,880.0933329876362
KL0423,KL,DCA,ATL,Y,0,M90 M88,880.0933329876362
WN0277,WN,DCA,ATL,,0,73W,880.0933329876362
WN0278,WN,DCA,AUS,,0,73W,2113.546299197951
AA0423,AA,DCA,BDL,Y,0,CRJ E75 E70,503.32638961494615
US0364,US,DCA,BDL,,0,CRJ,503.32638961494615
AA0425,AA,DCA,BHM,Y,0,CRJ,1050.385436569214
US0366,US,DCA,BHM,,0,CRJ,1050.385436569214
AA0426,AA,DCA,BNA,Y,0,ERD CRJ E70,902.483950705475
US0367,US,DCA,BNA,,0,ERD CRJ,902.483950705475
AA0427,AA,DCA,BOS,,0,319 E90,641.142269252491
B60083,B6,DCA,BOS,,0,E90 320,641.142269252491
US0368,US,DCA,BOS,,0,319 E90,641.142269252491
AA0429,AA,DCA,BUF,Y,0,CRJ E75 E70,476.36751845768066
US0370,US,DCA,BUF,Y,0,CRJ E75 E70,476.36751845768066
AA0433,AA,DCA,CHS,Y,0,E70 CRJ E75,715.2024620785782
US0374,US,DCA,CHS,Y,0,E70 CRJ E75,715.2024620785782
UA0313,UA,DCA,CLE,Y,0,ERJ E70,498.2398201307604
AA0434,AA,DCA,CLT,,0,319 320,532.6366790406834
US0375,US,DCA,CLT,,0,319 CRJ 320,532.6366790406834
AA0435,AA,DCA,CMH,Y,0,CRJ E75 E70,518.6186210232232
US0376,US,DCA,CMH,Y,0,CRJ E75 E70,518.6186210232232
AA0437,AA,DCA,CVG,Y,0,CRJ,659.9832527065248
DL0522,DL,DCA,CVG,Y,0,CR9,659.9832527065248
US0378,US,DCA,CVG,,0,CRJ,659.9832527065248
F90033,F9,DCA,DEN,,0,320 319,2369.2782032475393
UA0314,UA,DCA,DEN,,0,738 752 320,2369.2782032475393
AA0439,AA,DCA,DFW,,0,738 M80,1914.9418477820716
US0380,US,DCA,DFW,,0,738 M80,1914.9418477820716
AA0440,AA,DCA,DSM,Y,0,E70 CRJ,1440.3366653247192
US0381,US,DCA,DSM,Y,0,E70 CRJ,1440.3366653247192
AA0441,AA,DCA,DTW,Y,0,CRJ E70 E75,651.3593959855276
DL0523,DL,DCA,DTW,,0,319 738 M88,651.3593959855276
US0382,US,DCA,DTW,Y,0,CRJ E70 E75,651.3593959855276
UA0315,UA,DCA,EWR,Y,0,DH4 ERJ E70,319.0028644772538
AA0443,AA,DCA,FLL,,0,319,1450.4838839111917
B60084,B6,DCA,FLL,,0,E90 320,1450.4838839111917
US0384,US,DCA,FLL,,0,319,1450.4838839111917
AA0444,AA,DCA,GSO,Y,0,CRJ E70 E75,398.901228777057
US0385,US,DCA,GSO,Y,0,CRJ E70 E75,398.901228777057
WN0279,WN,DCA,HOU,,0,73W,1958.6771966156455
UA0316,UA,DCA,IAH,,0,738 319 73G 320 752,1941.6309443417174
AA0450,AA,DCA,IND,Y,0,E70 E75 CRJ,802.1066100233389
US0391,US,DCA,IND,,0,CRJ,802.1066100233389
AA0453,AA,DCA,JAX,Y,0,CRJ E75 E70,1021.8032087684654
US0394,US,DCA,JAX,Y,0,CRJ E75 E70,1021.8032087684654
AA0454,AA,DCA,JFK,,0,738,342.16693011793376
DL0524,DL,DCA,JFK,Y,0,CR9,342.16693011793376
US0395,US,DCA,JFK,,0,738,342.16693011793376
AA0455,AA,DCA,LAS,,0,319,3353.4551234822693
US0396,US,DCA,LAS,,0,319,3353.4551234822693
AA0456,AA,DCA,LAX,,0,738,3710.8987035484506
AS0099,AS,DCA,LAX,,0,73H,3710.8987035484506
DL0525,DL,DCA,LAX,Y,0,73H,3710.8987035484506
US0397,US,DCA,LAX,,0,738,3710.8987035484506
AA0457,AA,DCA,LGA,,0,319 E90,344.7812329287066
DL0527,DL,DCA,LGA,Y,0,E70 E75,344.7812329287066
US0398,US,DCA,LGA,,0,319 E90,344.7812329287066
AA0459,AA,DCA,MCI,Y,0,E70 E75,1524.2127565177186
US0400,US,DCA,MCI,Y,0,E70 E75,1524.2127565177186
WN0280,WN,DCA,MCI,,0,73W,1524.2127565177186
AA0460,AA,DCA,MCO,,0,320 319,1224.126893986749
B60085,B6,DCA,MCO,,0,320 E90,1224.126893986749
US0401,US,DCA,MCO,,0,320 319,1224.126893986749
AA0461,AA,DCA,MEM,Y,0,CRJ,1223.9238832610852
DL0528,DL,DCA,MEM,Y,0,E70,1223.9238832610852
US0402,US,DCA,MEM,,0,CRJ,1223.9238832610852
AA0463,AA,DCA,MIA,,0,738,1483.2788051264984
US0404,US,DCA,MIA,,0,738,1483.2788051264984
FL0189,FL,DCA,MKE,,0,717,1018.8617054111644
WN0281,WN,DCA,MKE,Y,0,717,1018.8617054111644
AA0464,AA,DCA,MSP,Y,0,E70 E75,1494.765154723233
DL0530,DL,DCA,MSP,,0,M90 M88 319 738 320,1494.765154723233
SY0005,SY,DCA,MSP,,0,73G,1494.765154723233
US0405,US,DCA,MSP,Y,0,E70 E75,1494.765154723233
AA0465,AA,DCA,MSY,Y,0,E70 E75,1559.8235107831028
US0406,US,DCA,MSY,Y,0,E70 E75,1559.8235107831028
AA0466,AA,DCA,MYR,Y,0,CRJ,599.5581540734102
US0407,US,DCA,MYR,Y,0,CRJ,599.5581540734102
AA0469,AA,DCA,OMA,Y,0,E70,1623.9970746387303
DL0531,DL,DCA,OMA,Y,0,E70,1623.9970746387303
US0410,US,DCA,OMA,Y,0,E70,1623.9970746387303
AA0470,AA,DCA,ORD,,0,738 M83 M80,982.6189947681237
UA0317,UA,DCA,ORD,,0,738 320 73G 319,982.6189947681237
US0411,US,DCA,ORD,,0,738 M83,982.6189947681237
AA0471,AA,DCA,ORF,,0,DH3,229.63814276757392
US0412,US,DCA,ORF,,0,CRJ,229.63814276757392
AA0472,AA,DCA,PBI,Y,0,E75 E70,1382.7452841205513
US0413,US,DCA,PBI,Y,0,E75 E70,1382.7452841205513
AA0473,AA,DCA,PDX,Y,0,737,3773.2264626905053
AS0100,AS,DCA,PDX,,0,73H,3773.2264626905053
AA0474,AA,DCA,PHL,,0,319 320 DH3,191.60509979373919
US0414,US,DCA,PHL,,0,319 320 CRJ,191.60509979373919
AA0475,AA,DCA,PHX,,0,320 757,3177.1508561670894
US0415,US,DCA,PHX,,0,320 752,3177.1508561670894
AA0476,AA,DCA,PIT,Y,0,CRJ E75,328.6248001763228
US0416,US,DCA,PIT,Y,0,CRJ E75,328.6248001763228
AA0477,AA,DCA,PNS,Y,0,CRJ,1313.4938658002297
US0417,US,DCA,PNS,,0,CRJ,1313.4938658002297
AA0478,AA,DCA,PVD,Y,0,CRJ E75 E70,573.0706820731558
US0418,US,DCA,PVD,Y,0,CRJ E75 E70,573.0706820731558
AA0479,AA,DCA,PWM,Y,0,E75 CRJ E70,774.4791622894788
US0419,US,DCA,PWM,Y,0,E75 CRJ E70,774.4791622894788
AA0480,AA,DCA,RDU,Y,0,ERD CRJ,364.97924845808893
US0420,US,DCA,RDU,,0,ERD CRJ,364.97924845808893
AA0481,AA,DCA,ROC,Y,0,E70 CRJ,477.4238465845887
US0421,US,DCA,ROC,Y,0,E70 CRJ,477.4238465845887
AA0482,AA,DCA,RSW,Y,0,E75 E70,1438.357573473347
FL0190,FL,DCA,RSW,,0,717,1438.357573473347
US0422,US,DCA,RSW,Y,0,E75 E70,1438.357573473347
WN0282,WN,DCA,RSW,Y,0,717,1438.357573473347
AA0483,AA,DCA,SAN,,0,319,3654.7980277131214
US0423,US,DCA,SAN,,0,319,3654.7980277131214
AA0484,AA,DCA,SAV,Y,0,CRJ,837.1652825141728
US0424,US,DCA,SAV,,0,CRJ,837.1652825141728
AA0485,AA,DCA,SDF,Y,0,CRJ E75,760.2357485323322
US0425,US,DCA,SDF,,0,CRJ,760.2357485323322
AS0101,AS,DCA,SEA,,0,73H,3738.2431689063646
UA0318,UA,DCA,SFO,,0,738 73G,3920.908487611164
VX0006,VX,DCA,SFO,,0,320,3920.908487611164
DL0532,DL,DCA,SLC,,0,757,2972.214244083085
AA0486,AA,DCA,SRQ,Y,0,CRJ,1372.941728827146
US0426,US,DCA,SRQ,Y,0,CRJ,1372.941728827146
AA0487,AA,DCA,STL,Y,0,CR7,1154.3804797913679
US0427,US,DCA,STL,Y,0,CR7,1154.3804797913679
WN0283,WN,DCA,STL,,0,73W,1154.3804797913679
AA0488,AA,DCA,SYR,Y,0,E70 CRJ E75,479.9908094524161
US0428,US,DCA,SYR,Y,0,E70 CRJ E75,479.9908094524161
AA0490,AA,DCA,TPA,,0,319,1311.8728981859779
B60087,B6,DCA,TPA,,0,320,1311.8728981859779
US0430,US,DCA,TPA,,0,319,1311.8728981859779
AA0491,AA,DCA,TYS,Y,0,CRJ,701.5799781929999
US0431,US,DCA,TYS,,0,CRJ,701.5799781929999
FL0191,FL,DEN,ABQ,,0,73W,562.4869406389843
UA0322,UA,DEN,ABQ,Y,0,DH4 E70 CRJ ERJ,562.4869406389843
WN0284,WN,DEN,ABQ,,0,73W 73C,562.4869406389843
UA0326,UA,DEN,ANC,,0,738,3863.129816959807
AC0059,AC,DEN,ATL,Y,0,CR7,1926.6364333901013
AF0496,AF,DEN,ATL,Y,0,757 M90 738,1926.6364333901013
AM0110,AM,DEN,ATL,Y,0,M90 738,1926.6364333901013
AZ0339,AZ,DEN,ATL,Y,0,757,1926.6364333901013
DL0533,DL,DEN,ATL,,0,757 M90 738,1926.6364333901013
F90038,F9,DEN,ATL,,0,319,1926.6364333901013
FL0193,FL,DEN,ATL,,0,73G,1926.6364333901013
KL0425,KL,DEN,ATL,Y,0,757 M90,1926.6364333901013
UA0328,UA,DEN,ATL,Y,0,CR7,1926.6364333901013
VS0073,VS,DEN,ATL,Y,0,757 M90 738,1926.6364333901013
WN0286,WN,DEN,ATL,,0,73W,1926.6364333901013
F90039,F9,DEN,AUS,,0,319,1248.7717662505524
UA0329,UA,DEN,AUS,,0,738 739 752,1248.7717662505524
WN0287,WN,DEN,AUS,,0,73C 73W,1248.7717662505524
WN0288,WN,DEN,BDL,,0,73W,2682.6237066886565
UA0331,UA,DEN,BHM,Y,0,ERJ,1740.255090487731
F90043,F9,DEN,BNA,,0,320 319,1627.6219138906
FL0194,FL,DEN,BNA,Y,0,738,1627.6219138906
UA0334,UA,DEN,BNA,Y,0,ERJ,1627.6219138906
WN0289,WN,DEN,BNA,,0,73W 738 73H,1627.6219138906
UA0335,UA,DEN,BOI,,0,319 320 738 739,1042.2257326166248
WN0290,WN,DEN,BOI,,0,73W 73C,1042.2257326166248
B60088,B6,DEN,BOS,,0,320,2815.6554962526347
UA0336,UA,DEN,BOS,,0,739 752 738 320,2815.6554962526347
WN0291,WN,DEN,BOS,,0,73W,2815.6554962526347
UA0337,UA,DEN,BUR,Y,0,CR7 CRJ,1365.8123030522593
WN0292,WN,DEN,BUR,,0,73W,1365.8123030522593
FL0195,FL,DEN,BWI,Y,0,73H,2393.637021710443
UA0338,UA,DEN,BWI,,0,320 739 738,2393.637021710443
WN0293,WN,DEN,BWI,,0,73W 738,2393.637021710443
F90046,F9,DEN,CLE,,0,320,1928.0299964238152
UA0341,UA,DEN,CLE,,0,320 738 319,1928.0299964238152
AA0497,AA,DEN,CLT,,0,321 320,2148.2489312623848
US0436,US,DEN,CLT,,0,321 320,2148.2489312623848
FL0196,FL,DEN,CMH,Y,0,73W,1852.7332896271585
UA0342,UA,DEN,CMH,Y,0,ERJ CR7 E70,1852.7332896271585
WN0295,WN,DEN,CMH,,0,73W,1852.7332896271585
UA0344,UA,DEN,COS,Y,0,ERJ DH4 CRJ CR7,117.24792809532018
DL0534,DL,DEN,CVG,Y,0,CR9,1716.435263470772
F90048,F9,DEN,CVG,,0,319 320,1716.435263470772
UA0347,UA,DEN,CVG,Y,0,ERJ CR7,1716.435263470772
F90051,F9,DEN,DCA,,0,320 319,2369.2782032475393
UA0350,UA,DEN,DCA,,0,738 752 320,2369.2782032475393
AA0498,AA,DEN,DFW,,0,738 M83 M80,1032.0107749229687
F90052,F9,DEN,DFW,,0,319 320,1032.0107749229687
NK0030,NK,DEN,DFW,,0,320 319,1032.0107749229687
UA0351,UA,DEN,DFW,,0,319 739 73G,1032.0107749229687
US0437,US,DEN,DFW,,0,738 M83 M80,1032.0107749229687
F90053,F9,DEN,DSM,,0,319,946.5550797606844
UA0354,UA,DEN,DSM,,0,738 73G 319,946.5550797606844
DL0535,DL,DEN,DTW,,0,M90 320,1802.3826633109747
F90054,F9,DEN,DTW,,0,319 320,1802.3826633109747
NK0031,NK,DEN,DTW,,0,320,1802.3826633109747
UA0355,UA,DEN,DTW,Y,0,CR7 E70,1802.3826633109747
WN0297,WN,DEN,DTW,,0,73W,1802.3826633109747
UA0357,UA,DEN,ELP,Y,0,ERJ CRJ,908.1285328746897
UA0359,UA,DEN,EWR,,0,738 752 319 739 320,2576.4055227547256
WN0298,WN,DEN,EWR,,0,73W,2576.4055227547256
F90057,F9,DEN,FAT,,0,319,1354.7009967857202
UA0361,UA,DEN,FAT,Y,0,CRJ,1354.7009967857202
F90058,F9,DEN,FLL,,0,319 320,2739.010663278083
NK0032,NK,DEN,FLL,,0,319,2739.010663278083
UA0363,UA,DEN,FLL,,0,752 738 320,2739.010663278083
WN0299,WN,DEN,FLL,,0,73W,2739.010663278083
F90061,F9,DEN,GEG,,0,319,1343.0004457223806
FL0198,FL,DEN,GEG,Y,0,73W,1343.0004457223806
UA0368,UA,DEN,GEG,,0,738 739,1343.0004457223806
WN0300,WN,DEN,GEG,,0,73W,1343.0004457223806
UA0370,UA,DEN,GRR,Y,0,CR7 E70,1629.2002261262824
WN0301,WN,DEN,GRR,,0,73W,1629.2002261262824
F90062,F9,DEN,GSO,,0,319,2200.628284444944
UA0375,UA,DEN,HNL,,0,752,5408.074590760332
WN0302,WN,DEN,HOU,,0,73H 73W 733,1421.9032064210467
UA0377,UA,DEN,IAD,,0,320 752 319 739 738,2331.781558247681
WN0303,WN,DEN,IAD,,0,73W,2331.781558247681
F90063,F9,DEN,IAH,,0,319 320,1387.3971547534793
NK0033,NK,DEN,IAH,,0,320,1387.3971547534793
UA0378,UA,DEN,IAH,,0,739 738 752 788 320 753 319 73G,1387.3971547534793
F90065,F9,DEN,IND,,0,320 319,1567.702068460506
FL0199,FL,DEN,IND,Y,0,73C,1567.702068460506
UA0381,UA,DEN,IND,Y,0,ERJ E70 CR7,1567.702068460506
WN0304,WN,DEN,IND,,0,73C 73W 733,1567.702068460506
WN0305,WN,DEN,JAX,,0,73W,2325.022253355985
B60089,B6,DEN,JFK,,0,320,2609.8579159162396
DL0536,DL,DEN,JFK,,0,73H,2609.8579159162396
UA0384,UA,DEN,KOA,,0,752,5351.372787275499
F90066,F9,DEN,LAS,,0,320 319,1009.0505170516835
FL0200,FL,DEN,LAS,Y,0,73C 73W 73H,1009.0505170516835
NK0034,NK,DEN,LAS,,0,319,1009.0505170516835
UA0386,UA,DEN,LAS,,0,738 320 739 752,1009.0505170516835
WN0306,WN,DEN,LAS,,0,73W 73C 73H 738,1009.0505170516835
AA0499,AA,DEN,LAX,Y,0,CR7,1385.0014643872016
AS0102,AS,DEN,LAX,Y,0,CR7,1385.0014643872016
F90067,F9,DEN,LAX,,0,319 320,1385.0014643872016
FL0201,FL,DEN,LAX,Y,0,73W 73C,1385.0014643872016
UA0387,UA,DEN,LAX,,0,739 320 319 738 753 752,1385.0014643872016
US0438,US,DEN,LAX,,0,CR7,1385.0014643872016
WN0307,WN,DEN,LAX,,0,733 73H 73C 73W,1385.0014643872016
DL0537,DL,DEN,LGA,,0,320,2599.915507747324
F90068,F9,DEN,LGA,,0,320,2599.915507747324
UA0389,UA,DEN,LGA,,0,752 738 320,2599.915507747324
WN0308,WN,DEN,LGA,,0,73W,2599.915507747324
UA0390,UA,DEN,LIH,,0,752,5486.580549459003
F90071,F9,DEN,MCI,,0,319 320,855.3802615006564
FL0202,FL,DEN,MCI,Y,0,73W,855.3802615006564
UA0394,UA,DEN,MCI,,0,DH4,855.3802615006564
WN0309,WN,DEN,MCI,,0,73W 73C 73H,855.3802615006564
F90072,F9,DEN,MCO,,0,320 319,2486.333949647044
FL0203,FL,DEN,MCO,Y,0,73W,2486.333949647044
UA0395,UA,DEN,MCO,,0,320 738 739 752,2486.333949647044
WN0310,WN,DEN,MCO,,0,73W 73H,2486.333949647044
F90074,F9,DEN,MDW,,0,319,1437.4509749686433
FL0204,FL,DEN,MDW,Y,0,73W,1437.4509749686433
WN0311,WN,DEN,MDW,,0,73W 738,1437.4509749686433
DL0538,DL,DEN,MEM,Y,0,CR9,1401.383231639458
F90075,F9,DEN,MEM,,0,319,1401.383231639458
UA0396,UA,DEN,MEM,Y,0,CRJ ERJ,1401.383231639458
AA0501,AA,DEN,MIA,,0,738,2748.5279015816536
UA0399,UA,DEN,MIA,,0,319,2748.5279015816536
US0439,US,DEN,MIA,,0,738,2748.5279015816536
F90076,F9,DEN,MKE,,0,319 320,1438.0939305330828
FL0205,FL,DEN,MKE,Y,0,73W,1438.0939305330828
UA0400,UA,DEN,MKE,Y,0,CRJ,1438.0939305330828
WN0312,WN,DEN,MKE,,0,73W 733,1438.0939305330828
DL0539,DL,DEN,MSP,,0,M90 320 738 757,1092.4219377751367
F90079,F9,DEN,MSP,,0,319 320,1092.4219377751367
FL0206,FL,DEN,MSP,Y,0,73W 73H,1092.4219377751367
NK0035,NK,DEN,MSP,,0,319,1092.4219377751367
UA0406,UA,DEN,MSP,,0,320,1092.4219377751367
WN0313,WN,DEN,MSP,,0,73W 73H 733 73C,1092.4219377751367
AC0060,AC,DEN,MSY,Y,0,738 739,1707.5691868523097
F90080,F9,DEN,MSY,,0,319,1707.5691868523097
FL0207,FL,DEN,MSY,Y,0,73W,1707.5691868523097
UA0407,UA,DEN,MSY,,0,738  739,1707.5691868523097
WN0314,WN,DEN,MSY,,0,73W ,1707.5691868523097
WN0315,WN,DEN,OAK,,0,73W,1536.7700908433467
UA0410,UA,DEN,OGG,,0,752,5308.514529294367
F90081,F9,DEN,OKC,,0,319,796.38417066531
FL0208,FL,DEN,OKC,Y,0,73W,796.38417066531
UA0411,UA,DEN,OKC,Y,0,DH4 ERJ CRJ,796.38417066531
WN0316,WN,DEN,OKC,,0,73W 73C,796.38417066531
F90082,F9,DEN,OMA,,0,319,758.2536121621868
FL0209,FL,DEN,OMA,Y,0,73W,758.2536121621868
UA0412,UA,DEN,OMA,,0,738 73G,758.2536121621868
WN0317,WN,DEN,OMA,,0,73W,758.2536121621868
FL0210,FL,DEN,ONT,Y,0,73W,1315.5891042793965
UA0413,UA,DEN,ONT,Y,0,CRJ,1315.5891042793965
WN0318,WN,DEN,ONT,,0,73W,1315.5891042793965
AA0502,AA,DEN,ORD,,0,M80 M83,1426.135514067899
NK0036,NK,DEN,ORD,,0,320,1426.135514067899
UA0414,UA,DEN,ORD,,0,739 752 738 319 320 73G,1426.135514067899
US0440,US,DEN,ORD,,0,CR7,1426.135514067899
FL0211,FL,DEN,ORF,Y,0,73W,2493.0691560510995
F90083,F9,DEN,PDX,,0,319 320,1592.207236455372
UA0415,UA,DEN,PDX,,0,752 319 738 739 320,1592.207236455372
WN0319,WN,DEN,PDX,,0,73W,1592.207236455372
AA0503,AA,DEN,PHL,,0,320 321,2500.4885216606663
UA0416,UA,DEN,PHL,,0,320 738 739 319,2500.4885216606663
US0441,US,DEN,PHL,,0,320 321,2500.4885216606663
WN0320,WN,DEN,PHL,,0,73W,2500.4885216606663
AA0504,AA,DEN,PHX,,0,320 321,967.9067904649789
F90085,F9,DEN,PHX,,0,320 319,967.9067904649789
FL0212,FL,DEN,PHX,Y,0,73W,967.9067904649789
NK0037,NK,DEN,PHX,,0,320 319,967.9067904649789
UA0417,UA,DEN,PHX,,0,739 738 320,967.9067904649789
US0442,US,DEN,PHX,,0,320 321,967.9067904649789
WN0321,WN,DEN,PHX,,0,73W 73C 73H 733,967.9067904649789
UA0420,UA,DEN,PIT,,0,320 738 73G,2071.053626874784
WN0322,WN,DEN,PIT,,0,73W 73H,2071.053626874784
F90087,F9,DEN,PSP,,0,319,1246.684115633724
UA0422,UA,DEN,PSP,Y,0,CRJ CR7,1246.684115633724
WN0323,WN,DEN,RDU,,0,73W,2306.5053148404118
UA0428,UA,DEN,RNO,,0,320,1290.8307828007198
WN0324,WN,DEN,RNO,,0,73W,1290.8307828007198
F90089,F9,DEN,RSW,,0,319 320,2584.28769767054
UA0429,UA,DEN,RSW,,0,738,2584.28769767054
F90090,F9,DEN,SAN,,0,320 319,1371.1696120302634
FL0213,FL,DEN,SAN,Y,0,73C,1371.1696120302634
UA0431,UA,DEN,SAN,,0,320 738 752 739 319,1371.1696120302634
WN0325,WN,DEN,SAN,,0,73C 73H 73W,1371.1696120302634
FL0214,FL,DEN,SAT,Y,0,73W 73C,1279.8074294675482
UA0432,UA,DEN,SAT,,0,319,1279.8074294675482
WN0326,WN,DEN,SAT,,0,73C 73W 733,1279.8074294675482
UA0434,UA,DEN,SDF,Y,0,ERJ,1643.8517303849333
WN0327,WN,DEN,SDF,,0,73W,1643.8517303849333
AA0505,AA,DEN,SEA,Y,0,737,1645.161198559227
AS0103,AS,DEN,SEA,,0,739 73G 73H,1645.161198559227
F90092,F9,DEN,SEA,,0,319 320,1645.161198559227
UA0435,UA,DEN,SEA,,0,320 738 739,1645.161198559227
WN0328,WN,DEN,SEA,,0,73W 73H,1645.161198559227
F90093,F9,DEN,SFO,,0,320 319,1552.657429574184
UA0436,UA,DEN,SFO,,0,752 738 320 739 73G 319 753,1552.657429574184
WN0329,WN,DEN,SFO,,0,73W,1552.657429574184
UA0440,UA,DEN,SJC,,0,319 752 738 73G,1522.261421478582
WN0330,WN,DEN,SJC,,0,73W,1522.261421478582
DL0540,DL,DEN,SLC,,0,320,627.723881158865
F90096,F9,DEN,SLC,,0,319 320,627.723881158865
FL0216,FL,DEN,SLC,Y,0,73W 733,627.723881158865
UA0442,UA,DEN,SLC,Y,0,CR7 ERJ DH4 CRJ E70,627.723881158865
WN0331,WN,DEN,SLC,,0,73W 733 73C 73H,627.723881158865
FL0217,FL,DEN,SMF,Y,0,73W,1459.6906139988178
UA0443,UA,DEN,SMF,,0,320 739,1459.6906139988178
WN0332,WN,DEN,SMF,,0,733 73W 73H 73C 738,1459.6906139988178
F90097,F9,DEN,SNA,,0,319,1359.680859239526
FL0218,FL,DEN,SNA,Y,0,73W,1359.680859239526
UA0444,UA,DEN,SNA,,0,73G 320 738 752,1359.680859239526
WN0333,WN,DEN,SNA,,0,73W,1359.680859239526
F90098,F9,DEN,STL,,0,320 319,1235.5731046321494
UA0445,UA,DEN,STL,Y,0,CR7 E70 ERJ CRJ,1235.5731046321494
WN0334,WN,DEN,STL,,0,73W 733,1235.5731046321494
F90099,F9,DEN,TPA,,0,320 319,2422.4949305527393
FL0219,FL,DEN,TPA,Y,0,73W,2422.4949305527393
UA0446,UA,DEN,TPA,,0,739 73G 738,2422.4949305527393
WN0335,WN,DEN,TPA,,0,73W 73H,2422.4949305527393
UA0447,UA,DEN,TUL,Y,0,CRJ ERJ CR7,870.2327456293121
WN0336,WN,DEN,TUL,,0,735 73W,870.2327456293121
FL0220,FL,DEN,TUS,Y,0,73W 73C,1028.5806160065322
UA0448,UA,DEN,TUS,Y,0,CR7 CRJ ERJ,1028.5806160065322
WN0337,WN,DEN,TUS,,0,73W 73C,1028.5806160065322
F90100,F9,DEN,TYS,,0,319,1866.3940159166789
UA0449,UA,DEN,TYS,Y,0,ERJ,1866.3940159166789
AA0507,AA,DFW,ABQ,,0,M80 M83,913.8005959287797
US0444,US,DFW,ABQ,,0,M80 M83,913.8005959287797
AA0512,AA,DFW,ATL,,0,M83 M80 319,1174.5318236036762
AF0497,AF,DFW,ATL,Y,0,M88 319,1174.5318236036762
AZ0340,AZ,DFW,ATL,Y,0,M88,1174.5318236036762
BA0095,BA,DFW,ATL,Y,0,M80 M83,1174.5318236036762
DL0542,DL,DFW,ATL,,0,M88 319,1174.5318236036762
KL0427,KL,DFW,ATL,Y,0,M88 319,1174.5318236036762
NK0038,NK,DFW,ATL,,0,320,1174.5318236036762
QF0122,QF,DFW,ATL,Y,0,M83 M80 319,1174.5318236036762
US0449,US,DFW,ATL,Y,0,M83 M80 319,1174.5318236036762
VS0074,VS,DFW,ATL,Y,0,M88 319,1174.5318236036762
AA0513,AA,DFW,AUS,,0,M80 M83 738,305.91188020343327
FL0221,FL,DFW,AUS,Y,0,M83,305.91188020343327
US0450,US,DFW,AUS,,0,M80 M83 738,305.91188020343327
AA0514,AA,DFW,BDL,,0,738,2362.7924438882806
US0451,US,DFW,BDL,,0,738,2362.7924438882806
AA0515,AA,DFW,BHM,,0,M80 M83,959.3079814916091
US0452,US,DFW,BHM,,0,M80 M83,959.3079814916091
AA0518,AA,DFW,BNA,,0,738 M80 M83,1014.1482834148936
US0455,US,DFW,BNA,,0,738 M80 M83,1014.1482834148936
AA0521,AA,DFW,BOS,,0,738 757,2508.983854326014
B60090,B6,DFW,BOS,,0,E90,2508.983854326014
NK0039,NK,DFW,BOS,,0,319,2508.983854326014
US0457,US,DFW,BOS,,0,738 757,2508.983854326014
AA0525,AA,DFW,BWI,,0,M83 M80,1954.7685504854694
NK0040,NK,DFW,BWI,,0,320,1954.7685504854694
US0461,US,DFW,BWI,,0,M83 M80,1954.7685504854694
AA0531,AA,DFW,CHS,Y,0,ER4 ERD,1585.4666397807107
US0466,US,DFW,CHS,Y,0,ER4 ERD,1585.4666397807107
AA0533,AA,DFW,CLE,,0,319,1641.7331052812567
UA0460,UA,DFW,CLE,Y,0,ERJ,1641.7331052812567
US0468,US,DFW,CLE,,0,319,1641.7331052812567
AA0535,AA,DFW,CLT,,0,321 319 M80 M83 320 737 757,1503.2069279565508
US0470,US,DFW,CLT,,0,321 319 M80 M83 320 734 752,1503.2069279565508
AA0536,AA,DFW,CMH,,0,M83 M80,1488.6915654843265
US0471,US,DFW,CMH,,0,M83 M80,1488.6915654843265
AA0538,AA,DFW,COS,,0,M80 M83,952.5663586060399
US0473,US,DFW,COS,,0,M80 M83,952.5663586060399
AA0544,AA,DFW,CVG,Y,0,ERD ER4,1304.761935481095
DL0543,DL,DFW,CVG,Y,0,CR9,1304.761935481095
US0479,US,DFW,CVG,,0,ER4,1304.761935481095
AA0547,AA,DFW,DCA,,0,738 M80,1914.9418477820716
US0482,US,DFW,DCA,,0,738 M80,1914.9418477820716
AA0548,AA,DFW,DEN,,0,738 M80 M83,1032.0107749229687
F90101,F9,DFW,DEN,,0,319 320,1032.0107749229687
NK0042,NK,DFW,DEN,,0,320 319,1032.0107749229687
UA0461,UA,DFW,DEN,,0,319 738 320 739,1032.0107749229687
US0483,US,DFW,DEN,,0,738 M80 M83,1032.0107749229687
AA0550,AA,DFW,DSM,,0,M83 M80,1005.7716359958637
US0485,US,DFW,DSM,,0,ER4 M83 M80,1005.7716359958637
AA0551,AA,DFW,DTW,,0,738 M83 M80,1586.4835416110616
DL0544,DL,DFW,DTW,,0,319 E75 M88 320,1586.4835416110616
NK0043,NK,DFW,DTW,,0,319 320,1586.4835416110616
US0486,US,DFW,DTW,,0,738 M83 M80,1586.4835416110616
AA0552,AA,DFW,ELP,,0,M80 319,885.0961725184476
US0487,US,DFW,ELP,,0,M80 319,885.0961725184476
AA0554,AA,DFW,EWR,,0,M83 M80,2204.546461508576
UA0462,UA,DFW,EWR,,0,73G 319 738,2204.546461508576
US0489,US,DFW,EWR,,0,M83 M80,2204.546461508576
AA0557,AA,DFW,FAT,,0,M80,2109.093654072872
US0491,US,DFW,FAT,,0,M80,2109.093654072872
AA0558,AA,DFW,FLL,,0,738,1798.9239552855793
NK0044,NK,DFW,FLL,,0,320 319,1798.9239552855793
US0492,US,DFW,FLL,,0,738,1798.9239552855793
AA0571,AA,DFW,GRR,Y,0,ER4 ERD,1498.3461458500815
US0505,US,DFW,GRR,Y,0,ER4 ERD,1498.3461458500815
AA0573,AA,DFW,GSO,Y,0,ER4,1604.7643303258596
US0507,US,DFW,GSO,,0,ER4,1604.7643303258596
AA0576,AA,DFW,HNL,,0,763,6081.163466199165
US0510,US,DFW,HNL,,0,763,6081.163466199165
AA0577,AA,DFW,HOU,,0,M83 M80,398.3930060725104
US0511,US,DFW,HOU,,0,M83 M80,398.3930060725104
AA0579,AA,DFW,IAD,,0,738 M80,1882.477924988515
UA0464,UA,DFW,IAD,,0,320 73G 738,1882.477924988515
US0513,US,DFW,IAD,,0,738 M80,1882.477924988515
AA0580,AA,DFW,IAH,,0,M83 M80,361.62060029034046
UA0465,UA,DFW,IAH,,0,319 738 73G,361.62060029034046
US0514,US,DFW,IAH,,0,M83 M80,361.62060029034046
AA0583,AA,DFW,IND,,0,M80 M83,1223.9890393722342
US0517,US,DFW,IND,,0,M80 M83,1223.9890393722342
AA0585,AA,DFW,JAX,,0,M80 M83,1475.2947376674563
US0519,US,DFW,JAX,,0,M80 M83,1475.2947376674563
AA0586,AA,DFW,JFK,,0,738,2234.851852473003
DL0546,DL,DFW,JFK,Y,0,CR9,2234.851852473003
US0520,US,DFW,JFK,,0,738,2234.851852473003
AA0588,AA,DFW,LAS,,0,738 M80 M83 757,1694.826372839397
NK0045,NK,DFW,LAS,,0,319 320,1694.826372839397
US0522,US,DFW,LAS,,0,738 M80 M83 757,1694.826372839397
AA0590,AA,DFW,LAX,,0,738 763 757 M83,1983.174466158369
AS0104,AS,DFW,LAX,Y,0,738 763 757 M83,1983.174466158369
NK0046,NK,DFW,LAX,,0,319,1983.174466158369
UA0466,UA,DFW,LAX,Y,0,CR7,1983.174466158369
US0524,US,DFW,LAX,Y,0,738 763 757 M83,1983.174466158369
VX0007,VX,DFW,LAX,,0,319 320,1983.174466158369
AA0595,AA,DFW,LGA,,0,738,2231.359600735406
DL0547,DL,DFW,LGA,,0,E75,2231.359600735406
NK0047,NK,DFW,LGA,,0,319,2231.359600735406
US0529,US,DFW,LGA,,0,738,2231.359600735406
AA0604,AA,DFW,MCI,,0,M80 M83,742.0911985101251
US0538,US,DFW,MCI,,0,M80 M83,742.0911985101251
AA0605,AA,DFW,MCO,,0,738 M80 M83 757,1582.4157318228752
NK0048,NK,DFW,MCO,,0,319 320,1582.4157318228752
US0539,US,DFW,MCO,,0,738 M80 M83 757,1582.4157318228752
AA0606,AA,DFW,MEM,,0,319,693.3830157085353
DL0548,DL,DFW,MEM,Y,0,CRJ,693.3830157085353
US0540,US,DFW,MEM,,0,319,693.3830157085353
AA0611,AA,DFW,MIA,,0,738 763 757,1802.086839293809
US0545,US,DFW,MIA,,0,738 763 757,1802.086839293809
AA0612,AA,DFW,MKE,,0,M80 M83,1373.5748430189399
US0546,US,DFW,MKE,,0,M80 ER4 M83,1373.5748430189399
AA0618,AA,DFW,MSP,,0,M80 M83 738,1372.3732093167189
DL0550,DL,DFW,MSP,,0,319,1372.3732093167189
NK0049,NK,DFW,MSP,,0,319,1372.3732093167189
SY0007,SY,DFW,MSP,,0,738,1372.3732093167189
US0552,US,DFW,MSP,,0,M80 M83 738,1372.3732093167189
AA0619,AA,DFW,MSY,,0,M83 M80,718.8749737395611
BA0102,BA,DFW,MSY,Y,0,M83 M80,718.8749737395611
JL0050,JL,DFW,MSY,Y,0,M80 M83,718.8749737395611
NK0050,NK,DFW,MSY,,0,319,718.8749737395611
QF0124,QF,DFW,MSY,Y,0,M83 M80,718.8749737395611
US0553,US,DFW,MSY,Y,0,M83 M80,718.8749737395611
NK0051,NK,DFW,MYR,,0,319,1683.3954802367512
NK0052,NK,DFW,OAK,,0,319,2339.529990199958
AA0624,AA,DFW,OGG,,0,763,5962.584815720815
US0558,US,DFW,OGG,,0,763,5962.584815720815
AA0625,AA,DFW,OKC,,0,M80 M83,282.35313149832035
US0559,US,DFW,OKC,,0,M80 M83,282.35313149832035
AA0626,AA,DFW,OMA,,0,M83 M80,940.2113048334136
US0560,US,DFW,OMA,,0,M83 M80,940.2113048334136
AA0627,AA,DFW,ONT,,0,M83 M80,1908.3421109763178
US0561,US,DFW,ONT,,0,M83 M80,1908.3421109763178
AA0628,AA,DFW,ORD,,0,M80 M83,1290.6453049606575
NK0053,NK,DFW,ORD,,0,320,1290.6453049606575
UA0467,UA,DFW,ORD,,0,319,1290.6453049606575
US0562,US,DFW,ORD,,0,M80 M83,1290.6453049606575
AA0629,AA,DFW,ORF,,0,M80 M83,1947.384650118637
US0563,US,DFW,ORF,,0,M80,1947.384650118637
AA0631,AA,DFW,PBI,,0,738,1772.1194066373262
US0565,US,DFW,PBI,,0,738,1772.1194066373262
AA0632,AA,DFW,PDX,,0,M83,2597.0509369247943
AS0105,AS,DFW,PDX,,0,73J,2597.0509369247943
NK0054,NK,DFW,PDX,,0,320,2597.0509369247943
US0566,US,DFW,PDX,,0,M83,2597.0509369247943
AA0633,AA,DFW,PHL,,0,738 320 319 M83 M80 E90 757,2092.8767085254503
NK0055,NK,DFW,PHL,,0,320,2092.8767085254503
US0567,US,DFW,PHL,,0,738 320 319 M83 M80 E90 752,2092.8767085254503
AA0634,AA,DFW,PHX,,0,321 738 M80 319 M83 320,1393.2969949314456
NK0056,NK,DFW,PHX,,0,319 320,1393.2969949314456
US0568,US,DFW,PHX,,0,321 738 M80 319 320 M83,1393.2969949314456
AA0636,AA,DFW,PIT,,0,M80,1715.7082916978563
US0570,US,DFW,PIT,,0,M80,1715.7082916978563
AA0638,AA,DFW,PNS,,0,M83 M80,969.8911471783327
US0572,US,DFW,PNS,,0,ER4 M83 M80,969.8911471783327
AA0639,AA,DFW,PSP,,0,M80 M83,1808.3685682776377
US0573,US,DFW,PSP,,0,M80 M83,1808.3685682776377
AA0644,AA,DFW,RDU,,0,M80 M83 738,1704.5488121835028
US0578,US,DFW,RDU,,0,M80 M83 738,1704.5488121835028
AA0645,AA,DFW,RIC,,0,M80 M83,1859.4630164585678
US0579,US,DFW,RIC,,0,M80 M83,1859.4630164585678
AA0646,AA,DFW,RNO,,0,M83 738,2160.5030532037163
US0580,US,DFW,RNO,,0,M83 738,2160.5030532037163
AA0648,AA,DFW,RSW,,0,738,1634.5594077125647
US0582,US,DFW,RSW,,0,738,1634.5594077125647
WN0338,WN,DFW,RSW,Y,0,738,1634.5594077125647
AA0652,AA,DFW,SAN,,0,738 M80 M83 757,1880.4312071309628
AS0106,AS,DFW,SAN,Y,0,738 M80 M83 757,1880.4312071309628
NK0057,NK,DFW,SAN,,0,319,1880.4312071309628
US0586,US,DFW,SAN,,0,738 M80 M83 757,1880.4312071309628
AA0653,AA,DFW,SAT,,0,M83 M80,397.9621230291807
US0587,US,DFW,SAT,,0,M83 M80,397.9621230291807
AA0654,AA,DFW,SAV,Y,0,ER4,1486.1818686863642
US0588,US,DFW,SAV,,0,ER4,1486.1818686863642
AA0656,AA,DFW,SDF,,0,M80 M83 319,1177.6823020731429
US0590,US,DFW,SDF,,0,ERD M80 M83 319,1177.6823020731429
AA0657,AA,DFW,SEA,,0,738 757,2668.1821349632764
AS0107,AS,DFW,SEA,,0,73J 739,2668.1821349632764
US0591,US,DFW,SEA,,0,738 757,2668.1821349632764
AA0658,AA,DFW,SFO,,0,738 757 763,2351.9335423603
AS0108,AS,DFW,SFO,Y,0,738 757 763,2351.9335423603
UA0469,UA,DFW,SFO,,0,319 739,2351.9335423603
US0592,US,DFW,SFO,,0,738 757 763,2351.9335423603
VX0008,VX,DFW,SFO,,0,319 320,2351.9335423603
AA0661,AA,DFW,SJC,,0,M83,2310.2298588101407
US0595,US,DFW,SJC,,0,M83,2310.2298588101407
AA0666,AA,DFW,SLC,,0,M83 M80,1589.6270008709275
DL0551,DL,DFW,SLC,,0,320,1589.6270008709275
US0600,US,DFW,SLC,,0,M83 M80,1589.6270008709275
AA0668,AA,DFW,SMF,,0,M83,2298.4458765366285
US0602,US,DFW,SMF,,0,M83,2298.4458765366285
AA0669,AA,DFW,SNA,,0,738,1934.9813305099185
AS0109,AS,DFW,SNA,Y,0,738,1934.9813305099185
US0603,US,DFW,SNA,,0,738,1934.9813305099185
AA0672,AA,DFW,STL,,0,M80 M83 738,885.3782369662816
US0606,US,DFW,STL,,0,M80 M83 738,885.3782369662816
AA0674,AA,DFW,TPA,,0,738 M83 M80,1492.6932972961401
NK0059,NK,DFW,TPA,,0,320,1492.6932972961401
US0608,US,DFW,TPA,,0,738 M83 M80,1492.6932972961401
AA0676,AA,DFW,TUL,,0,M83 757 M80 738,381.8252958482535
US0610,US,DFW,TUL,,0,M83 M80 757 738,381.8252958482535
AA0677,AA,DFW,TUS,,0,M80 M83,1305.421527652929
US0611,US,DFW,TUS,,0,M80 M83,1305.421527652929
AA0680,AA,DFW,TYS,Y,0,ERD ER4 CRJ,1239.3996336956627
US0614,US,DFW,TYS,,0,ERD ER4,1239.3996336956627
AF0508,AF,DSM,ATL,Y,0,CR7 M88 CR9,1195.3934954886233
DL0561,DL,DSM,ATL,,0,M88,1195.3934954886233
KL0437,KL,DSM,ATL,Y,0,M88 CR7 CR9,1195.3934954886233
AA0702,AA,DSM,CLT,Y,0,CR9,1310.2097262157713
US0634,US,DSM,CLT,Y,0,CR9,1310.2097262157713
AA0703,AA,DSM,DCA,Y,0,E70 CRJ,1440.3366653247192
US0635,US,DSM,DCA,Y,0,E70 CRJ,1440.3366653247192
F90102,F9,DSM,DEN,,0,319,946.5550797606844
UA0488,UA,DSM,DEN,,0,319 738 73G,946.5550797606844
AA0704,AA,DSM,DFW,,0,M80 M83,1005.7716359958637
US0636,US,DSM,DFW,,0,M80 ER4 M83,1005.7716359958637
DL0562,DL,DSM,DTW,Y,0,CRJ,855.8710312734706
UA0489,UA,DSM,EWR,Y,0,ERJ,1631.7371196850643
UA0490,UA,DSM,IAH,Y,0,ERJ,1293.1475024988056
G40079,G4,DSM,LAS,,0,M80,1952.555439891053
WN0339,WN,DSM,LAS,,0,73W,1952.555439891053
DL0563,DL,DSM,LGA,Y,0,CR9,1654.8708144626883
FL0222,FL,DSM,MDW,Y,0,733,491.1974909202542
WN0340,WN,DSM,MDW,,0,73W 733,491.1974909202542
DL0564,DL,DSM,MSP,Y,0,CR9 CRJ,373.7289901055568
AA0705,AA,DSM,ORD,Y,0,E75 ERD ER4,479.58121907027686
UA0491,UA,DSM,ORD,,0,319 738 73G,479.58121907027686
US0637,US,DSM,ORD,,0,ERD ER4,479.58121907027686
AA0706,AA,DSM,PHX,,0,319,1847.1142347655298
FL0223,FL,DSM,PHX,Y,0,73W,1847.1142347655298
US0638,US,DSM,PHX,,0,319,1847.1142347655298
G40081,G4,DSM,PIE,,0,M80,1813.1154682814736
G40082,G4,DSM,SFB,,0,M80,1809.3188730834463
DL0566,DL,DTW,ALB,Y,0,CRJ CR9,785.1606860178088
AF0509,AF,DTW,ATL,Y,0,M88 73H 320 738 739,958.345959830547
AM0114,AM,DTW,ATL,Y,0,73H 757 739,958.345959830547
AZ0342,AZ,DTW,ATL,Y,0,M88 73H M90 757,958.345959830547
DL0569,DL,DTW,ATL,,0,M88 73H 757 320 738 739 M90 753,958.345959830547
FL0224,FL,DTW,ATL,,0,717 73G,958.345959830547
KL0439,KL,DTW,ATL,Y,0,M88 73H 757 320 738 739,958.345959830547
VS0075,VS,DTW,ATL,Y,0,M88 73H 757 320 738 739,958.345959830547
WN0341,WN,DTW,ATL,Y,0,717 73G,958.345959830547
DL0571,DL,DTW,AUS,,0,717,1847.8587585210687
DL0575,DL,DTW,BDL,,0,M88 319,880.256320807517
DL0578,DL,DTW,BHM,Y,0,CRJ,1006.8256527103721
DL0580,DL,DTW,BNA,,0,320 738 M88,735.0865668246737
WN0342,WN,DTW,BNA,,0,73W 73C 73H,735.0865668246737
B60092,B6,DTW,BOS,,0,E90,1014.8023702578414
DL0581,DL,DTW,BOS,,0,73H 738 320 757 M90 319,1014.8023702578414
DL0583,DL,DTW,BUF,,0,M88 319 320 M90 ERJ,386.8939108938677
DL0584,DL,DTW,BWI,,0,M88 320 ERJ,656.8389250624448
FL0225,FL,DTW,BWI,Y,0,73W 73C,656.8389250624448
WN0343,WN,DTW,BWI,,0,73W 73C,656.8389250624448
DL0589,DL,DTW,CHS,Y,0,CRJ ERJ CR9 CR7,1076.2614592798132
DL0592,DL,DTW,CLE,Y,0,CRJ CR7 ERJ,153.2623525764428
AA0707,AA,DTW,CLT,,0,319 321,805.8515061655003
DL0593,DL,DTW,CLT,,0,320 M88 M90,805.8515061655003
US0639,US,DTW,CLT,,0,319 321,805.8515061655003
DL0594,DL,DTW,CMH,,0,ERJ,249.40174909393602
DL0597,DL,DTW,CVG,,0,ERJ,368.97050403102327
AA0708,AA,DTW,DCA,Y,0,E70 CRJ E75,651.3593959855276
DL0600,DL,DTW,DCA,,0,738 M88 319 M90,651.3593959855276
US0640,US,DTW,DCA,Y,0,E70 CRJ E75,651.3593959855276
DL0601,DL,DTW,DEN,,0,320 M90 738 757,1802.3826633109747
F90103,F9,DTW,DEN,,0,320 319,1802.3826633109747
NK0062,NK,DTW,DEN,,0,320,1802.3826633109747
UA0492,UA,DTW,DEN,Y,0,CR7 E70,1802.3826633109747
WN0344,WN,DTW,DEN,,0,73C 73W,1802.3826633109747
AA0709,AA,DTW,DFW,,0,M83 M80 738,1586.4835416110616
DL0602,DL,DTW,DFW,,0,319 M88 320,1586.4835416110616
NK0063,NK,DTW,DFW,,0,319,1586.4835416110616
US0641,US,DTW,DFW,,0,M83 738 M80,1586.4835416110616
DL0603,DL,DTW,DSM,Y,0,CRJ,855.8710312734706
DL0608,DL,DTW,EWR,,0,717 320,783.4729723959061
UA0493,UA,DTW,EWR,Y,0,ERJ E70,783.4729723959061
DL0609,DL,DTW,FLL,,0,757 M88 739 738,1818.4530635835695
NK0064,NK,DTW,FLL,,0,319 320 321,1818.4530635835695
DL0614,DL,DTW,GRR,,0,ERJ M88 717 320,192.53549536055377
DL0616,DL,DTW,GSO,Y,0,CRJ,740.7925104005926
DL0620,DL,DTW,IAD,,0,ERJ,616.4022710617372
UA0495,UA,DTW,IAD,Y,0,CRJ CR7 ERJ ER4 E70,616.4022710617372
DL0621,DL,DTW,IAH,,0,717,1730.964569761676
NK0065,NK,DTW,IAH,,0,320,1730.964569761676
UA0496,UA,DTW,IAH,,0,320 319 73G,1730.964569761676
DL0623,DL,DTW,IND,,0,M88 320 319,371.4617650760752
DL0625,DL,DTW,JAX,Y,0,CR9,1311.7825125611541
DL0626,DL,DTW,JFK,,0,M88 319,816.7551291450768
DL0628,DL,DTW,LAS,,0,757 738,2807.835588903506
NK0066,NK,DTW,LAS,,0,319 320,2807.835588903506
WN0345,WN,DTW,LAS,,0,73H 73W,2807.835588903506
DL0629,DL,DTW,LAX,,0,763 757 739 753,3178.0201577645844
FL0226,FL,DTW,LAX,Y,0,73W,3178.0201577645844
NK0067,NK,DTW,LAX,,0,320,3178.0201577645844
AA0710,AA,DTW,LGA,Y,0,CR7,805.1880825929652
DL0631,DL,DTW,LGA,,0,320 M88 319,805.1880825929652
NK0068,NK,DTW,LGA,,0,320,805.1880825929652
US0642,US,DTW,LGA,,0,CR7,805.1880825929652
DL0636,DL,DTW,MCI,,0,M88 319 320,1009.1909471896158
DL0637,DL,DTW,MCO,,0,757 753,1543.802554953485
NK0069,NK,DTW,MCO,,0,321 320 319,1543.802554953485
DL0639,DL,DTW,MDW,Y,0,CR9 CR7 E75,366.5323065349407
FL0227,FL,DTW,MDW,Y,0,73W,366.5323065349407
WN0346,WN,DTW,MDW,,0,73W 73C,366.5323065349407
DL0640,DL,DTW,MEM,,0,M88,982.4260483602271
AA0711,AA,DTW,MIA,,0,738,1846.9383663430763
DL0643,DL,DTW,MIA,,0,320 M88,1846.9383663430763
US0643,US,DTW,MIA,,0,738,1846.9383663430763
DL0644,DL,DTW,MKE,,0,320 717 M90 M88,380.7303907345862
DL0648,DL,DTW,MSP,,0,M90 M88 320 753 757 73H 777 319 738,848.0874460053775
9E0022,9E,DTW,MSY,,0,CR9,1492.6404027279953
AF0513,AF,DTW,MSY,Y,0,319,1492.6404027279953
DL0649,DL,DTW,MSY,,0,319 M88,1492.6404027279953
KL0442,KL,DTW,MSY,Y,0,319 CR7,1492.6404027279953
DL0651,DL,DTW,MYR,Y,0,E75 CR9,1024.8260467172586
NK0070,NK,DTW,MYR,,0,320,1024.8260467172586
DL0655,DL,DTW,OKC,Y,0,CR9 CR7,1445.8109863936086
DL0656,DL,DTW,OMA,,0,319,1044.1394617933586
AA0712,AA,DTW,ORD,Y,0,E75 ERD ER4 CR7,376.3634716926054
DL0657,DL,DTW,ORD,,0,717 M90,376.3634716926054
UA0497,UA,DTW,ORD,,0,320,376.3634716926054
US0644,US,DTW,ORD,,0,ERD ER4 E75,376.3634716926054
DL0658,DL,DTW,ORF,,0,ERJ,851.3317020215908
DL0659,DL,DTW,PBI,,0,M90 320,1752.193213702559
AS0111,AS,DTW,PDX,Y,0,739,3134.8626067934133
DL0660,DL,DTW,PDX,,0,739,3134.8626067934133
AA0713,AA,DTW,PHL,,0,320 E90 319,728.1300876590828
DL0662,DL,DTW,PHL,,0,M88 319 73H ERJ M90 320,728.1300876590828
US0645,US,DTW,PHL,,0,320 E90 319,728.1300876590828
AA0714,AA,DTW,PHX,,0,319 321,2683.433346779436
DL0663,DL,DTW,PHX,,0,757 320 753,2683.433346779436
US0646,US,DTW,PHX,,0,319 321,2683.433346779436
WN0347,WN,DTW,PHX,,0,73W,2683.433346779436
DL0665,DL,DTW,PIT,,0,CR7 M88 320 ERJ,323.280089559844
DL0668,DL,DTW,PVD,,0,319,986.8302377141625
DL0670,DL,DTW,PWM,Y,0,CRJ CR9,1072.746534846291
DL0671,DL,DTW,RDU,,0,319 73H 738,806.9915073022011
DL0672,DL,DTW,RIC,,0,ERJ,734.0500340053368
DL0674,DL,DTW,ROC,Y,0,CRJ CR7,475.2033137573379
DL0675,DL,DTW,RSW,,0,757 753,1749.5221770957241
NK0071,NK,DTW,RSW,,0,319,1749.5221770957241
AS0112,AS,DTW,SAN,Y,0,753 739 757,3142.1725327414056
DL0676,DL,DTW,SAN,,0,753 739 757,3142.1725327414056
DL0677,DL,DTW,SAT,,0,320,1954.4244157729306
DL0678,DL,DTW,SAV,Y,0,CR7,1137.6485179261729
DL0681,DL,DTW,SDF,,0,ERJ,492.92823839833966
DL0682,DL,DTW,SEA,,0,753 757 739,3093.0193217278097
DL0683,DL,DTW,SFO,,0,739 763 738,3337.2548739162776
DL0685,DL,DTW,SLC,,0,320 73H 319 738,2377.9857190184584
DL0686,DL,DTW,STL,,0,320 717,707.1513209705829
WN0348,WN,DTW,STL,,0,73W,707.1513209705829
DL0688,DL,DTW,SYR,,0,ERJ,600.7560953711262
DL0689,DL,DTW,TPA,,0,M88 738 757 M90,1584.9600848205948
NK0072,NK,DTW,TPA,,0,319,1584.9600848205948
DL0690,DL,DTW,TUL,Y,0,CR7,1268.2918517079306
DL0692,DL,DTW,TYS,Y,0,CRJ,714.094356598883
AF0530,AF,ELP,ATL,Y,0,M88,2059.272634858218
DL0705,DL,ELP,ATL,,0,M88,2059.272634858218
KL0453,KL,ELP,ATL,Y,0,M88,2059.272634858218
WN0353,WN,ELP,AUS,,0,73W 735 73C,849.3516875944708
WN0354,WN,ELP,DAL,,0,73W 735 73C,902.2964087566866
UA0518,UA,ELP,DEN,Y,0,ERJ CRJ,908.1285328746897
AA0734,AA,ELP,DFW,,0,M80 319,885.0961725184476
US0655,US,ELP,DFW,,0,M80 319,885.0961725184476
WN0355,WN,ELP,HOU,,0,73C 73W 735,1087.2762812324252
UA0519,UA,ELP,IAH,Y,0,ERJ CRJ,1071.708569841481
WN0356,WN,ELP,LAS,,0,735 73W 73C,938.1050146723106
AA0735,AA,ELP,LAX,Y,0,CRJ,1147.672397042049
AS0114,AS,ELP,LAX,Y,0,CRJ,1147.672397042049
FL0228,FL,ELP,LAX,Y,0,73W,1147.672397042049
US0656,US,ELP,LAX,Y,0,CRJ,1147.672397042049
WN0357,WN,ELP,LAX,,0,73W 733,1147.672397042049
AA0736,AA,ELP,ORD,Y,0,E75,1987.195199545859
US0657,US,ELP,ORD,Y,0,E75,1987.195199545859
FL0229,FL,ELP,PHL,Y,0,73W,2928.965999707939
AA0737,AA,ELP,PHX,Y,0,CRJ CR9,557.3120628105846
US0658,US,ELP,PHX,Y,0,CRJ CR9,557.3120628105846
WN0358,WN,ELP,PHX,,0,73W 735 73C,557.3120628105846
FL0230,FL,ELP,SAT,Y,0,73C,797.0970389741202
WN0359,WN,ELP,SAT,,0,73W 73C 735,797.0970389741202
UA0525,UA,EWR,ALB,Y,0,ERJ DH4 DH2,230.97613636412436
AF0535,AF,EWR,ATL,Y,0,717 319,1198.9828342501
AM0118,AM,EWR,ATL,Y,0,717 319,1198.9828342501
AZ0353,AZ,EWR,ATL,Y,0,717,1198.9828342501
DL0713,DL,EWR,ATL,,0,717 319,1198.9828342501
KL0457,KL,EWR,ATL,Y,0,717 319,1198.9828342501
UA0529,UA,EWR,ATL,Y,0,ERJ,1198.9828342501
VS0079,VS,EWR,ATL,Y,0,717 319,1198.9828342501
UA0531,UA,EWR,AUS,,0,738 319 739,2415.825906874884
WN0360,WN,EWR,AUS,,0,73W,2415.825906874884
FL0231,FL,EWR,BNA,Y,0,73W,1200.740605389905
UA0536,UA,EWR,BNA,Y,0,ERJ,1200.740605389905
WN0361,WN,EWR,BNA,,0,73W,1200.740605389905
B60102,B6,EWR,BOS,,0,E90,322.306684550895
UA0540,UA,EWR,BOS,,0,738 73G 320 319 739,322.306684550895
UA0544,UA,EWR,BUF,Y,0,DH4 ERJ DH3 DH2,453.2934494699704
UA0545,UA,EWR,BWI,Y,0,ERJ DH3 DH2,271.45228977134536
UA0548,UA,EWR,CHS,Y,0,ERJ,1011.2951738239889
UA0549,UA,EWR,CLE,,0,738 319 73G 320 739,648.7166783904711
AA0744,AA,EWR,CLT,,0,321 320 737 319,849.9360484638968
UA0550,UA,EWR,CLT,Y,0,ERJ E70,849.9360484638968
US0664,US,EWR,CLT,,0,321 320 734 319,849.9360484638968
UA0551,UA,EWR,CMH,Y,0,ERJ DH4 E70,742.8100910514808
DL0715,DL,EWR,CVG,Y,0,CRJ,913.6575910507537
UA0553,UA,EWR,CVG,Y,0,ERJ,913.6575910507537
UA0555,UA,EWR,DCA,,0,DH4,319.0028644772538
UA0557,UA,EWR,DEN,,0,320 752 739 738 319,2576.4055227547256
WN0362,WN,EWR,DEN,,0,73W,2576.4055227547256
AA0745,AA,EWR,DFW,,0,M83 M80,2204.546461508576
UA0558,UA,EWR,DFW,,0,319 73G 738,2204.546461508576
US0665,US,EWR,DFW,,0,M83 M80,2204.546461508576
UA0559,UA,EWR,DSM,Y,0,ERJ,1631.7371196850643
DL0716,DL,EWR,DTW,,0,320 717,783.4729723959061
UA0560,UA,EWR,DTW,Y,0,ERJ E70,783.4729723959061
B60103,B6,EWR,FLL,,0,320,1716.455357304616
UA0565,UA,EWR,FLL,,0,738 320 73G 319 739,1716.455357304616
UA0569,UA,EWR,GRR,Y,0,ERJ,971.4207981239665
UA0571,UA,EWR,GSO,Y,0,ERJ,715.9588506981441
UA0577,UA,EWR,HNL,,0,764,7973.584404508248
WN0363,WN,EWR,HOU,,0,73W,2268.587906717329
UA0578,UA,EWR,IAD,,0,DH4,341.0971399667631
UA0579,UA,EWR,IAH,,0,739 738 320 752 73G 753 319,2250.2572880587095
UA0580,UA,EWR,IND,Y,0,ERJ E70,1034.4531190952996
UA0582,UA,EWR,JAX,Y,0,ERJ,1320.7278676462458
UA0583,UA,EWR,LAS,,0,739 753 320 738 752,3575.7319285020853
UA0584,UA,EWR,LAX,,0,739 738 319 752 753,3940.876450441969
VX0009,VX,EWR,LAX,,0,320,3940.876450441969
UA0592,UA,EWR,MCI,Y,0,ERJ E70,1752.7744334039974
B60104,B6,EWR,MCO,,0,320,1510.5042674675158
UA0593,UA,EWR,MCO,,0,738 320 752 739 73G,1510.5042674675158
FL0232,FL,EWR,MDW,Y,0,73W,1140.9858300199583
WN0364,WN,EWR,MDW,,0,73W,1140.9858300199583
UA0594,UA,EWR,MEM,Y,0,ERJ,1519.9107544292335
AA0748,AA,EWR,MIA,,0,757 738,1749.89490881745
UA0597,UA,EWR,MIA,,0,739 738 320 73G,1749.89490881745
US0667,US,EWR,MIA,,0,757 738,1749.89490881745
UA0598,UA,EWR,MKE,Y,0,ERJ,1163.4182832385661
DL0718,DL,EWR,MSP,,0,319,1618.6754616631654
UA0600,UA,EWR,MSP,Y,0,E70 ERJ,1618.6754616631654
AC0080,AC,EWR,MSY,Y,0,319 E70 320 738,1877.5707728518394
FL0233,FL,EWR,MSY,Y,0,73W,1877.5707728518394
LH0227,LH,EWR,MSY,Y,0,320 E70,1877.5707728518394
UA0601,UA,EWR,MSY,,0,319 320 738,1877.5707728518394
WN0365,WN,EWR,MSY,,0,73W,1877.5707728518394
UA0604,UA,EWR,MYR,Y,0,DH4,885.7402847819235
UA0607,UA,EWR,OKC,Y,0,ERJ E70,2127.2180769257357
UA0608,UA,EWR,OMA,Y,0,ERJ,1819.6574759376886
AA0749,AA,EWR,ORD,Y,0,E75 CR7,1154.3708882830472
UA0609,UA,EWR,ORD,,0,73G 320 738 752 319 739 763,1154.3708882830472
US0669,US,EWR,ORD,,0,CR7 E75,1154.3708882830472
UA0610,UA,EWR,ORF,Y,0,DH3 DH4 DH2,457.07270276662365
B60105,B6,EWR,PBI,,0,320,1649.9994647123565
UA0612,UA,EWR,PBI,,0,738 319 739 320 752,1649.9994647123565
UA0613,UA,EWR,PDX,,0,739 320,3906.5348770874343
AA0751,AA,EWR,PHL,,0,DH3,128.49043649243382
US0670,US,EWR,PHL,Y,0,CRJ DH8,128.49043649243382
AA0752,AA,EWR,PHX,,0,320,3424.6430120670902
UA0615,UA,EWR,PHX,,0,739 320 319,3424.6430120670902
US0671,US,EWR,PHX,,0,320,3424.6430120670902
WN0366,WN,EWR,PHX,,0,73W,3424.6430120670902
UA0616,UA,EWR,PIT,Y,0,ERJ DH4 E70,512.271410554964
UA0622,UA,EWR,PVD,Y,0,DH3 DH2 ERJ,256.86450973222713
UA0625,UA,EWR,PWM,,0,DH4,457.4605745005119
UA0626,UA,EWR,RDU,Y,0,ERJ DH4 E70,669.492589691402
UA0627,UA,EWR,RIC,Y,0,ERJ,446.2647341379818
UA0628,UA,EWR,ROC,Y,0,ERJ DH2,396.12343780376983
B60106,B6,EWR,RSW,,0,320,1721.685299391834
UA0629,UA,EWR,RSW,,0,320 738 739,1721.685299391834
UA0631,UA,EWR,SAN,,0,739 738,3894.9075240947336
UA0633,UA,EWR,SAT,,0,739 73G,2522.136466716259
UA0634,UA,EWR,SAV,Y,0,ERJ,1140.2569311543255
UA0635,UA,EWR,SDF,Y,0,ERJ,1031.0878089678497
AA0753,AA,EWR,SEA,Y,0,737,3854.9462849430706
AS0118,AS,EWR,SEA,,0,73J,3854.9462849430706
UA0637,UA,EWR,SEA,,0,739 320 319 738,3854.9462849430706
UA0638,UA,EWR,SFO,,0,739 319 738 752 73G,4118.2703404172735
VX0010,VX,EWR,SFO,,0,320,4118.2703404172735
DL0719,DL,EWR,SLC,,0,320,3160.313627746934
UA0642,UA,EWR,SNA,,0,319 738 73G,3907.7784203223723
UA0644,UA,EWR,STL,Y,0,ERJ E70,1400.167931633924
WN0367,WN,EWR,STL,,0,73W,1400.167931633924
UA0648,UA,EWR,SYR,Y,0,DH2 DH3,313.32243638523715
B60109,B6,EWR,TPA,,0,320,1606.8885299994913
UA0650,UA,EWR,TPA,,0,739 73G 738 320 752,1606.8885299994913
UA0651,UA,EWR,TUL,Y,0,ERJ,1950.4641338782073
UA0653,UA,EWR,TYS,Y,0,ERJ,1013.9696016444382
F90108,F9,FAT,DEN,,0,319,1354.7009967857202
UA0672,UA,FAT,DEN,Y,0,CR7 CRJ,1354.7009967857202
AA0760,AA,FAT,DFW,,0,M80,2109.093654072872
US0676,US,FAT,DFW,,0,M80,2109.093654072872
G40093,G4,FAT,LAS,,0,M80,415.6679162777693
UA0673,UA,FAT,LAS,Y,0,EM2,415.6679162777693
AA0761,AA,FAT,LAX,Y,0,CRJ,336.68791518590206
AS0122,AS,FAT,LAX,Y,0,CRJ,336.68791518590206
UA0674,UA,FAT,LAX,Y,0,CR7 EM2,336.68791518590206
US0677,US,FAT,LAX,Y,0,CRJ,336.68791518590206
AS0123,AS,FAT,PDX,Y,0,DH4,1008.9672703768462
AA0762,AA,FAT,PHX,Y,0,CR9 CRJ,793.4461283827933
US0678,US,FAT,PHX,Y,0,CR9 CRJ,793.4461283827933
AS0124,AS,FAT,SAN,Y,0,DH4,505.27677908708796
AS0125,AS,FAT,SEA,,0,CR7,1205.612141734391
UA0675,UA,FAT,SFO,Y,0,EM2 CRJ,253.3329460096487
DL0727,DL,FAT,SLC,Y,0,CR9 CRJ,805.1166221512328
WN0371,WN,FLL,ALB,,0,73W,1942.1110215985407
AF0559,AF,FLL,ATL,Y,0,757 M90,936.4413609033428
AZ0454,AZ,FLL,ATL,Y,0,757,936.4413609033428
DL0738,DL,FLL,ATL,,0,757 M90 739,936.4413609033428
FL0235,FL,FLL,ATL,,0,717,936.4413609033428
KL0471,KL,FLL,ATL,Y,0,757,936.4413609033428
NK0074,NK,FLL,ATL,,0,320 319,936.4413609033428
VS0081,VS,FLL,ATL,Y,0,757 M90,936.4413609033428
WN0372,WN,FLL,ATL,,0,733 73W,936.4413609033428
B60110,B6,FLL,AUS,,0,E90,1774.9915532508555
FL0236,FL,FLL,AUS,Y,0,73W,1774.9915532508555
WN0373,WN,FLL,AUS,,0,73W,1774.9915532508555
B60111,B6,FLL,BDL,,0,320,1891.6959259231305
WN0374,WN,FLL,BDL,,0,73W,1891.6959259231305
WN0375,WN,FLL,BNA,,0,73W 73C 733,1277.9475318764046
B60113,B6,FLL,BOS,,0,320 E90,1993.970649037613
NK0078,NK,FLL,BOS,,0,319,1993.970649037613
WN0376,WN,FLL,BUF,,0,73W,1880.0566685056356
FL0237,FL,FLL,BWI,,0,717,1492.7103414473129
NK0080,NK,FLL,BWI,,0,320,1492.7103414473129
WN0377,WN,FLL,BWI,,0,73W 73C 733,1492.7103414473129
UA0685,UA,FLL,CLE,,0,320 73G,1712.7325504210298
AA0773,AA,FLL,CLT,,0,319 321 320 737,1019.2738620456789
US0690,US,FLL,CLT,,0,319 321 320 734,1019.2738620456789
WN0378,WN,FLL,CMH,,0,73C 73W,1569.112631168763
DL0739,DL,FLL,CVG,,0,73H M88,1503.0777658089175
AA0774,AA,FLL,DCA,,0,319,1450.4838839111917
B60115,B6,FLL,DCA,,0,320 E90,1450.4838839111917
US0691,US,FLL,DCA,,0,319,1450.4838839111917
F90109,F9,FLL,DEN,,0,319 320,2739.010663278083
NK0083,NK,FLL,DEN,,0,319,2739.010663278083
UA0686,UA,FLL,DEN,,0,320 738,2739.010663278083
WN0379,WN,FLL,DEN,,0,73W,2739.010663278083
AA0775,AA,FLL,DFW,,0,738,1798.9239552855793
NK0084,NK,FLL,DFW,,0,319 320,1798.9239552855793
US0692,US,FLL,DFW,,0,738,1798.9239552855793
DL0740,DL,FLL,DTW,,0,M88 757 739 738,1818.4530635835695
NK0085,NK,FLL,DTW,,0,320 319 321,1818.4530635835695
B60116,B6,FLL,EWR,,0,320,1716.455357304616
UA0688,UA,FLL,EWR,,0,739 320 738 73G 319,1716.455357304616
FL0238,FL,FLL,HOU,Y,0,73W,1537.6287192799718
WN0380,WN,FLL,HOU,,0,73W,1537.6287192799718
UA0693,UA,FLL,IAD,,0,752,1453.2531247297018
UA0694,UA,FLL,IAH,,0,73G 738 739 319 320,1551.5348200043024
WN0381,WN,FLL,IND,,0,73W 73C,1620.856411666571
WN0383,WN,FLL,JAX,,0,73W 73C,513.9207328145482
B60118,B6,FLL,JFK,,0,320 E90,1723.2396309654575
DL0741,DL,FLL,JFK,,0,752 M88 73H 738,1723.2396309654575
NK0089,NK,FLL,LAS,,0,320,3492.138600299027
WN0384,WN,FLL,LAS,,0,73W 738,3492.138600299027
B60120,B6,FLL,LAX,,0,320,3763.2231756712313
NK0090,NK,FLL,LAX,,0,319,3763.2231756712313
VX0011,VX,FLL,LAX,,0,320,3763.2231756712313
B60121,B6,FLL,LGA,,0,320,1734.5707735975625
DL0742,DL,FLL,LGA,,0,M88 738 319,1734.5707735975625
NK0092,NK,FLL,LGA,,0,320 321,1734.5707735975625
WN0385,WN,FLL,MCI,,0,73W,1999.853836706122
3M0019,3M,FLL,MCO,,0,SF3,285.90139605879926
NK0095,NK,FLL,MCO,,0,320,285.90139605879926
UA0695,UA,FLL,MCO,Y,0,SF3,285.90139605879926
WN0386,WN,FLL,MDW,,0,73W 73H,1880.6878481812766
FL0239,FL,FLL,MKE,Y,0,73W,2003.782303881187
WN0387,WN,FLL,MKE,,0,73W,2003.782303881187
DL0743,DL,FLL,MSP,,0,757,2395.8356633435938
FL0240,FL,FLL,MSY,Y,0,73C,1083.4275696753184
WN0388,WN,FLL,MSY,,0,73W 73C,1083.4275696753184
NK0098,NK,FLL,MYR,,0,320 319,854.0453486297982
AA0776,AA,FLL,ORD,,0,738,1905.3933635953615
NK0099,NK,FLL,ORD,,0,320 319,1905.3933635953615
UA0697,UA,FLL,ORD,,0,752 739,1905.3933635953615
US0693,US,FLL,ORD,,0,738,1905.3933635953615
AA0778,AA,FLL,PHL,,0,320 319 737,1600.627513305661
US0695,US,FLL,PHL,,0,320 319 734,1600.627513305661
WN0389,WN,FLL,PHL,,0,73C 73W,1600.627513305661
AA0779,AA,FLL,PHX,,0,320 319,3168.3595595478664
FL0241,FL,FLL,PHX,Y,0,73W,3168.3595595478664
US0696,US,FLL,PHX,,0,320 319,3168.3595595478664
WN0390,WN,FLL,PHX,,0,73W,3168.3595595478664
WN0391,WN,FLL,PIT,,0,73W,1603.3258726268389
B60130,B6,FLL,PVD,,0,320,1915.2206156059226
WN0392,WN,FLL,PVD,,0,73W,1915.2206156059226
B60131,B6,FLL,RDU,,0,E90,1098.0875255341043
DL0744,DL,FLL,RDU,Y,0,CR9,1098.0875255341043
WN0393,WN,FLL,RDU,,0,73W,1098.0875255341043
B60132,B6,FLL,RIC,,0,E90,1298.9411895515489
AS0127,AS,FLL,SEA,,0,73H,4367.663353962365
B60134,B6,FLL,SFO,,0,320,4150.818063175899
FL0242,FL,FLL,SFO,Y,0,73W,4150.818063175899
UA0698,UA,FLL,SFO,,0,738 752,4150.818063175899
VX0012,VX,FLL,SFO,,0,320,4150.818063175899
WN0395,WN,FLL,STL,,0,73W,1702.254151919894
3M0022,3M,FLL,TPA,,0,SF3,316.7993331534323
FL0244,FL,FLL,TPA,Y,0,73W,316.7993331534323
NK0113,NK,FLL,TPA,,0,319 321,316.7993331534323
UA0700,UA,FLL,TPA,Y,0,SF3,316.7993331534323
WN0396,WN,FLL,TPA,,0,73W,316.7993331534323
G40099,G4,FLL,TYS,,0,M80,1142.8528791514732
WN0401,WN,GEG,BOI,,0,73W,462.3249983833365
F90115,F9,GEG,DEN,,0,319,1343.0004457223806
FL0248,FL,GEG,DEN,Y,0,73W,1343.0004457223806
UA0740,UA,GEG,DEN,,0,739 738,1343.0004457223806
WN0402,WN,GEG,DEN,,0,73W,1343.0004457223806
WN0403,WN,GEG,LAS,,0,73W,1297.7157006848718
DL0771,DL,GEG,LAX,Y,0,CR9,1522.6092833592365
DL0772,DL,GEG,MSP,,0,320,1886.0682987239938
WN0404,WN,GEG,OAK,,0,73W,1165.0316606793908
AS0130,AS,GEG,PDX,Y,0,DH4,447.83388343308
AA0803,AA,GEG,PHX,,0,319,1643.8946335287442
US0723,US,GEG,PHX,,0,319,1643.8946335287442
WN0405,WN,GEG,PHX,,0,73W,1643.8946335287442
AS0131,AS,GEG,SEA,,0,734,359.0251091993649
DL0773,DL,GEG,SLC,,0,320 319,878.6329953816479
AF0584,AF,GRR,ATL,Y,0,717 M88 319 320,1032.3035194886615
DL0787,DL,GRR,ATL,,0,320 717 M88 319,1032.3035194886615
KL0492,KL,GRR,ATL,Y,0,320 717 M88 319,1032.3035194886615
WN0406,WN,GRR,BWI,,0,73W,848.7278375365001
UA0755,UA,GRR,CLE,Y,0,ERJ CRJ ER4,344.0218352892657
DL0788,DL,GRR,CVG,,0,ERJ,432.0965835408184
UA0756,UA,GRR,DEN,Y,0,CR7 E70,1629.2002261262824
WN0407,WN,GRR,DEN,,0,73W,1629.2002261262824
AA0824,AA,GRR,DFW,Y,0,ERD ER4,1498.3461458500815
US0741,US,GRR,DFW,Y,0,ERD ER4,1498.3461458500815
DL0789,DL,GRR,DTW,,0,320 ERJ M88 717,192.53549536055377
UA0757,UA,GRR,EWR,Y,0,ERJ E70,971.4207981239665
UA0758,UA,GRR,IAD,Y,0,ERJ ER4,806.3386919669929
UA0759,UA,GRR,IAH,Y,0,ERJ,1678.8988667274652
G40116,G4,GRR,LAS,,0,M80,2637.295754162991
DL0790,DL,GRR,LGA,Y,0,CR7,992.3213315170334
DL0791,DL,GRR,MCO,Y,0,CR7,1650.8062180595355
WN0408,WN,GRR,MCO,,0,73W,1650.8062180595355
DL0792,DL,GRR,MSP,,0,320 319,655.5584266645537
AA0825,AA,GRR,ORD,Y,0,ER4 ERD,219.72456453214505
UA0760,UA,GRR,ORD,,0,319 320,219.72456453214505
US0742,US,GRR,ORD,Y,0,ER4 ERD,219.72456453214505
G40117,G4,GRR,PIE,,0,320,1684.0947916622827
G40118,G4,GRR,SFB,,0,M80,1614.9043509455953
FL0249,FL,GRR,STL,Y,0,73C,614.1926825119309
WN0409,WN,GRR,STL,,0,73C,614.1926825119309
WN0410,WN,GRR,TPA,,0,73W 73C,1679.0698504140544
9E0026,9E,GSO,ATL,,0,CR9,492.70313412677694
AF0586,AF,GSO,ATL,Y,0,CR9 CR7 M88,492.70313412677694
AS0132,AS,GSO,ATL,Y,0,M88 73H CR9 CR7 320 738 319,492.70313412677694
DL0797,DL,GSO,ATL,,0,M88 73H 320 738  319,492.70313412677694
KL0494,KL,GSO,ATL,Y,0,CR7 M88,492.70313412677694
AA0832,AA,GSO,CLT,,0,DH8,133.97793778821102
US0748,US,GSO,CLT,,0,CRJ,133.97793778821102
AA0833,AA,GSO,DCA,Y,0,CRJ,398.901228777057
US0749,US,GSO,DCA,Y,0,CRJ,398.901228777057
F90116,F9,GSO,DEN,,0,319,2200.628284444944
AA0834,AA,GSO,DFW,Y,0,ER4,1604.7643303258596
US0750,US,GSO,DFW,,0,ER4,1604.7643303258596
DL0798,DL,GSO,DTW,Y,0,CRJ,740.7925104005926
UA0766,UA,GSO,EWR,Y,0,ERJ,715.9588506981441
UA0767,UA,GSO,IAD,Y,0,CRJ ERJ,384.6401904550825
AA0835,AA,GSO,LGA,Y,0,ERD,740.9558017418951
DL0799,DL,GSO,LGA,Y,0,CR9 CR7,740.9558017418951
US0751,US,GSO,LGA,,0,ERD,740.9558017418951
AA0836,AA,GSO,MIA,Y,0,ER4,1146.171520721655
US0752,US,GSO,MIA,,0,ER4,1146.171520721655
UA0768,UA,GSO,ORD,Y,0,CRJ ERJ CR7 ER4,948.3482648221757
AA0837,AA,GSO,PHL,Y,0,E75 CRJ E70,587.4953525444262
US0753,US,GSO,PHL,Y,0,E75 CRJ E70,587.4953525444262
G40119,G4,GSO,PIE,,0,320,946.6659865446145
G40120,G4,GSO,SFB,,0,M80,823.5354909979187
AS0137,AS,HNL,ANC,,0,73H,4474.85055141364
DL0823,DL,HNL,ATL,,0,333,7234.174411661976
KL0520,KL,HNL,ATL,Y,0,333,7234.174411661976
UA0815,UA,HNL,DEN,,0,752,5408.074590760332
AA0866,AA,HNL,DFW,,0,763,6081.163466199165
US0768,US,HNL,DFW,,0,763,6081.163466199165
UA0816,UA,HNL,EWR,,0,764,7973.584404508248
UA0819,UA,HNL,IAD,,0,764,7739.828755841846
UA0820,UA,HNL,IAH,,0,764,6272.717366523767
HA0011,HA,HNL,JFK,,0,332,8006.990732681869
HA0013,HA,HNL,KOA,,0,717,263.01353805971536
US0770,US,HNL,KOA,Y,0,717,263.01353805971536
G40128,G4,HNL,LAS,,0,757,4440.819015870027
HA0014,HA,HNL,LAS,,0,332,4440.819015870027
AA0869,AA,HNL,LAX,,0,757,4108.474262411433
AF0605,AF,HNL,LAX,Y,0,757,4108.474262411433
AS0139,AS,HNL,LAX,Y,0,757,4108.474262411433
DL0827,DL,HNL,LAX,,0,753 76W 757,4108.474262411433
G40129,G4,HNL,LAX,,0,757,4108.474262411433
HA0015,HA,HNL,LAX,,0,332,4108.474262411433
KL0521,KL,HNL,LAX,Y,0,757,4108.474262411433
UA0821,UA,HNL,LAX,,0,738 753 777 739,4108.474262411433
US0771,US,HNL,LAX,,0,757,4108.474262411433
HA0016,HA,HNL,LIH,,0,717,163.09989759612102
UA0822,UA,HNL,LIH,Y,0,AT7,163.09989759612102
US0772,US,HNL,LIH,Y,0,717,163.09989759612102
WP0001,WP,HNL,LIH,,0,AT7,163.09989759612102
AA0872,AA,HNL,OAK,Y,0,737,3873.4879002514217
AS0140,AS,HNL,OAK,,0,73H,3873.4879002514217
HA0019,HA,HNL,OAK,,0,763,3873.4879002514217
HA0020,HA,HNL,OGG,,0,717,161.91390244284838
MW0003,MW,HNL,OGG,,0,CNA,161.91390244284838
UA0825,UA,HNL,OGG,Y,0,AT7,161.91390244284838
US0773,US,HNL,OGG,Y,0,717,161.91390244284838
WP0003,WP,HNL,OGG,,0,AT7,161.91390244284838
UA0826,UA,HNL,ORD,,0,777,6819.448167979313
AS0141,AS,HNL,PDX,,0,73H,4188.429171187936
HA0021,HA,HNL,PDX,,0,332,4188.429171187936
AA0873,AA,HNL,PHX,,0,757,4689.346497924426
HA0023,HA,HNL,PHX,,0,763,4689.346497924426
US0774,US,HNL,PHX,,0,752,4689.346497924426
AS0142,AS,HNL,SAN,,0,73H,4200.97379604548
HA0026,HA,HNL,SAN,,0,332,4200.97379604548
AS0143,AS,HNL,SEA,,0,73H,4308.055305288848
DL0830,DL,HNL,SEA,,0,753,4308.055305288848
HA0028,HA,HNL,SEA,,0,332,4308.055305288848
DL0831,DL,HNL,SFO,,0,753,3857.1960937325007
HA0029,HA,HNL,SFO,,0,332,3857.1960937325007
UA0828,UA,HNL,SFO,,0,764 777 738 753 739,3857.1960937325007
AA0874,AA,HNL,SJC,Y,0,737,3886.097250980872
AS0144,AS,HNL,SJC,,0,73H,3886.097250980872
DL0832,DL,HNL,SLC,,0,763,4813.271650951931
HA0030,HA,HNL,SMF,,0,763,3959.6988131868807
WN0415,WN,HOU,ABQ,,0,73C 733 73W,1220.7679966040043
AZ0489,AZ,HOU,ATL,Y,0,M88,1118.0028040015557
DL0834,DL,HOU,ATL,,0,M88,1118.0028040015557
FL0251,FL,HOU,ATL,,0,717,1118.0028040015557
KL0522,KL,HOU,ATL,Y,0,M88,1118.0028040015557
VS0088,VS,HOU,ATL,Y,0,M88,1118.0028040015557
WN0416,WN,HOU,ATL,,0,733 73C 73W,1118.0028040015557
FL0252,FL,HOU,AUS,Y,0,735,237.9246600216407
WN0417,WN,HOU,AUS,,0,735 733 73C 73W,237.9246600216407
WN0418,WN,HOU,BHM,,0,73W,916.9849827306654
WN0420,WN,HOU,BNA,,0,73W 735 73C 733,1077.8751542943467
B60139,B6,HOU,BOS,,0,E90,2586.4528424359605
WN0421,WN,HOU,BOS,,0,73W,2586.4528424359605
FL0253,FL,HOU,BWI,Y,0,73W 73H,2003.162848791862
WN0422,WN,HOU,BWI,,0,73W,2003.162848791862
FL0254,FL,HOU,CHS,Y,0,73W,1491.2059218084091
WN0423,WN,HOU,CHS,,0,73W,1491.2059218084091
FL0255,FL,HOU,CLT,Y,0,733,1478.9561193197703
WN0424,WN,HOU,CLT,,0,733,1478.9561193197703
FL0257,FL,HOU,DAL,Y,0,735 73W 73C 733,385.81676958793526
WN0426,WN,HOU,DAL,,0,73C 73W 733 735,385.81676958793526
WN0427,WN,HOU,DCA,,0,73W,1958.6771966156455
FL0258,FL,HOU,DEN,Y,0,73H,1421.9032064210467
WN0428,WN,HOU,DEN,,0,73W,1421.9032064210467
AA0876,AA,HOU,DFW,,0,M83 M80,398.3930060725104
US0775,US,HOU,DFW,,0,M83 M80,398.3930060725104
WN0430,WN,HOU,ELP,,0,73W 735 73C,1087.2762812324252
WN0431,WN,HOU,EWR,,0,73W,2268.587906717329
WN0432,WN,HOU,FLL,,0,73W,1537.6287192799718
WN0435,WN,HOU,IND,,0,73C 733,1387.1567112877412
WN0437,WN,HOU,JAX,,0,73W,1310.272782760915
B60140,B6,HOU,JFK,,0,E90,2295.8883522182637
FL0262,FL,HOU,LAS,Y,0,73H,1984.922530126563
WN0438,WN,HOU,LAS,,0,73W 73H,1984.922530126563
FL0263,FL,HOU,LAX,,0,73W,2232.5833855464975
WN0439,WN,HOU,LAX,,0,738 73W 73H,2232.5833855464975
WN0440,WN,HOU,LGA,,0,73W,2295.4311416705423
FL0265,FL,HOU,MCI,Y,0,73W 733,1074.9706962570979
WN0443,WN,HOU,MCI,,0,73W 733,1074.9706962570979
FL0266,FL,HOU,MCO,Y,0,733,1363.798110939253
WN0444,WN,HOU,MCO,,0,733 73C 73H 73W,1363.798110939253
FL0267,FL,HOU,MDW,Y,0,73W,1509.7270481452042
WN0445,WN,HOU,MDW,,0,73W 73H 738,1509.7270481452042
WN0446,WN,HOU,MEM,,0,733,779.6367120651751
FL0268,FL,HOU,MSY,Y,0,735 73W 73C 733,485.0401986620096
WN0447,WN,HOU,MSY,,0,735 73W 73C 733,485.0401986620096
WN0448,WN,HOU,OAK,,0,73W,2638.548894847478
FL0269,FL,HOU,OKC,Y,0,73W,675.132287120891
WN0449,WN,HOU,OKC,,0,733 73W,675.132287120891
FL0270,FL,HOU,PHX,Y,0,738 73W,1638.3492487297071
WN0450,WN,HOU,PHX,,0,73W 73H 738,1638.3492487297071
WN0451,WN,HOU,PIT,,0,73W 733,1819.7753505667029
WN0452,WN,HOU,PNS,,0,73W,783.8424656130314
FL0271,FL,HOU,PVD,Y,0,73H,2525.383277893056
FL0272,FL,HOU,RDU,Y,0,733,1687.5136036826282
WN0453,WN,HOU,RDU,,0,73W 733 73C,1687.5136036826282
WN0454,WN,HOU,SAN,,0,73W 73H,2108.618863390682
FL0273,FL,HOU,SAT,,1,735,308.9809933642235
WN0455,WN,HOU,SAT,,0,73C 73W 735,308.9809933642235
FL0274,FL,HOU,SNA,Y,0,73W,2180.0379302958604
WN0456,WN,HOU,SNA,,0,73W,2180.0379302958604
WN0457,WN,HOU,STL,,0,73H 73C 733 73W,1107.8073662602906
FL0275,FL,HOU,TPA,Y,0,73C,1254.7577250469642
WN0458,WN,HOU,TPA,,0,73C 73H 73W,1254.7577250469642
FL0276,FL,HOU,TUL,Y,0,73W,730.7329498187124
WN0459,WN,HOU,TUL,,0,73W,730.7329498187124
UA0838,UA,IAD,ALB,Y,0,DH4 DH2 CR7 CRJ ERJ,522.7286321956456
AF0610,AF,IAD,ATL,Y,0,320 M88 319,859.0311580773126
AM0161,AM,IAD,ATL,Y,0,M88,859.0311580773126
AZ0492,AZ,IAD,ATL,Y,0,320 M88,859.0311580773126
DL0842,DL,IAD,ATL,,0,320 M88 319,859.0311580773126
KL0531,KL,IAD,ATL,Y,0,M88 320,859.0311580773126
LH0471,LH,IAD,ATL,Y,0,CRJ,859.0311580773126
NH0200,NH,IAD,ATL,Y,0,CRJ,859.0311580773126
UA0841,UA,IAD,ATL,Y,0,CR7 CRJ ERJ E70,859.0311580773126
VS0089,VS,IAD,ATL,Y,0,320 M88 319 CR7,859.0311580773126
UA0843,UA,IAD,AUS,,0,319,2083.544804452949
UA0844,UA,IAD,BDL,,0,738 319 320,522.9527475229282
UA0847,UA,IAD,BNA,Y,0,ERJ CRJ,871.0403534980763
B60146,B6,IAD,BOS,,0,E90,663.2230421411614
UA0849,UA,IAD,BOS,,0,320 752 73G 739 738,663.2230421411614
UA0852,UA,IAD,BUF,Y,0,DH4 ERJ DH2 E70 CRJ CR7 ER4,457.0685041555564
UA0856,UA,IAD,CHS,Y,0,CRJ,711.5183457493314
UA0857,UA,IAD,CLE,,0,DH4,463.16542537991467
AA0889,AA,IAD,CLT,,0,CR7 CR9,517.3710631196469
UA0858,UA,IAD,CLT,Y,0,CR7 ERJ,517.3710631196469
US0786,US,IAD,CLT,,0,CR7,517.3710631196469
UA0859,UA,IAD,CMH,Y,0,DH4 ERJ CR7 ER4 E70,481.0058380051139
UA0860,UA,IAD,COS,Y,0,CR7,2349.718219919624
UA0863,UA,IAD,CVG,Y,0,CRJ CR7 ERJ,623.1966593244206
FL0279,FL,IAD,DEN,Y,0,73W,2331.781558247681
UA0865,UA,IAD,DEN,,0,739 752 319 738 320 753,2331.781558247681
WN0464,WN,IAD,DEN,,0,73W,2331.781558247681
AA0890,AA,IAD,DFW,,0,738 M80,1882.477924988515
UA0866,UA,IAD,DFW,,0,320 73G 738,1882.477924988515
US0787,US,IAD,DFW,,0,738 M80,1882.477924988515
DL0844,DL,IAD,DTW,,0,CR7 ERJ,616.4022710617372
UA0868,UA,IAD,DTW,Y,0,CRJ CR7 ERJ ER4 E70,616.4022710617372
UA0871,UA,IAD,EWR,Y,0,DH4 DH2 ERJ E70,341.0971399667631
UA0874,UA,IAD,FLL,,0,752,1453.2531247297018
UA0877,UA,IAD,GRR,Y,0,ER4 ERJ CR7,806.3386919669929
UA0879,UA,IAD,GSO,Y,0,CRJ ERJ,384.6401904550825
UA0883,UA,IAD,HNL,,0,764,7739.828755841846
UA0885,UA,IAD,IAH,,0,320 738 763 739 73G,1913.3774123452993
UA0886,UA,IAD,IND,Y,0,CR7 ERJ E70,764.7229276964936
UA0887,UA,IAD,JAX,Y,0,ERJ CR7,1015.9693515666847
B60148,B6,IAD,JFK,,0,E90,366.26983043282576
DL0846,DL,IAD,JFK,Y,0,ERJ CR7,366.26983043282576
UA0888,UA,IAD,JFK,Y,0,CRJ,366.26983043282576
UA0891,UA,IAD,LAS,,0,320 752,3316.325659288181
AA0892,AA,IAD,LAX,,0,738,3674.030164237816
UA0892,UA,IAD,LAX,,0,753 320 319 752 739 738,3674.030164237816
US0790,US,IAD,LAX,,0,738,3674.030164237816
VX0013,VX,IAD,LAX,,0,320 319,3674.030164237816
UA0893,UA,IAD,LGA,Y,0,CRJ ERJ E70 CR7,367.4638584988752
B60149,B6,IAD,LGB,,0,320,3656.7533176522015
UA0898,UA,IAD,MCI,Y,0,CR7 ERJ,1487.0256611181871
UA0899,UA,IAD,MCO,,0,320 738 739 752,1222.022745501911
FL0280,FL,IAD,MDW,Y,0,73W,927.0838100570728
WN0465,WN,IAD,MDW,,0,73W 73H,927.0838100570728
AA0894,AA,IAD,MIA,,0,738,1485.8404890868294
UA0903,UA,IAD,MIA,,0,319,1485.8404890868294
US0791,US,IAD,MIA,,0,738,1485.8404890868294
DL0849,DL,IAD,MSP,Y,0,CR9 CR7,1458.6183917564858
UA0904,UA,IAD,MSP,Y,0,CR7,1458.6183917564858
AC0117,AC,IAD,MSY,Y,0,ERJ CR7 738 E70 739,1536.5000011422949
LH0476,LH,IAD,MSY,Y,0,738 739,1536.5000011422949
UA0905,UA,IAD,MSY,,0,738 739,1536.5000011422949
UA0908,UA,IAD,OKC,Y,0,E70 ERJ CR7,1823.8491579196532
UA0909,UA,IAD,OMA,Y,0,CR7,1586.384867333597
UA0910,UA,IAD,ORD,,0,319 320 752 753 739 738,945.4046190801434
UA0911,UA,IAD,ORF,Y,0,CRJ ERJ ER4 CR7 DH4,253.0411449034569
UA0912,UA,IAD,PDX,,0,752 739 738 73G,3736.248940726714
UA0914,UA,IAD,PHL,Y,0,ER4,216.41218657824376
UA0915,UA,IAD,PHX,,0,320,3141.0054469978486
UA0916,UA,IAD,PIT,Y,0,E70 ERJ DH4 CR7,293.2490633976273
UA0919,UA,IAD,PVD,Y,0,DH4 CR7 DH2 CRJ,597.1391555305268
UA0920,UA,IAD,PWM,Y,0,CRJ ER4,793.0414549275689
UA0921,UA,IAD,RDU,,0,320 738,360.6066888326657
UA0922,UA,IAD,RIC,Y,0,ERJ CR7,160.48388230539075
UA0924,UA,IAD,ROC,Y,0,DH2 ERJ CRJ,464.52701001275267
UA0925,UA,IAD,SAN,,0,739 738 320 752 319,3618.329816184107
UA0926,UA,IAD,SAT,Y,0,CR7 E70,2189.301210724572
UA0927,UA,IAD,SAV,Y,0,CRJ ERJ CR7,830.1598945931564
UA0929,UA,IAD,SDF,Y,0,ERJ,724.7706517599224
UA0930,UA,IAD,SEA,,0,739 752 320,3701.7280407464023
UA0931,UA,IAD,SFO,,0,752 320 753 738 739 319,3883.361136345021
VX0014,VX,IAD,SFO,,0,319 320,3883.361136345021
UA0935,UA,IAD,SMF,,0,320,3785.3008140014463
UA0936,UA,IAD,STL,Y,0,ER4 CR7,1117.6685299889004
UA0939,UA,IAD,SYR,Y,0,CRJ DH4 ERJ ER4 DH2,476.9250144950292
FL0281,FL,IAD,TPA,Y,0,73W,1306.8672724748553
UA0940,UA,IAD,TPA,,0,320 738 739,1306.8672724748553
UA0941,UA,IAD,TUL,Y,0,ERJ CR7,1649.8106268734439
UA0942,UA,IAD,TYS,Y,0,ERJ,674.3913836562272
UA0948,UA,IAH,ABQ,,0,320 738 73G,1195.6727490526955
AF0612,AF,IAH,ATL,Y,0,M88 717 319,1107.5625525131195
AZ0494,AZ,IAH,ATL,Y,0,M88 717,1107.5625525131195
CA0405,CA,IAH,ATL,Y,0,CRJ ERJ,1107.5625525131195
CI0043,CI,IAH,ATL,Y,0,M88 717,1107.5625525131195
DL0852,DL,IAH,ATL,,0,M88 717 319,1107.5625525131195
KL0533,KL,IAH,ATL,Y,0,M88 717 319,1107.5625525131195
UA0955,UA,IAH,ATL,Y,0,CRJ ERJ E70,1107.5625525131195
VA0130,VA,IAH,ATL,Y,0,M88 717 319,1107.5625525131195
VS0091,VS,IAH,ATL,Y,0,M88 717 319,1107.5625525131195
UA0956,UA,IAH,AUS,,0,319 73G 738 739 320,224.51485931247524
UA0958,UA,IAH,BHM,Y,0,CRJ ERJ,903.8843152000214
UA0960,UA,IAH,BNA,Y,0,ERJ,1056.5248532561302
UA0963,UA,IAH,BOS,,0,739 738 320 752 73G 319,2567.336393732915
UA0966,UA,IAH,BWI,,0,73G 739 320 738 319,1985.7894383962312
UA0970,UA,IAH,CHS,Y,0,ERJ,1486.0044862671336
UA0971,UA,IAH,CLE,,0,320 738 73G,1756.1167857890352
AA0895,AA,IAH,CLT,,0,321 737 319 320,1466.896681986113
UA0973,UA,IAH,CLT,Y,0,ERJ E70,1466.896681986113
US0793,US,IAH,CLT,,0,321 734 319 320,1466.896681986113
UA0975,UA,IAH,CMH,Y,0,ERJ E70,1586.249748307463
UA0976,UA,IAH,COS,Y,0,CRJ CR7 ERJ,1302.1600284190454
DL0854,DL,IAH,CVG,Y,0,CR9,1402.3183797609183
UA0981,UA,IAH,CVG,Y,0,ERJ CR7,1402.3183797609183
UA0983,UA,IAH,DAL,Y,0,ERJ,348.6881125287226
UA0984,UA,IAH,DCA,,0,73G 319 738 320,1941.6309443417174
F90118,F9,IAH,DEN,,0,320 319,1387.3971547534793
NK0118,NK,IAH,DEN,,0,320,1387.3971547534793
UA0985,UA,IAH,DEN,,0,320 752 788 738 739 753 319,1387.3971547534793
AA0896,AA,IAH,DFW,,0,M80 M83,361.62060029034046
UA0986,UA,IAH,DFW,Y,0,ERJ E70 CRJ CR7,361.62060029034046
US0794,US,IAH,DFW,,0,M80 M83,361.62060029034046
UA0988,UA,IAH,DSM,Y,0,ERJ CRJ,1293.1475024988056
DL0855,DL,IAH,DTW,,0,717,1730.964569761676
NK0119,NK,IAH,DTW,,0,320,1730.964569761676
UA0989,UA,IAH,DTW,,0,319 320 73G,1730.964569761676
UA0990,UA,IAH,ELP,Y,0,ERJ CRJ,1071.708569841481
UA0991,UA,IAH,EWR,,0,739 73G 738 320 752 319,2250.2572880587095
UA0993,UA,IAH,FLL,,0,739 320 73G 738 752,1551.5348200043024
UA1001,UA,IAH,GRR,Y,0,ERJ CRJ,1678.8988667274652
UA1005,UA,IAH,HNL,,0,764,6272.717366523767
UA1010,UA,IAH,IAD,,0,738 763 739 320 319,1913.3774123452993
UA1012,UA,IAH,IND,,0,319,1359.5228439021582
UA1014,UA,IAH,JAX,Y,0,ERJ,1312.055581866211
NK0120,NK,IAH,LAS,,0,319,1962.864140676661
UA1015,UA,IAH,LAS,,0,320 739 73G 738 319 752,1962.864140676661
AA0898,AA,IAH,LAX,Y,0,CR7,2215.0734795608714
AS0147,AS,IAH,LAX,Y,0,CR7,2215.0734795608714
NK0121,NK,IAH,LAX,,0,320,2215.0734795608714
UA1016,UA,IAH,LAX,,0,752 739 738 753 320 319,2215.0734795608714
US0797,US,IAH,LAX,,0,CR7,2215.0734795608714
DL0856,DL,IAH,LGA,Y,0,E75 E70 CR9,2277.1311661572313
UA1021,UA,IAH,LGA,,0,320 738 73G 319,2277.1311661572313
UA1030,UA,IAH,MCI,Y,0,ERJ E70 CRJ CR7,1037.616989668317
NK0122,NK,IAH,MCO,,0,320,1372.0003930375315
UA1031,UA,IAH,MCO,,0,739 738 320 73G 753,1372.0003930375315
DL0857,DL,IAH,MEM,Y,0,CRJ,754.422393816132
UA1032,UA,IAH,MEM,Y,0,ERJ ER4 CRJ,754.422393816132
AA0900,AA,IAH,MIA,,0,738,1549.3736377412374
UA1036,UA,IAH,MIA,,0,319 738 73G 320 739,1549.3736377412374
US0798,US,IAH,MIA,,0,738,1549.3736377412374
UA1038,UA,IAH,MKE,Y,0,ERJ CRJ,1586.070811643025
DL0859,DL,IAH,MSP,Y,0,CR7 E70 E75 CR9,1666.7004915608698
NK0123,NK,IAH,MSP,,0,319,1666.7004915608698
UA1042,UA,IAH,MSP,Y,0,ERJ E70 CR7,1666.7004915608698
AC0121,AC,IAH,MSY,Y,0,CR7 320 73G 738 E70 ERJ 319,488.8924968522243
LH0481,LH,IAH,MSY,Y,0,73G 320 ERJ 738 CR7,488.8924968522243
TK0212,TK,IAH,MSY,Y,0,320,488.8924968522243
UA1043,UA,IAH,MSY,,0,320 73G 738 319,488.8924968522243
UA1049,UA,IAH,OKC,,0,319 320 739,637.3975659602737
UA1050,UA,IAH,OMA,Y,0,ERJ E70,1259.5754610339047
UA1051,UA,IAH,ONT,Y,0,CR7,2142.2616955497197
AA0901,AA,IAH,ORD,Y,0,CR7,1490.6518561812281
NK0124,NK,IAH,ORD,,0,319,1490.6518561812281
UA1052,UA,IAH,ORD,,0,752 739 73G 319 738 320 753,1490.6518561812281
US0799,US,IAH,ORD,,0,CR7,1490.6518561812281
UA1053,UA,IAH,ORF,Y,0,ERJ,1930.5204357894693
UA1055,UA,IAH,PBI,,0,320,1535.3040167064835
UA1056,UA,IAH,PDX,,0,320 319 739 738,2933.724171683485
AA0902,AA,IAH,PHL,,0,E90,2129.4835390978096
UA1058,UA,IAH,PHL,,0,73G 319 739 738 320,2129.4835390978096
US0800,US,IAH,PHL,,0,E90,2129.4835390978096
AA0903,AA,IAH,PHX,,0,319 320,1620.4251096276944
UA1059,UA,IAH,PHX,,0,320 738 739 319 73G,1620.4251096276944
US0801,US,IAH,PHX,,0,319 320,1620.4251096276944
UA1060,UA,IAH,PIT,,0,319 320 738 73G,1797.485812599305
UA1061,UA,IAH,PNS,Y,0,ERJ,785.1764265084391
UA1063,UA,IAH,PSP,Y,0,CR7,2039.22117243832
UA1067,UA,IAH,RDU,,0,73G,1675.346434065795
UA1068,UA,IAH,RIC,Y,0,ERJ,1859.963581051579
UA1069,UA,IAH,RSW,,0,738,1384.0314185854036
UA1072,UA,IAH,SAN,,0,320 738 739 319,2093.1494983812845
UA1074,UA,IAH,SAT,,0,738 319 73G 739 320,306.1060853324881
UA1075,UA,IAH,SAV,Y,0,ERJ,1366.908053666082
UA1076,UA,IAH,SDF,Y,0,E70 ERJ CRJ,1267.918959719324
AS0148,AS,IAH,SEA,,0,73J,3013.42841427675
DL0860,DL,IAH,SEA,Y,0,73J,3013.42841427675
UA1077,UA,IAH,SEA,,0,319 320 739 738,3013.42841427675
CM0061,CM,IAH,SFO,Y,0,788,2627.1878002373915
UA1078,UA,IAH,SFO,,0,319 739 738 320 788 73G 752,2627.1878002373915
UA1080,UA,IAH,SJC,,0,319 320 739 738,2583.2336195185994
DL0861,DL,IAH,SLC,,0,319,1922.5085307434092
UA1084,UA,IAH,SLC,Y,0,ERJ CR7 E70,1922.5085307434092
UA1087,UA,IAH,SMF,,0,739 320 738,2585.937743930318
UA1088,UA,IAH,SNA,,0,738 320 319 73G,2162.922157748362
UA1089,UA,IAH,STL,Y,0,ER4 ERJ,1075.606771520837
UA1092,UA,IAH,TPA,,0,739 738 320,1265.0251829593406
UA1094,UA,IAH,TUL,Y,0,CRJ ERJ CR7,692.6768478196677
UA1095,UA,IAH,TUS,Y,0,ERJ CR7,1503.1643858452146
UA1097,UA,IAH,TYS,Y,0,ERJ,1240.5232000733558
AF0617,AF,IND,ATL,Y,0,M88 320 M90,696.265301572822
AM0164,AM,IND,ATL,Y,0,M88 M90,696.265301572822
AZ0505,AZ,IND,ATL,Y,0,M88 M90,696.265301572822
DL0881,DL,IND,ATL,,0,M88 320  M90,696.265301572822
FL0284,FL,IND,ATL,,0,717,696.265301572822
KL0537,KL,IND,ATL,Y,0,M88 320,696.265301572822
VA0131,VA,IND,ATL,Y,0,M88 320 M90,696.265301572822
VS0092,VS,IND,ATL,Y,0,M88 320 M90,696.265301572822
WN0469,WN,IND,ATL,Y,0,717,696.265301572822
DL0882,DL,IND,BOS,Y,0,E75,1313.3966595583672
FL0285,FL,IND,BWI,Y,0,73C 73W,828.3562995510918
WN0470,WN,IND,BWI,,0,733 73C 73W,828.3562995510918
UA1122,UA,IND,CLE,Y,0,E70 DH3 ERJ,419.9922344719642
AA0912,AA,IND,CLT,,0,319,688.060502220261
US0812,US,IND,CLT,,0,319,688.060502220261
AA0913,AA,IND,DCA,Y,0,E70 E75 CRJ,802.1066100233389
US0813,US,IND,DCA,,0,CRJ,802.1066100233389
F90126,F9,IND,DEN,,0,320 319,1567.702068460506
FL0286,FL,IND,DEN,Y,0,73W,1567.702068460506
UA1123,UA,IND,DEN,Y,0,E70 ERJ,1567.702068460506
WN0471,WN,IND,DEN,,0,733 73C 73W,1567.702068460506
AA0914,AA,IND,DFW,,0,M80 M83,1223.9890393722342
US0814,US,IND,DFW,,0,M80 M83,1223.9890393722342
DL0884,DL,IND,DTW,,0,320 M88 ERJ,371.4617650760752
UA1124,UA,IND,EWR,Y,0,ERJ E70,1034.4531190952996
WN0472,WN,IND,FLL,,0,73W 73C,1620.856411666571
WN0473,WN,IND,HOU,,0,73W 73C,1387.1567112877412
UA1125,UA,IND,IAD,Y,0,E70 ERJ CR7,764.7229276964936
UA1126,UA,IND,IAH,,0,319,1359.5228439021582
AA0915,AA,IND,JFK,Y,0,ER4,1067.2672609587946
DL0885,DL,IND,JFK,Y,0,CR9,1067.2672609587946
US0815,US,IND,JFK,,0,ER4,1067.2672609587946
FL0287,FL,IND,LAS,Y,0,73W,2552.733039358765
WN0474,WN,IND,LAS,,0,73W 73C,2552.733039358765
AA0916,AA,IND,LAX,,0,738,2912.877862918571
AS0149,AS,IND,LAX,Y,0,738,2912.877862918571
DL0886,DL,IND,LAX,,0,320,2912.877862918571
US0816,US,IND,LAX,,0,738,2912.877862918571
DL0887,DL,IND,LGA,,0,CR7,1059.9127857273206
FL0288,FL,IND,MCI,Y,0,73C,723.5089341326133
WN0475,WN,IND,MCI,,0,733 73C,723.5089341326133
DL0889,DL,IND,MCO,Y,0,CR9,1335.8906377554526
FL0289,FL,IND,MCO,,0,717,1335.8906377554526
WN0476,WN,IND,MCO,,0,73C 73W 733,1335.8906377554526
DL0890,DL,IND,MEM,Y,0,ERJ CRJ,612.9554501317232
AA0917,AA,IND,MIA,Y,0,ER4,1645.5851443556426
US0817,US,IND,MIA,,0,ER4,1645.5851443556426
DL0891,DL,IND,MSP,,0,M90 320 319,808.2198961939441
AA0918,AA,IND,ORD,Y,0,E75 ER4 ERD CR7,285.5951889162557
UA1127,UA,IND,ORD,Y,0,ERJ E70 CR7 CRJ,285.5951889162557
US0818,US,IND,ORD,Y,0,E75 ER4 ERD CR7,285.5951889162557
AA0919,AA,IND,PHL,,0,E90,943.904232338982
US0819,US,IND,PHL,,0,E90,943.904232338982
AA0920,AA,IND,PHX,,0,320 319,2390.3028726046136
US0820,US,IND,PHX,,0,320 319,2390.3028726046136
WN0477,WN,IND,PHX,,0,73W 733,2390.3028726046136
DL0892,DL,IND,RDU,Y,0,CRJ,785.2219328512526
DL0893,DL,IND,RSW,,0,E75,1525.0314978885976
WN0478,WN,IND,RSW,,0,73C 73W,1525.0314978885976
UA1128,UA,IND,SFO,,0,319,3119.9840020812176
DL0894,DL,IND,SLC,,0,320 319,2175.2263840979667
DL0895,DL,IND,TPA,Y,0,E75,1350.6705859321896
FL0290,FL,IND,TPA,,0,717,1350.6705859321896
WN0479,WN,IND,TPA,,0,73W 73C,1350.6705859321896
AF0622,AF,JAX,ATL,Y,0,757,434.59769028102426
AM0167,AM,JAX,ATL,Y,0,757 M90 738,434.59769028102426
AS0152,AS,JAX,ATL,Y,0,757 739 M90 738,434.59769028102426
AZ0508,AZ,JAX,ATL,Y,0,757,434.59769028102426
DL0902,DL,JAX,ATL,,0,757 739 M90 738,434.59769028102426
FL0298,FL,JAX,ATL,,0,717,434.59769028102426
KL0541,KL,JAX,ATL,Y,0,757,434.59769028102426
VS0093,VS,JAX,ATL,Y,0,757 739,434.59769028102426
WN0488,WN,JAX,ATL,,0,73C,434.59769028102426
WN0489,WN,JAX,BNA,,0,73W 73C,778.9850508681137
B60151,B6,JAX,BOS,,0,E90,1626.4698388168265
DL0903,DL,JAX,BOS,Y,0,CR9,1626.4698388168265
FL0299,FL,JAX,BWI,Y,0,73W,1068.1947615572763
WN0490,WN,JAX,BWI,,0,73W 733 73C,1068.1947615572763
AA0931,AA,JAX,CLT,,0,319 737,529.5931266649769
US0837,US,JAX,CLT,,0,319 734,529.5931266649769
DL0904,DL,JAX,CVG,Y,0,CRJ,989.4177484615169
AA0932,AA,JAX,DCA,Y,0,E75 CRJ E70,1021.8032087684654
US0838,US,JAX,DCA,Y,0,E75 CRJ E70,1021.8032087684654
WN0491,WN,JAX,DEN,,0,73W,2325.022253355985
AA0933,AA,JAX,DFW,,0,M83 M80,1475.2947376674563
US0839,US,JAX,DFW,,0,M83 M80,1475.2947376674563
DL0905,DL,JAX,DTW,Y,0,CR9,1311.7825125611541
UA1135,UA,JAX,EWR,Y,0,ERJ,1320.7278676462458
WN0492,WN,JAX,FLL,,0,73C 73W,513.9207328145482
WN0493,WN,JAX,HOU,,0,733 73W,1310.272782760915
UA1136,UA,JAX,IAD,Y,0,ERJ CR7 E70,1015.9693515666847
UA1137,UA,JAX,IAH,Y,0,ERJ,1312.055581866211
B60152,B6,JAX,JFK,,0,320,1334.568738593814
DL0906,DL,JAX,JFK,Y,0,CR9,1334.568738593814
WN0494,WN,JAX,LAS,,0,73W,3155.8508967729235
DL0907,DL,JAX,LGA,,0,CR7,1342.762301789172
WN0495,WN,JAX,MDW,,0,73W,1367.8372828527731
AA0934,AA,JAX,MIA,Y,0,ER4 ERD,539.8947617990771
US0840,US,JAX,MIA,,0,ER4 ERD,539.8947617990771
DL0908,DL,JAX,MSP,Y,0,E75 CR9 E70,1890.2638362347072
AA0935,AA,JAX,ORD,Y,0,ER4 CR7,1392.5946832078994
UA1139,UA,JAX,ORD,,0,73G 320,1392.5946832078994
US0841,US,JAX,ORD,,0,ER4 CR7,1392.5946832078994
AA0936,AA,JAX,PHL,,0,E90,1195.395887334033
US0842,US,JAX,PHL,,0,E90,1195.395887334033
3M0031,3M,JAX,TPA,,0,SF3,291.6442614343352
UA1140,UA,JAX,TPA,Y,0,SF3,291.6442614343352
B60154,B6,JFK,ABQ,,0,320,2931.4088082810044
AF0625,AF,JFK,ATL,Y,0,319 738 752,1222.0418070428022
AM0168,AM,JFK,ATL,Y,0,752 319 757 738,1222.0418070428022
AZ0511,AZ,JFK,ATL,Y,0,752 319 M88 738,1222.0418070428022
DL0911,DL,JFK,ATL,,0,752 757 319 738 M88 ,1222.0418070428022
KL0543,KL,JFK,ATL,Y,0,319 738 752 M88,1222.0418070428022
SU0105,SU,JFK,ATL,Y,0,752 319 738 757 M88,1222.0418070428022
VS0094,VS,JFK,ATL,Y,0,752 319 738 757 M88,1222.0418070428022
AA0940,AA,JFK,AUS,,0,738,2444.601835201186
B60156,B6,JFK,AUS,,0,320,2444.601835201186
DL0913,DL,JFK,AUS,,0,319,2444.601835201186
US0845,US,JFK,AUS,,0,738,2444.601835201186
AA0943,AA,JFK,BNA,Y,0,ER4,1229.7147865121124
DL0916,DL,JFK,BNA,,0,CR9,1229.7147865121124
US0848,US,JFK,BNA,Y,0,ER4,1229.7147865121124
AA0944,AA,JFK,BOS,,0,738,299.895334695468
B60160,B6,JFK,BOS,,0,E90 320,299.895334695468
DL0918,DL,JFK,BOS,,0,CR9 752 CR7,299.895334695468
US0850,US,JFK,BOS,,0,738,299.895334695468
B60163,B6,JFK,BUF,,0,E90 320,483.68973811657577
DL0920,DL,JFK,BUF,,0,CR7 CR9,483.68973811657577
B60164,B6,JFK,BUR,,0,320,3958.2041992073737
AA0945,AA,JFK,BWI,Y,0,ER4,295.3101239208966
DL0921,DL,JFK,BWI,,0,ERJ,295.3101239208966
US0851,US,JFK,BWI,Y,0,ER4,295.3101239208966
B60165,B6,JFK,CHS,,0,320,1025.0747739734672
DL0923,DL,JFK,CHS,,0,ERJ CRJ,1025.0747739734672
AA0948,AA,JFK,CLE,Y,0,ER4,682.1790848428468
DL0924,DL,JFK,CLE,,0,CRJ ERJ,682.1790848428468
US0853,US,JFK,CLE,Y,0,ER4,682.1790848428468
AA0949,AA,JFK,CLT,,0,321 319,870.4767746428703
B60166,B6,JFK,CLT,,0,E90,870.4767746428703
DL0925,DL,JFK,CLT,,0,ERJ,870.4767746428703
US0854,US,JFK,CLT,,0,321 319,870.4767746428703
AA0950,AA,JFK,CMH,Y,0,ER4 CR7,775.509768279037
DL0926,DL,JFK,CMH,,0,ERJ CRJ,775.509768279037
US0855,US,JFK,CMH,,0,CR7,775.509768279037
AA0952,AA,JFK,CVG,Y,0,ER4,945.6186665336213
DL0928,DL,JFK,CVG,,0,CR9 CR7,945.6186665336213
US0857,US,JFK,CVG,Y,0,ER4,945.6186665336213
AA0953,AA,JFK,DCA,,0,738,342.16693011793376
DL0929,DL,JFK,DCA,,0,CR9,342.16693011793376
US0858,US,JFK,DCA,,0,738,342.16693011793376
B60169,B6,JFK,DEN,,0,320,2609.8579159162396
DL0930,DL,JFK,DEN,,0,73H,2609.8579159162396
AA0954,AA,JFK,DFW,,0,738 757,2234.851852473003
DL0931,DL,JFK,DFW,,0,CR9,2234.851852473003
US0859,US,JFK,DFW,,0,738 757,2234.851852473003
DL0933,DL,JFK,DTW,,0,M88 CR9 73H 319,816.7551291450768
B60171,B6,JFK,FLL,,0,320 E90,1723.2396309654575
DL0936,DL,JFK,FLL,,0,752 M88 73H 738,1723.2396309654575
HA0036,HA,JFK,HNL,,0,332,8006.990732681869
B60173,B6,JFK,HOU,,0,E90,2295.8883522182637
B60174,B6,JFK,IAD,,0,E90,366.26983043282576
DL0941,DL,JFK,IAD,,0,CR7 ERJ CRJ,366.26983043282576
UA1149,UA,JFK,IAD,Y,0,CRJ,366.26983043282576
AA0965,AA,JFK,IND,Y,0,ER4,1067.2672609587946
DL0943,DL,JFK,IND,,0,CR9,1067.2672609587946
US0865,US,JFK,IND,,0,ER4,1067.2672609587946
B60175,B6,JFK,JAX,,0,320,1334.568738593814
DL0944,DL,JFK,JAX,,0,CR9,1334.568738593814
AA0966,AA,JFK,LAS,,0,738,3609.106912144225
B60178,B6,JFK,LAS,,0,320,3609.106912144225
DL0945,DL,JFK,LAS,,0,73H 738 757,3609.106912144225
EY0166,EY,JFK,LAS,Y,0,738,3609.106912144225
HA0037,HA,JFK,LAS,Y,0,320,3609.106912144225
QR0200,QR,JFK,LAS,Y,0,738,3609.106912144225
US0868,US,JFK,LAS,,0,738,3609.106912144225
VX0015,VX,JFK,LAS,,0,320,3609.106912144225
AA0967,AA,JFK,LAX,,0,32B 762,3974.1642519132665
AS0153,AS,JFK,LAX,Y,0,321 762,3974.1642519132665
B60179,B6,JFK,LAX,,0,320,3974.1642519132665
DL0946,DL,JFK,LAX,,0,76W 752,3974.1642519132665
QF0211,QF,JFK,LAX,,0,744,3974.1642519132665
UA1152,UA,JFK,LAX,,0,757,3974.1642519132665
US0869,US,JFK,LAX,,0,32B 762,3974.1642519132665
VX0016,VX,JFK,LAX,,0,320,3974.1642519132665
B60180,B6,JFK,LGB,,0,320,3958.1724782761653
AA0973,AA,JFK,MCO,,0,763 757,1521.3370997295256
B60184,B6,JFK,MCO,,0,320 E90,1521.3370997295256
DL0951,DL,JFK,MCO,,0,752 73H M88 738,1521.3370997295256
US0873,US,JFK,MCO,Y,0,763 757,1521.3370997295256
AA0974,AA,JFK,MIA,,0,757 763 738,1756.7482581964496
DL0953,DL,JFK,MIA,,0,73H M88 738 319,1756.7482581964496
US0875,US,JFK,MIA,,0,757 738,1756.7482581964496
DL0954,DL,JFK,MSP,,0,CR9 319 M88,1651.2161151681432
SY0008,SY,JFK,MSP,,0,73G 738,1651.2161151681432
9E0028,9E,JFK,MSY,,0,CR9,1901.908897180843
AF0633,AF,JFK,MSY,Y,0,CR9,1901.908897180843
AZ0515,AZ,JFK,MSY,Y,0,CR9,1901.908897180843
B60185,B6,JFK,MSY,,0,E90 320,1901.908897180843
DL0955,DL,JFK,MSY,Y,0,CR9,1901.908897180843
EY0167,EY,JFK,MSY,Y,0,E90 320,1901.908897180843
JL0180,JL,JFK,MSY,Y,0,E90,1901.908897180843
KL0550,KL,JFK,MSY,Y,0,CR9,1901.908897180843
LH0493,LH,JFK,MSY,Y,0,E90,1901.908897180843
QR0201,QR,JFK,MSY,Y,0,E90,1901.908897180843
VS0096,VS,JFK,MSY,Y,0,CR9,1901.908897180843
B60188,B6,JFK,OAK,,0,320,4135.180110200534
AA0977,AA,JFK,ORD,,0,738,1187.8092335265394
B60189,B6,JFK,ORD,,0,320 E90,1187.8092335265394
DL0960,DL,JFK,ORD,,0,CR9,1187.8092335265394
QR0203,QR,JFK,ORD,Y,0,738,1187.8092335265394
US0877,US,JFK,ORD,,0,738,1187.8092335265394
AA0978,AA,JFK,ORF,Y,0,ER4,466.21837645723684
DL0961,DL,JFK,ORF,,0,ERJ,466.21837645723684
US0878,US,JFK,ORF,,0,ER4,466.21837645723684
B60191,B6,JFK,PBI,,0,E90 320,1657.0916832264684
B60192,B6,JFK,PDX,,0,320,3938.8503728353203
DL0963,DL,JFK,PDX,,0,752 73H,3938.8503728353203
DL0964,DL,JFK,PHL,,0,ERJ CRJ 752,150.56836135785983
AA0981,AA,JFK,PHX,,0,321,3457.5225085092743
B60193,B6,JFK,PHX,,0,320,3457.5225085092743
DL0965,DL,JFK,PHX,,0,738 73H,3457.5225085092743
US0880,US,JFK,PHX,,0,321,3457.5225085092743
AA0982,AA,JFK,PIT,Y,0,ER4,545.2647571605273
DL0966,DL,JFK,PIT,,0,CR9 752 ERJ,545.2647571605273
US0881,US,JFK,PIT,,0,ER4,545.2647571605273
B60199,B6,JFK,PWM,,0,E90,439.9490469675034
AA0983,AA,JFK,RDU,Y,0,ERD CR7,686.3466226652599
B60200,B6,JFK,RDU,,0,E90,686.3466226652599
DL0970,DL,JFK,RDU,,0,CR7 CR9,686.3466226652599
US0882,US,JFK,RDU,,0,ERD CR7,686.3466226652599
DL0971,DL,JFK,RIC,,0,ERJ CR9,463.45272268876465
B60201,B6,JFK,ROC,,0,E90,424.05560337679105
DL0972,DL,JFK,ROC,,0,CRJ ERJ CR9,424.05560337679105
B60202,B6,JFK,RSW,,0,320,1731.6556620846393
AA0984,AA,JFK,SAN,,0,738,3928.0032195916287
AS0154,AS,JFK,SAN,Y,0,757 73H,3928.0032195916287
B60203,B6,JFK,SAN,,0,320,3928.0032195916287
DL0973,DL,JFK,SAN,,0,757 73H,3928.0032195916287
QR0204,QR,JFK,SAN,Y,0,738,3928.0032195916287
US0884,US,JFK,SAN,,0,738,3928.0032195916287
DL0974,DL,JFK,SAT,,0,73H,2550.8059805337557
B60204,B6,JFK,SAV,,0,320,1155.4045869007598
DL0975,DL,JFK,SAV,,0,CR9 CR7,1155.4045869007598
DL0976,DL,JFK,SDF,,0,CRJ ERJ,1062.3042110754682
AA0986,AA,JFK,SEA,,0,738,3886.734967125941
AS0155,AS,JFK,SEA,Y,0,738,3886.734967125941
B60206,B6,JFK,SEA,,0,320,3886.734967125941
DL0978,DL,JFK,SEA,,0,752 757,3886.734967125941
US0885,US,JFK,SEA,,0,738,3886.734967125941
AA0987,AA,JFK,SFO,,0,32B 763,4151.713949042157
AS0156,AS,JFK,SFO,Y,0,321 763,4151.713949042157
B60207,B6,JFK,SFO,,0,320,4151.713949042157
DL0979,DL,JFK,SFO,,0,752,4151.713949042157
UA1158,UA,JFK,SFO,,0,757,4151.713949042157
US0886,US,JFK,SFO,,0,32B 763,4151.713949042157
VX0017,VX,JFK,SFO,,0,320,4151.713949042157
B60208,B6,JFK,SJC,,0,320,4124.777076729531
B60210,B6,JFK,SLC,,0,320,3193.7191520533306
DL0982,DL,JFK,SLC,,0,757 73H 738 739 752,3193.7191520533306
B60211,B6,JFK,SMF,,0,320,4047.2940768917033
B60212,B6,JFK,SRQ,,0,E90,1678.0322614273962
DL0984,DL,JFK,STL,,0,CR7 CR9,1432.789202676192
B60215,B6,JFK,SYR,,0,E90,335.61582345741436
DL0988,DL,JFK,SYR,,0,ERJ,335.61582345741436
AA0992,AA,JFK,TPA,Y,0,CR7,1619.4722894656848
B60216,B6,JFK,TPA,,0,320 E90,1619.4722894656848
DL0990,DL,JFK,TPA,,0,M88 738 73H,1619.4722894656848
US0891,US,JFK,TPA,Y,0,CR7,1619.4722894656848
UA1171,UA,KOA,DEN,,0,752,5351.372787275499
HA0039,HA,KOA,HNL,,0,717,263.01353805971536
US0903,US,KOA,HNL,Y,0,717,263.01353805971536
AA1005,AA,KOA,LAX,,0,757,4025.6334578154856
AS0163,AS,KOA,LAX,Y,0,757,4025.6334578154856
DL1001,DL,KOA,LAX,,0,757,4025.6334578154856
UA1172,UA,KOA,LAX,,0,753,4025.6334578154856
US0904,US,KOA,LAX,,0,757,4025.6334578154856
AA1006,AA,KOA,OAK,Y,0,737,3824.768132279157
AS0164,AS,KOA,OAK,,0,73H,3824.768132279157
HA0040,HA,KOA,OGG,,0,717,134.86001250472984
MW0008,MW,KOA,OGG,,0,CNA,134.86001250472984
AA1007,AA,KOA,PHX,,0,757,4597.466855183698
US0905,US,KOA,PHX,,0,752,4597.466855183698
AS0165,AS,KOA,SEA,,0,73H,4326.567878452805
UA1173,UA,KOA,SFO,,0,753 739 738,3808.0559943794638
AA1008,AA,KOA,SJC,Y,0,737,3834.094697642154
AS0166,AS,KOA,SJC,,0,73H,3834.094697642154
WN0496,WN,LAS,ABQ,,0,73C 73W 733,781.1498492733336
WN0497,WN,LAS,ALB,,0,73W,3591.3495906620496
AS0172,AS,LAS,ANC,,0,73H,3703.2981066915304
AF0652,AF,LAS,ATL,Y,0,739 738 757,2804.7892050093255
AZ0531,AZ,LAS,ATL,Y,0,757,2804.7892050093255
DL1008,DL,LAS,ATL,,0,739 757 738 753,2804.7892050093255
FL0300,FL,LAS,ATL,,0,73G,2804.7892050093255
KL0579,KL,LAS,ATL,Y,0,757,2804.7892050093255
VS0098,VS,LAS,ATL,Y,0,739 757 738,2804.7892050093255
WN0499,WN,LAS,ATL,,0,73W ,2804.7892050093255
FL0301,FL,LAS,AUS,Y,0,73W,1751.7407189781347
G40143,G4,LAS,AUS,,0,M80 757,1751.7407189781347
WN0500,WN,LAS,AUS,,0,73H 733 73W 73C,1751.7407189781347
WN0501,WN,LAS,BDL,,0,73W,3687.75240531524
WN0502,WN,LAS,BHM,,0,73W,2598.3621126930457
WN0503,WN,LAS,BNA,,0,73W 73H,2548.7912691023744
G40148,G4,LAS,BOI,,0,M80,836.8463903990927
WN0504,WN,LAS,BOI,,0,73W 73C,836.8463903990927
B60221,B6,LAS,BOS,,0,320,3822.3061649813394
DL1009,DL,LAS,BOS,,0,73H,3822.3061649813394
WN0505,WN,LAS,BUF,,0,73H 738,3189.2889414188694
FL0302,FL,LAS,BUR,Y,0,73W,358.73147442226707
WN0506,WN,LAS,BUR,,0,73W 73H,358.73147442226707
FL0303,FL,LAS,BWI,,0,73G,3380.9947106552586
NK0126,NK,LAS,BWI,,0,320,3380.9947106552586
WN0507,WN,LAS,BWI,,0,73W 73H 738,3380.9947106552586
UA1184,UA,LAS,CLE,,0,739 738,2929.263359397114
WN0508,WN,LAS,CLE,,0,73W,2929.263359397114
AA1020,AA,LAS,CLT,,0,321,3076.518230235711
US0906,US,LAS,CLT,,0,321,3076.518230235711
WN0509,WN,LAS,CMH,,0,73H 73W,2842.6593189631985
G40151,G4,LAS,COS,,0,M80,970.3384211786597
DL1010,DL,LAS,CVG,,0,757,2694.2635130768213
AA1021,AA,LAS,DCA,,0,320 319,3353.4551234822693
US0907,US,LAS,DCA,,0,320 319,3353.4551234822693
F90128,F9,LAS,DEN,,0,319 320,1009.0505170516835
FL0304,FL,LAS,DEN,Y,0,73C 73W,1009.0505170516835
NK0127,NK,LAS,DEN,,0,319,1009.0505170516835
UA1185,UA,LAS,DEN,,0,320 752 319 738 739,1009.0505170516835
WN0510,WN,LAS,DEN,,0,73W 73H 73C 733 738,1009.0505170516835
AA1022,AA,LAS,DFW,,0,M80 738 M83 757,1694.826372839397
NK0128,NK,LAS,DFW,,0,320 319,1694.826372839397
US0908,US,LAS,DFW,,0,M80 738 M83 757,1694.826372839397
G40154,G4,LAS,DSM,,0,M80,1952.555439891053
WN0511,WN,LAS,DSM,,0,733 73W,1952.555439891053
DL1011,DL,LAS,DTW,,0,757 320 739 738,2807.835588903506
NK0129,NK,LAS,DTW,,0,320 319,2807.835588903506
WN0512,WN,LAS,DTW,,0,73W,2807.835588903506
WN0513,WN,LAS,ELP,,0,73C 735 73W,938.1050146723106
UA1186,UA,LAS,EWR,,0,738 739 753 752 320,3575.7319285020853
G40157,G4,LAS,FAT,,0,M80,415.6679162777693
UA1187,UA,LAS,FAT,Y,0,EM2,415.6679162777693
NK0130,NK,LAS,FLL,,0,320,3492.138600299027
WN0514,WN,LAS,FLL,,0,73W,3492.138600299027
WN0516,WN,LAS,GEG,,0,73W,1297.7157006848718
G40163,G4,LAS,GRR,,0,M80,2637.295754162991
G40165,G4,LAS,HNL,,0,757,4440.819015870027
HA0041,HA,LAS,HNL,,0,332,4440.819015870027
FL0305,FL,LAS,HOU,Y,0,73H,1984.922530126563
WN0517,WN,LAS,HOU,,0,73C 738 73W 73H,1984.922530126563
UA1188,UA,LAS,IAD,,0,320 752 739,3316.325659288181
NK0131,NK,LAS,IAH,,0,319,1962.864140676661
UA1189,UA,LAS,IAH,,0,738 319 739 320 73G,1962.864140676661
FL0306,FL,LAS,IND,Y,0,73C 73W,2552.733039358765
WN0519,WN,LAS,IND,,0,73W,2552.733039358765
WN0520,WN,LAS,JAX,,0,73W,3155.8508967729235
AA1023,AA,LAS,JFK,,0,738,3609.106912144225
B60222,B6,LAS,JFK,,0,320,3609.106912144225
DL1013,DL,LAS,JFK,,0,738 757 73H,3609.106912144225
EY0175,EY,LAS,JFK,Y,0,767 757,3609.106912144225
HA0042,HA,LAS,JFK,Y,0,320,3609.106912144225
QR0218,QR,LAS,JFK,Y,0,757,3609.106912144225
US0909,US,LAS,JFK,,0,738,3609.106912144225
VX0018,VX,LAS,JFK,,0,320,3609.106912144225
4B0001,4B,LAS,LAX,,0,PL2,380.2294289942636
AA1024,AA,LAS,LAX,,0,738,380.2294289942636
DL1014,DL,LAS,LAX,,0,319,380.2294289942636
FL0307,FL,LAS,LAX,Y,0,73W,380.2294289942636
NK0132,NK,LAS,LAX,,0,319,380.2294289942636
UA1190,UA,LAS,LAX,,0,752 738 319 320 739,380.2294289942636
US0910,US,LAS,LAX,,0,738,380.2294289942636
VX0019,VX,LAS,LAX,,0,320,380.2294289942636
WN0521,WN,LAS,LAX,,0,73W 73C 733,380.2294289942636
B60223,B6,LAS,LGB,,0,320,371.7117846833174
WN0525,WN,LAS,MCI,,0,738 73C 73W 73H,1829.401557895743
DL1017,DL,LAS,MCO,,0,73H,3276.1100270082934
WN0526,WN,LAS,MCO,,0,73H 738,3276.1100270082934
FL0308,FL,LAS,MDW,Y,0,73H 73W,2441.727201316596
WN0527,WN,LAS,MDW,,0,73H 73W 738,2441.727201316596
DL1018,DL,LAS,MEM,,0,738,2273.8059358158025
AA1027,AA,LAS,MIA,,0,757 738,3494.1263255889776
US0911,US,LAS,MIA,,0,738,3494.1263255889776
FL0309,FL,LAS,MKE,Y,0,73W,2446.77282725703
WN0528,WN,LAS,MKE,,0,73W 73H,2446.77282725703
DL1020,DL,LAS,MSP,,0,757 M90 738 739,2087.4763629208974
NK0133,NK,LAS,MSP,,0,320,2087.4763629208974
SY0011,SY,LAS,MSP,,0,738,2087.4763629208974
WN0529,WN,LAS,MSY,,0,73H 73W,2409.015700948633
FL0310,FL,LAS,OAK,Y,0,73W,654.2226185342018
NK0134,NK,LAS,OAK,,0,319 320,654.2226185342018
WN0530,WN,LAS,OAK,,0,73C 73W 738 73H,654.2226185342018
WN0531,WN,LAS,OKC,,0,73W 73C,1584.0249656464644
WN0532,WN,LAS,OMA,,0,733 73W,1764.7310716722393
WN0533,WN,LAS,ONT,,0,73W 73C 73H,316.9960218176769
AA1028,AA,LAS,ORD,,0,M83 738,2431.5305228126194
NK0135,NK,LAS,ORD,,0,319 320,2431.5305228126194
UA1191,UA,LAS,ORD,,0,73G 738 739 320 752 319,2431.5305228126194
US0912,US,LAS,ORD,,0,M83 738,2431.5305228126194
AS0174,AS,LAS,PDX,,0,73G 73H,1227.353108383415
NK0136,NK,LAS,PDX,,0,319,1227.353108383415
WN0534,WN,LAS,PDX,,0,73W 73C 73H,1227.353108383415
AA1029,AA,LAS,PHL,,0,320 321,3494.279417936387
NK0137,NK,LAS,PHL,,0,320,3494.279417936387
US0913,US,LAS,PHL,,0,320 321,3494.279417936387
WN0535,WN,LAS,PHL,,0,73H,3494.279417936387
AA1030,AA,LAS,PHX,,0,320 321 319,411.40010767203415
FL0311,FL,LAS,PHX,Y,0,73W 73C,411.40010767203415
US0914,US,LAS,PHX,,0,320 321 319,411.40010767203415
WN0536,WN,LAS,PHX,,0,738 73W 735 73C 733 73H,411.40010767203415
WN0537,WN,LAS,PIT,,0,73H 738 73W,3066.421067351615
UA1192,UA,LAS,PSP,Y,0,EM2,279.36753405100563
FL0312,FL,LAS,PVD,Y,0,73W 738,3793.9282282623526
DL1022,DL,LAS,RDU,,0,73H,3252.73038441556
FL0313,FL,LAS,RDU,Y,0,73W,3252.73038441556
WN0538,WN,LAS,RDU,,0,73W,3252.73038441556
FL0314,FL,LAS,RNO,Y,0,73W,555.5399131139488
G40179,G4,LAS,RNO,,0,M80,555.5399131139488
WN0539,WN,LAS,RNO,,0,73W 73H 738,555.5399131139488
FL0315,FL,LAS,SAN,Y,0,73W,416.74388765074497
NK0138,NK,LAS,SAN,,0,320 319,416.74388765074497
WN0540,WN,LAS,SAN,,0,73W 738 73C 733,416.74388765074497
FL0316,FL,LAS,SAT,Y,0,73W 733,1717.5737995755665
WN0541,WN,LAS,SAT,,0,73W 73H 733,1717.5737995755665
WN0542,WN,LAS,SDF,,0,73W,2607.3177381531636
AS0175,AS,LAS,SEA,,0,73G 73H 739 73J,1394.7218119705572
DL1023,DL,LAS,SEA,Y,0,CR9,1394.7218119705572
FL0317,FL,LAS,SEA,Y,0,73C,1394.7218119705572
WN0543,WN,LAS,SEA,,0,73W 733 73C 73H,1394.7218119705572
HA0043,HA,LAS,SFO,Y,0,320,664.8053656560321
UA1194,UA,LAS,SFO,,0,739 738 320 752 319 753,664.8053656560321
VX0020,VX,LAS,SFO,,0,320 319,664.8053656560321
WN0544,WN,LAS,SFO,,0,733 73W 73H 73C,664.8053656560321
WN0545,WN,LAS,SJC,,0,73W 73H 73C 733,620.4088613895045
DL1024,DL,LAS,SLC,,0,738 757 320,591.5768014794959
FL0318,FL,LAS,SLC,Y,0,73C,591.5768014794959
WN0546,WN,LAS,SLC,,0,73W 733 73C 73H 738,591.5768014794959
FL0319,FL,LAS,SMF,Y,0,73C 73H,638.5210010902414
WN0547,WN,LAS,SMF,,0,73W 73H 733 73C 738,638.5210010902414
FL0320,FL,LAS,SNA,,0,73G,364.87462393630256
WN0548,WN,LAS,SNA,,0,73W 73H,364.87462393630256
WN0549,WN,LAS,STL,,0,73H 73W,2201.7544104418685
FL0321,FL,LAS,TPA,Y,0,73H,3187.4796609017158
WN0550,WN,LAS,TPA,,0,73H,3187.4796609017158
WN0551,WN,LAS,TUL,,0,73W,1727.2097703564866
FL0322,FL,LAS,TUS,Y,0,73C,587.4384394355116
WN0552,WN,LAS,TUS,,0,73W 73C 733 73H,587.4384394355116
AA1036,AA,LAX,ABQ,Y,0,CRJ CR7,1087.578466128454
AS0176,AS,LAX,ABQ,Y,0,CRJ CR7,1087.578466128454
UA1195,UA,LAX,ABQ,Y,0,CR7,1087.578466128454
US0916,US,LAX,ABQ,Y,0,CRJ CR7,1087.578466128454
WN0553,WN,LAX,ABQ,,0,73C 73W 733,1087.578466128454
AA1037,AA,LAX,ANC,Y,0,737,3770.9867452123303
AS0177,AS,LAX,ANC,,0,73G 739,3770.9867452123303
AF0653,AF,LAX,ATL,Y,0,763 757 76W,3125.776518473332
AS0178,AS,LAX,ATL,Y,0,763 757 73H 76W,3125.776518473332
CI0069,CI,LAX,ATL,Y,0,757 73H 76W,3125.776518473332
DL1029,DL,LAX,ATL,,0,763 757 73H 76W,3125.776518473332
FL0323,FL,LAX,ATL,,0,73G,3125.776518473332
KL0581,KL,LAX,ATL,Y,0,757,3125.776518473332
VA0140,VA,LAX,ATL,Y,0,763 757 73H 76W,3125.776518473332
VS0101,VS,LAX,ATL,Y,0,763 757,3125.776518473332
WN0554,WN,LAX,ATL,,0,73W,3125.776518473332
AA1038,AA,LAX,AUS,,0,M83 738,1994.9693050806532
AS0179,AS,LAX,AUS,Y,0,M83 738,1994.9693050806532
UA1198,UA,LAX,AUS,Y,0,CR7,1994.9693050806532
US0918,US,LAX,AUS,,0,M83 738,1994.9693050806532
WN0555,WN,LAX,AUS,,0,733 73W 73C,1994.9693050806532
AA1039,AA,LAX,BDL,,0,738,4056.935007188573
AS0180,AS,LAX,BDL,Y,0,738,4056.935007188573
US0919,US,LAX,BDL,,0,738,4056.935007188573
AA1040,AA,LAX,BNA,,0,738,2886.3192033646806
AS0181,AS,LAX,BNA,Y,0,738,2886.3192033646806
DL1031,DL,LAX,BNA,,0,738 73H,2886.3192033646806
US0920,US,LAX,BNA,,0,738,2886.3192033646806
WN0556,WN,LAX,BNA,,0,73W,2886.3192033646806
UA1201,UA,LAX,BOI,Y,0,CR7 CRJ,1086.4389890319922
AA1042,AA,LAX,BOS,,0,757 738,4192.822347674352
AS0182,AS,LAX,BOS,Y,0,757 738,4192.822347674352
B60224,B6,LAX,BOS,,0,320,4192.822347674352
DL1033,DL,LAX,BOS,,0,73H,4192.822347674352
UA1202,UA,LAX,BOS,,0,752 753 320 739,4192.822347674352
US0921,US,LAX,BOS,,0,757 738,4192.822347674352
VX0021,VX,LAX,BOS,,0,320 319,4192.822347674352
UA1203,UA,LAX,BWI,,0,738 319 320 739,3739.9133237212877
WN0557,WN,LAX,BWI,,0,73H 73W,3739.9133237212877
UA1205,UA,LAX,CLE,,0,738 320 319 739,3296.4265676204664
AA1043,AA,LAX,CLT,,0,321,3412.534178463042
US0922,US,LAX,CLT,,0,321,3412.534178463042
AA1044,AA,LAX,CMH,,0,738,3204.066164868871
AS0183,AS,LAX,CMH,Y,0,738,3204.066164868871
DL1037,DL,LAX,CMH,,0,738,3204.066164868871
US0923,US,LAX,CMH,,0,738,3204.066164868871
UA1206,UA,LAX,COS,Y,0,CRJ CR7,1339.2200757881894
DL1039,DL,LAX,CVG,,0,320,3050.927816040294
AA1045,AA,LAX,DCA,,0,738,3710.8987035484506
AS0184,AS,LAX,DCA,,0,73H,3710.8987035484506
DL1040,DL,LAX,DCA,Y,0,73H,3710.8987035484506
US0924,US,LAX,DCA,,0,738,3710.8987035484506
AA1046,AA,LAX,DEN,Y,0,CR7,1385.0014643872016
AS0185,AS,LAX,DEN,Y,0,CR7,1385.0014643872016
F90129,F9,LAX,DEN,,0,320 319,1385.0014643872016
FL0324,FL,LAX,DEN,Y,0,73W,1385.0014643872016
UA1208,UA,LAX,DEN,,0,752 739 738 320 753 319,1385.0014643872016
US0925,US,LAX,DEN,,0,CR7,1385.0014643872016
WN0558,WN,LAX,DEN,,0,73W 73C 733,1385.0014643872016
AA1047,AA,LAX,DFW,,0,738 763 757 M83,1983.174466158369
AS0186,AS,LAX,DFW,Y,0,738 763 757 M83,1983.174466158369
NK0139,NK,LAX,DFW,,0,319,1983.174466158369
UA1209,UA,LAX,DFW,Y,0,CR7,1983.174466158369
US0926,US,LAX,DFW,Y,0,738 763 757 M83,1983.174466158369
VX0023,VX,LAX,DFW,,0,319 320,1983.174466158369
DL1041,DL,LAX,DTW,,0,739 763 753,3178.0201577645844
NK0140,NK,LAX,DTW,,0,320,3178.0201577645844
AA1049,AA,LAX,ELP,Y,0,CRJ,1147.672397042049
AS0187,AS,LAX,ELP,Y,0,CRJ,1147.672397042049
US0927,US,LAX,ELP,Y,0,CRJ,1147.672397042049
WN0559,WN,LAX,ELP,,0,73C 733 73W,1147.672397042049
UA1211,UA,LAX,EWR,,0,738 319 752 739 320 753,3940.876450441969
VX0024,VX,LAX,EWR,,0,320,3940.876450441969
AA1051,AA,LAX,FAT,Y,0,CRJ,336.68791518590206
AS0188,AS,LAX,FAT,Y,0,CRJ,336.68791518590206
UA1212,UA,LAX,FAT,Y,0,EM2 CR7,336.68791518590206
US0929,US,LAX,FAT,Y,0,CRJ,336.68791518590206
B60226,B6,LAX,FLL,,0,320,3763.2231756712313
NK0141,NK,LAX,FLL,,0,319,3763.2231756712313
VX0025,VX,LAX,FLL,,0,320,3763.2231756712313
DL1044,DL,LAX,GEG,Y,0,CR9,1522.6092833592365
AA1055,AA,LAX,HNL,,0,757,4108.474262411433
AS0190,AS,LAX,HNL,Y,0,757 753,4108.474262411433
DL1048,DL,LAX,HNL,,0,76W 757 753,4108.474262411433
G40188,G4,LAX,HNL,,0,757,4108.474262411433
HA0044,HA,LAX,HNL,,0,332,4108.474262411433
UA1216,UA,LAX,HNL,,0,777 738 753 739,4108.474262411433
US0932,US,LAX,HNL,,0,757,4108.474262411433
FL0325,FL,LAX,HOU,Y,0,73W,2232.5833855464975
WN0560,WN,LAX,HOU,,0,73H 733 73C 73W,2232.5833855464975
AA1056,AA,LAX,IAD,,0,738,3674.030164237816
UA1217,UA,LAX,IAD,,0,753 320 752 739 738,3674.030164237816
US0933,US,LAX,IAD,,0,738,3674.030164237816
VX0026,VX,LAX,IAD,,0,320 319,3674.030164237816
AA1057,AA,LAX,IAH,Y,0,CR7,2215.0734795608714
AS0191,AS,LAX,IAH,Y,0,CR7,2215.0734795608714
NK0142,NK,LAX,IAH,,0,320,2215.0734795608714
UA1218,UA,LAX,IAH,,0,739 320 738 319 752 753,2215.0734795608714
US0934,US,LAX,IAH,,0,CR7,2215.0734795608714
AA1058,AA,LAX,IND,,0,738,2912.877862918571
AS0192,AS,LAX,IND,Y,0,738,2912.877862918571
DL1050,DL,LAX,IND,,0,320,2912.877862918571
US0935,US,LAX,IND,,0,738,2912.877862918571
AA1059,AA,LAX,JFK,,0,32B 762,3974.1642519132665
AS0193,AS,LAX,JFK,Y,0,321 762,3974.1642519132665
B60227,B6,LAX,JFK,,0,320,3974.1642519132665
DL1051,DL,LAX,JFK,,0,76W 752,3974.1642519132665
QF0230,QF,LAX,JFK,,0,744,3974.1642519132665
UA1223,UA,LAX,JFK,,0,757,3974.1642519132665
US0937,US,LAX,JFK,,0,32B 762,3974.1642519132665
VX0027,VX,LAX,JFK,,0,320,3974.1642519132665
AA1060,AA,LAX,KOA,,0,757,4025.6334578154856
AS0194,AS,LAX,KOA,Y,0,757,4025.6334578154856
DL1052,DL,LAX,KOA,,0,757,4025.6334578154856
KL0582,KL,LAX,KOA,Y,0,757,4025.6334578154856
UA1224,UA,LAX,KOA,,0,753,4025.6334578154856
US0938,US,LAX,KOA,,0,757,4025.6334578154856
4B0002,4B,LAX,LAS,,0,PL2,380.2294289942636
AA1061,AA,LAX,LAS,,0,738,380.2294289942636
DL1053,DL,LAX,LAS,,0,319,380.2294289942636
FL0326,FL,LAX,LAS,Y,0,73W,380.2294289942636
NK0143,NK,LAX,LAS,,0,319,380.2294289942636
UA1225,UA,LAX,LAS,,0,739 319 738 320 752,380.2294289942636
US0939,US,LAX,LAS,,0,738,380.2294289942636
VX0028,VX,LAX,LAS,,0,320,380.2294289942636
WN0561,WN,LAX,LAS,,0,73W 733 738 73C 73H,380.2294289942636
AA1063,AA,LAX,LIH,,0,757,4202.930978441876
AS0195,AS,LAX,LIH,Y,0,757,4202.930978441876
DL1055,DL,LAX,LIH,,0,757,4202.930978441876
UA1227,UA,LAX,LIH,,0,752,4202.930978441876
US0941,US,LAX,LIH,,0,757,4202.930978441876
DL1057,DL,LAX,MCI,Y,0,E75,2189.719442635309
WN0562,WN,LAX,MCI,,0,73W 738 733,2189.719442635309
AA1066,AA,LAX,MCO,,0,757 738,3562.3146761554085
AS0197,AS,LAX,MCO,Y,0,757 738,3562.3146761554085
DL1058,DL,LAX,MCO,,0,738 757 739 73H,3562.3146761554085
UA1228,UA,LAX,MCO,,0,739,3562.3146761554085
US0942,US,LAX,MCO,,0,757 738,3562.3146761554085
VX0029,VX,LAX,MCO,,0,320,3562.3146761554085
FL0327,FL,LAX,MDW,Y,0,73H 738,2811.533308983491
WN0563,WN,LAX,MDW,,0,738 73H 73W,2811.533308983491
DL1060,DL,LAX,MEM,,0,320,2599.730159114922
AA1070,AA,LAX,MIA,,0,757 777 763 738,3762.5835897841685
AS0200,AS,LAX,MIA,Y,0,757 777 763 738,3762.5835897841685
DL1062,DL,LAX,MIA,,0,738,3762.5835897841685
US0943,US,LAX,MIA,,0,757 777 763 738,3762.5835897841685
FL0328,FL,LAX,MKE,Y,0,73W,2820.589954438786
WN0564,WN,LAX,MKE,,0,73W,2820.589954438786
AF0655,AF,LAX,MSP,Y,0,757,2467.2228949739047
DL1063,DL,LAX,MSP,,0,757 753 739 763 738,2467.2228949739047
KL0583,KL,LAX,MSP,Y,0,757 753,2467.2228949739047
NK0144,NK,LAX,MSP,,0,319,2467.2228949739047
SY0012,SY,LAX,MSP,,0,73G 738,2467.2228949739047
UA1231,UA,LAX,MSP,Y,0,CR7,2467.2228949739047
AS0203,AS,LAX,MSY,Y,0,319,2682.2399462914304
CI0071,CI,LAX,MSY,Y,0,319,2682.2399462914304
DL1064,DL,LAX,MSY,,0,319,2682.2399462914304
KL0584,KL,LAX,MSY,Y,0,319,2682.2399462914304
NZ0109,NZ,LAX,MSY,Y,0,320 319 738,2682.2399462914304
OZ0175,OZ,LAX,MSY,Y,0,320 319 738,2682.2399462914304
UA1232,UA,LAX,MSY,,0,320 319 738,2682.2399462914304
VA0143,VA,LAX,MSY,Y,0,319,2682.2399462914304
WN0565,WN,LAX,MSY,,0,73W,2682.2399462914304
DL1066,DL,LAX,OAK,Y,0,CR7,542.6670535843009
FL0329,FL,LAX,OAK,,0,73W,542.6670535843009
WN0566,WN,LAX,OAK,,0,73W 733 73C,542.6670535843009
AA1075,AA,LAX,OGG,,0,757,3995.708287589561
AF0656,AF,LAX,OGG,Y,0,757,3995.708287589561
AS0205,AS,LAX,OGG,Y,0,757,3995.708287589561
DL1067,DL,LAX,OGG,,0,757,3995.708287589561
HA0045,HA,LAX,OGG,,0,763,3995.708287589561
KL0585,KL,LAX,OGG,Y,0,757,3995.708287589561
UA1235,UA,LAX,OGG,,0,753 738,3995.708287589561
US0946,US,LAX,OGG,,0,757,3995.708287589561
AA1076,AA,LAX,OKC,Y,0,CR7,1906.4287291050962
AS0206,AS,LAX,OKC,Y,0,CR7,1906.4287291050962
UA1236,UA,LAX,OKC,Y,0,CR7,1906.4287291050962
US0947,US,LAX,OKC,Y,0,CR7,1906.4287291050962
AA1077,AA,LAX,ORD,,0,738,2802.116003121104
AS0207,AS,LAX,ORD,Y,0,738,2802.116003121104
NK0145,NK,LAX,ORD,,0,319,2802.116003121104
SQ0077,SQ,LAX,ORD,Y,0,320,2802.116003121104
UA1237,UA,LAX,ORD,,0,739 738 752 320 319 753,2802.116003121104
US0948,US,LAX,ORD,,0,738,2802.116003121104
VX0030,VX,LAX,ORD,,0,320,2802.116003121104
AA1078,AA,LAX,PBI,,0,738,3742.712013101867
US0949,US,LAX,PBI,Y,0,738,3742.712013101867
AA1079,AA,LAX,PDX,Y,0,737,1343.0896422516598
AS0208,AS,LAX,PDX,,0,73J 73H 734 739 73G,1343.0896422516598
DL1068,DL,LAX,PDX,Y,0,CR7 CR9,1343.0896422516598
UA1238,UA,LAX,PDX,Y,0,CR7 CRJ,1343.0896422516598
AA1080,AA,LAX,PHL,,0,321 320,3856.3149447796695
US0951,US,LAX,PHL,,0,321 320,3856.3149447796695
VX0031,VX,LAX,PHL,,0,319 320,3856.3149447796695
AA1081,AA,LAX,PHX,,0,321 319 320,594.9080548964293
AS0209,AS,LAX,PHX,Y,0,CRJ,594.9080548964293
DL1069,DL,LAX,PHX,Y,0,CR7 CR9,594.9080548964293
UA1240,UA,LAX,PHX,Y,0,CR7 CRJ,594.9080548964293
US0952,US,LAX,PHX,,0,321 319 320,594.9080548964293
WN0567,WN,LAX,PHX,,0,73C 73W 733 73H,594.9080548964293
AA1082,AA,LAX,PIT,,0,738,3430.038335973814
AS0210,AS,LAX,PIT,Y,0,738,3430.038335973814
UA1241,UA,LAX,PIT,,0,319 738,3430.038335973814
US0953,US,LAX,PIT,,0,738,3430.038335973814
UA1242,UA,LAX,PSP,Y,0,EM2 CR7 CRJ,175.92237963427536
FL0330,FL,LAX,PWM,Y,0,73W,4243.086863973891
AA1086,AA,LAX,RDU,,0,738,3594.532023093222
AS0212,AS,LAX,RDU,Y,0,738,3594.532023093222
DL1073,DL,LAX,RDU,,0,738,3594.532023093222
US0957,US,LAX,RDU,,0,738,3594.532023093222
AA1087,AA,LAX,RNO,Y,0,CRJ,629.6190962181794
AS0213,AS,LAX,RNO,Y,0,CRJ,629.6190962181794
FL0331,FL,LAX,RNO,Y,0,73W,629.6190962181794
UA1246,UA,LAX,RNO,Y,0,CR7,629.6190962181794
US0958,US,LAX,RNO,Y,0,CRJ,629.6190962181794
WN0568,WN,LAX,RNO,,0,73W 73H,629.6190962181794
AA1089,AA,LAX,SAN,Y,0,CRJ CR7,175.70126368488215
AS0215,AS,LAX,SAN,Y,0,CRJ CR7,175.70126368488215
DL1074,DL,LAX,SAN,Y,0,CR9 CR7,175.70126368488215
UA1248,UA,LAX,SAN,Y,0,EM2 CR7,175.70126368488215
US0961,US,LAX,SAN,Y,0,CRJ CR7,175.70126368488215
UA1249,UA,LAX,SAT,Y,0,CR7,1944.6452061097891
WN0569,WN,LAX,SAT,,0,73W,1944.6452061097891
AA1090,AA,LAX,SEA,Y,0,737,1536.8180882483425
AS0216,AS,LAX,SEA,,0,73H 734 739 73J 73G,1536.8180882483425
DL1075,DL,LAX,SEA,,0,73H,1536.8180882483425
UA1252,UA,LAX,SEA,,0,319 738 320 752,1536.8180882483425
VX0032,VX,LAX,SEA,,0,319 320,1536.8180882483425
AA1091,AA,LAX,SFO,,0,738,543.2449220159237
AS0217,AS,LAX,SFO,Y,0,738,543.2449220159237
DL1076,DL,LAX,SFO,Y,0,E75,543.2449220159237
UA1253,UA,LAX,SFO,,0,739 752 753 319 320 738,543.2449220159237
US0962,US,LAX,SFO,,0,738,543.2449220159237
VX0033,VX,LAX,SFO,,0,320 319,543.2449220159237
WN0570,WN,LAX,SFO,,0,73W 73C 733,543.2449220159237
AA1092,AA,LAX,SJC,Y,0,CR7 CRJ,495.72859107916463
DL1077,DL,LAX,SJC,Y,0,CR9 CR7,495.72859107916463
UA1254,UA,LAX,SJC,Y,0,CR7,495.72859107916463
US0963,US,LAX,SJC,,0,CR7,495.72859107916463
VX0034,VX,LAX,SJC,,0,320,495.72859107916463
WN0571,WN,LAX,SJC,,0,73W 73C 733 738,495.72859107916463
AA1094,AA,LAX,SLC,Y,0,CRJ CR7,949.257843665915
DL1079,DL,LAX,SLC,,0,757 73H 320 739,949.257843665915
UA1256,UA,LAX,SLC,Y,0,CR7 CRJ,949.257843665915
US0965,US,LAX,SLC,,0,CR7,949.257843665915
WN0572,WN,LAX,SLC,,0,73C 73H 73W 733,949.257843665915
AA1095,AA,LAX,SMF,Y,0,CRJ,600.4217235761602
AS0219,AS,LAX,SMF,Y,0,CRJ,600.4217235761602
DL1080,DL,LAX,SMF,Y,0,CR7 CR9,600.4217235761602
UA1257,UA,LAX,SMF,Y,0,CR7 CRJ,600.4217235761602
US0966,US,LAX,SMF,Y,0,CRJ,600.4217235761602
WN0573,WN,LAX,SMF,,0,733 73C 73W,600.4217235761602
AA1096,AA,LAX,STL,,0,M83,2556.762806012402
AS0220,AS,LAX,STL,Y,0,M83,2556.762806012402
US0967,US,LAX,STL,,0,M83,2556.762806012402
WN0574,WN,LAX,STL,,0,73W 733,2556.762806012402
DL1083,DL,LAX,TPA,,0,320,3466.426898119395
AA1099,AA,LAX,TUS,Y,0,CRJ,725.2269960619934
AS0222,AS,LAX,TUS,Y,0,CRJ,725.2269960619934
UA1260,UA,LAX,TUS,Y,0,CRJ CR7,725.2269960619934
US0969,US,LAX,TUS,,0,CRJ,725.2269960619934
WN0575,WN,LAX,TUS,,0,73W 73C 733 73H,725.2269960619934
AF0677,AF,LGA,ATL,Y,0,M88 757,1224.8675522038163
AM0185,AM,LGA,ATL,Y,0,M88 757 738,1224.8675522038163
DL1093,DL,LGA,ATL,,0,M88 757 320 738 739 73W,1224.8675522038163
FL0335,FL,LGA,ATL,,0,717,1224.8675522038163
KL0593,KL,LGA,ATL,Y,0,757 M88 73W,1224.8675522038163
WN0579,WN,LGA,ATL,,0,73W,1224.8675522038163
WS0044,WS,LGA,ATL,Y,0,M88 757 320 738 739 73W,1224.8675522038163
DL1096,DL,LGA,BHM,Y,0,CR9 CR7,1392.428148990265
AA1113,AA,LGA,BNA,Y,0,CR7,1227.676207586683
DL1097,DL,LGA,BNA,Y,0,CR7 CR9,1227.676207586683
US0979,US,LGA,BNA,,0,CR7,1227.676207586683
WN0580,WN,LGA,BNA,,0,73W,1227.676207586683
AA1114,AA,LGA,BOS,,0,319 E90,296.36116561105473
DL1098,DL,LGA,BOS,Y,0,E75,296.36116561105473
US0980,US,LGA,BOS,,0,319 E90,296.36116561105473
DL1100,DL,LGA,BUF,,0,CR7,468.7501190995764
DL1103,DL,LGA,CHS,,0,CR7,1033.2716101504989
DL1104,DL,LGA,CLE,Y,0,CR7,671.9551704600053
UA1277,UA,LGA,CLE,Y,0,ERJ E70,671.9551704600053
AA1116,AA,LGA,CLT,,0,321 319 320,874.9278458611282
DL1105,DL,LGA,CLT,,0,E75 CR7,874.9278458611282
US0982,US,LGA,CLT,,0,321 319 320,874.9278458611282
AA1117,AA,LGA,CMH,Y,0,CR7 ERD,768.4378523404006
DL1106,DL,LGA,CMH,Y,0,E70 E75 CR7 ERJ,768.4378523404006
US0983,US,LGA,CMH,,0,CR7 ERD,768.4378523404006
DL1107,DL,LGA,CVG,,0,CR7,939.8978679449899
AA1119,AA,LGA,DCA,,0,319 E90,344.7812329287066
DL1109,DL,LGA,DCA,Y,0,E70 E75,344.7812329287066
US0985,US,LGA,DCA,,0,319 E90,344.7812329287066
DL1110,DL,LGA,DEN,,0,320,2599.915507747324
F90133,F9,LGA,DEN,,0,320,2599.915507747324
UA1278,UA,LGA,DEN,,0,752 320 738,2599.915507747324
WN0582,WN,LGA,DEN,,0,73W,2599.915507747324
AA1120,AA,LGA,DFW,,0,738,2231.359600735406
DL1111,DL,LGA,DFW,,0,E75,2231.359600735406
NK0149,NK,LGA,DFW,,0,319,2231.359600735406
US0986,US,LGA,DFW,,0,738,2231.359600735406
DL1112,DL,LGA,DSM,Y,0,CR9,1654.8708144626883
AA1121,AA,LGA,DTW,Y,0,CR7,805.1880825929652
DL1113,DL,LGA,DTW,,0,319 M88 738,805.1880825929652
NK0150,NK,LGA,DTW,,0,320,805.1880825929652
US0987,US,LGA,DTW,,0,CR7,805.1880825929652
B60228,B6,LGA,FLL,,0,320,1734.5707735975625
DL1115,DL,LGA,FLL,,0,M88 738 319,1734.5707735975625
NK0151,NK,LGA,FLL,,0,321 320,1734.5707735975625
DL1116,DL,LGA,GRR,Y,0,CR7,992.3213315170334
AA1122,AA,LGA,GSO,Y,0,ERD,740.9558017418951
DL1117,DL,LGA,GSO,,0,CR7,740.9558017418951
US0988,US,LGA,GSO,,0,ERD,740.9558017418951
WN0583,WN,LGA,HOU,,0,73W,2295.4311416705423
UA1279,UA,LGA,IAD,Y,0,CRJ ERJ E70 CR7,367.4638584988752
DL1119,DL,LGA,IAH,Y,0,E70 E75,2277.1311661572313
UA1280,UA,LGA,IAH,,0,738 320 73G 319,2277.1311661572313
DL1121,DL,LGA,IND,,0,E75 CR7,1059.9127857273206
DL1122,DL,LGA,JAX,,0,CR7,1342.762301789172
DL1124,DL,LGA,MCI,Y,0,CR7 E75 E70,1777.5984700747397
B60229,B6,LGA,MCO,,0,320,1530.9562185484822
DL1125,DL,LGA,MCO,,0,319 M88 738,1530.9562185484822
FL0337,FL,LGA,MDW,Y,0,73H 73W,1163.9312429283311
WN0584,WN,LGA,MDW,,0,73H 73W,1163.9312429283311
DL1126,DL,LGA,MEM,Y,0,CR9,1546.8303612873524
AA1125,AA,LGA,MIA,,0,738,1768.0536411526125
DL1128,DL,LGA,MIA,,0,M88 320 738,1768.0536411526125
US0991,US,LGA,MIA,,0,738,1768.0536411526125
DL1129,DL,LGA,MKE,,0,CR7,1184.6664386064417
WN0585,WN,LGA,MKE,,0,73W,1184.6664386064417
DL1131,DL,LGA,MSP,,0,319 320 M88,1638.0299903621762
9E0031,9E,LGA,MSY,,0,CR9,1903.83611105175
DL1132,DL,LGA,MSY,,0,319,1903.83611105175
WS0045,WS,LGA,MSY,Y,0,319 CR9,1903.83611105175
DL1133,DL,LGA,MYR,Y,0,E75,906.8942486451384
NK0152,NK,LGA,MYR,,0,320,906.8942486451384
DL1134,DL,LGA,OMA,Y,0,E75,1842.882682735712
AA1126,AA,LGA,ORD,,0,738,1177.0551064872009
DL1135,DL,LGA,ORD,Y,0,E75 E70,1177.0551064872009
NK0153,NK,LGA,ORD,,0,320,1177.0551064872009
UA1281,UA,LGA,ORD,,0,319 320 738 73G 752,1177.0551064872009
US0992,US,LGA,ORD,,0,738,1177.0551064872009
AA1127,AA,LGA,ORF,Y,0,ERD,476.38176395175816
DL1136,DL,LGA,ORF,Y,0,CR7,476.38176395175816
US0993,US,LGA,ORF,,0,ERD,476.38176395175816
AA1128,AA,LGA,PBI,,0,738,1668.2979556592202
B60230,B6,LGA,PBI,,0,320 E90,1668.2979556592202
DL1137,DL,LGA,PBI,,0,319,1668.2979556592202
US0994,US,LGA,PBI,,0,738,1668.2979556592202
AA1129,AA,LGA,PHL,,0,E90 DH3 319,153.59458925241756
US0995,US,LGA,PHL,,0,E90 319,153.59458925241756
AA1130,AA,LGA,PIT,Y,0,CRJ E75,537.5271247548172
DL1138,DL,LGA,PIT,Y,0,CR9 CR7,537.5271247548172
US0996,US,LGA,PIT,Y,0,CRJ E75,537.5271247548172
DL1139,DL,LGA,PWM,,0,ERJ M88,433.3828907147064
AA1131,AA,LGA,RDU,Y,0,ERD CR7,692.903203656756
DL1140,DL,LGA,RDU,,0,CR7,692.903203656756
US0997,US,LGA,RDU,,0,ERD CR7,692.903203656756
AA1132,AA,LGA,RIC,Y,0,ERD,469.7533322774443
DL1141,DL,LGA,RIC,,0,CR7,469.7533322774443
US0998,US,LGA,RIC,Y,0,ERD,469.7533322774443
DL1142,DL,LGA,ROC,Y,0,CR7 CR9,408.03145215359444
B60231,B6,LGA,RSW,,0,320,1741.6662913451885
DL1143,DL,LGA,RSW,Y,0,CR9,1741.6662913451885
DL1144,DL,LGA,SAV,,0,CR7,1162.9267241620714
AA1134,AA,LGA,SDF,Y,0,ERD,1057.6763331544578
DL1145,DL,LGA,SDF,,0,ERJ,1057.6763331544578
US1000,US,LGA,SDF,,0,ERD,1057.6763331544578
B60232,B6,LGA,SRQ,,0,320,1687.093137628817
DL1146,DL,LGA,SRQ,,0,319,1687.093137628817
AA1135,AA,LGA,STL,Y,0,CR7,1425.844998730563
DL1147,DL,LGA,STL,,0,CR7,1425.844998730563
US1001,US,LGA,STL,Y,0,CR7,1425.844998730563
WN0586,WN,LGA,STL,,0,73W,1425.844998730563
DL1148,DL,LGA,SYR,,0,CR7,318.5381789038566
B60233,B6,LGA,TPA,,0,320,1628.2894990956395
DL1149,DL,LGA,TPA,,0,319 M88 320,1628.2894990956395
AA1136,AA,LGA,TYS,Y,0,ERD,1040.6603302944052
DL1150,DL,LGA,TYS,Y,0,CRJ,1040.6603302944052
US1002,US,LGA,TYS,,0,ERD,1040.6603302944052
B60234,B6,LGB,AUS,,0,320,1969.757669884173
B60235,B6,LGB,BOS,,0,320,4178.066237144845
B60236,B6,LGB,IAD,,0,320,3656.7533176522015
B60237,B6,LGB,JFK,,0,320,3958.1724782761653
B60238,B6,LGB,LAS,,0,320,371.7117846833174
B60239,B6,LGB,OAK,,0,320,568.4861965457668
AA1140,AA,LGB,PDX,Y,0,CR7,1362.610845831266
AS0226,AS,LGB,PDX,Y,0,CR7,1362.610845831266
B60240,B6,LGB,PDX,,0,320,1362.610845831266
AA1141,AA,LGB,PHX,,0,319,570.355491172421
US1006,US,LGB,PHX,,0,319,570.355491172421
AA1142,AA,LGB,SEA,Y,0,CR7,1555.2633177532834
AS0227,AS,LGB,SEA,Y,0,CR7,1555.2633177532834
B60241,B6,LGB,SEA,,0,320,1555.2633177532834
B60242,B6,LGB,SFO,,0,320,569.3624187534309
B60243,B6,LGB,SLC,,0,320,947.5151938679842
DL1154,DL,LGB,SLC,Y,0,CR9 CR7,947.5151938679842
B60244,B6,LGB,SMF,,0,320,623.9837150739602
UA1291,UA,LIH,DEN,,0,752,5486.580549459003
HA0046,HA,LIH,HNL,,0,717,163.09989759612102
UA1292,UA,LIH,HNL,Y,0,AT7,163.09989759612102
US1019,US,LIH,HNL,Y,0,717,163.09989759612102
WP0004,WP,LIH,HNL,,0,AT7,163.09989759612102
AA1242,AA,LIH,LAX,,0,757,4202.930978441876
AS0228,AS,LIH,LAX,Y,0,757,4202.930978441876
DL1169,DL,LIH,LAX,,0,757,4202.930978441876
UA1293,UA,LIH,LAX,,0,752,4202.930978441876
US1020,US,LIH,LAX,,0,757,4202.930978441876
AA1243,AA,LIH,OAK,Y,0,737,3950.097265275049
AS0229,AS,LIH,OAK,,0,73H,3950.097265275049
HA0047,HA,LIH,OGG,,0,717,323.71576167459966
AA1244,AA,LIH,PHX,,0,757,4787.637296540701
US1021,US,LIH,PHX,,0,752,4787.637296540701
AS0230,AS,LIH,SAN,,0,73H,4300.395275739222
AS0231,AS,LIH,SEA,,0,73H,4344.905548110088
UA1294,UA,LIH,SFO,,0,752,3934.071835854087
AA1245,AA,LIH,SJC,Y,0,737,3964.4793894023273
AS0232,AS,LIH,SJC,,0,73H,3964.4793894023273
WN0597,WN,MCI,ABQ,,0,733 73W,1154.3485627191249
AF0740,AF,MCI,ATL,Y,0,M88 M90 757,1113.6115646058818
AM0201,AM,MCI,ATL,Y,0,757 M88 M90,1113.6115646058818
AZ0599,AZ,MCI,ATL,Y,0,M88,1113.6115646058818
DL1193,DL,MCI,ATL,,0,757 M90 M88,1113.6115646058818
FL0346,FL,MCI,ATL,,0,717,1113.6115646058818
KL0624,KL,MCI,ATL,Y,0,M88 M90 757,1113.6115646058818
VS0147,VS,MCI,ATL,Y,0,M88 M90 757,1113.6115646058818
WN0598,WN,MCI,ATL,,0,733 73W,1113.6115646058818
WN0599,WN,MCI,BNA,,0,73W 73C,789.8057188757806
WN0600,WN,MCI,BOS,,0,73W 733,2016.483673284797
FL0347,FL,MCI,BWI,Y,0,73W,1551.6118472976918
WN0601,WN,MCI,BWI,,0,73W 733,1551.6118472976918
UA1325,UA,MCI,CLE,Y,0,ERJ DH4,1113.8541611607252
AA1292,AA,MCI,CLT,,0,319,1299.0707694744199
US1063,US,MCI,CLT,,0,319,1299.0707694744199
DL1194,DL,MCI,CVG,,0,ERJ,865.9867988141813
FL0348,FL,MCI,DAL,Y,0,73W,743.0780567094107
WN0602,WN,MCI,DAL,,0,73W 733,743.0780567094107
AA1293,AA,MCI,DCA,Y,0,E75 E70,1524.2127565177186
US1064,US,MCI,DCA,Y,0,E75 E70,1524.2127565177186
WN0603,WN,MCI,DCA,,0,73W,1524.2127565177186
F90139,F9,MCI,DEN,,0,320 319,855.3802615006564
FL0349,FL,MCI,DEN,Y,0,738 73C 73W,855.3802615006564
UA1326,UA,MCI,DEN,,0,DH4 73G 738,855.3802615006564
WN0604,WN,MCI,DEN,,0,73W 738 73C 733,855.3802615006564
AA1294,AA,MCI,DFW,,0,M83 M80,742.0911985101251
US1065,US,MCI,DFW,,0,M83 M80,742.0911985101251
DL1195,DL,MCI,DTW,,0,320 M88 319,1009.1909471896158
UA1327,UA,MCI,EWR,Y,0,ERJ E70,1752.7744334039974
WN0605,WN,MCI,FLL,,0,73W 733,1999.853836706122
WN0606,WN,MCI,HOU,,0,73W,1074.9706962570979
UA1328,UA,MCI,IAD,Y,0,ERJ CR7 E70,1487.0256611181871
UA1329,UA,MCI,IAH,Y,0,ERJ CRJ E70,1037.616989668317
FL0350,FL,MCI,IND,Y,0,73C 73W,723.5089341326133
WN0607,WN,MCI,IND,,0,73C 733 73W,723.5089341326133
FL0351,FL,MCI,LAS,Y,0,73H,1829.401557895743
WN0608,WN,MCI,LAS,,0,738 73W 73C 73H,1829.401557895743
DL1196,DL,MCI,LAX,Y,0,E75,2189.719442635309
FL0352,FL,MCI,LAX,Y,0,73C,2189.719442635309
WN0609,WN,MCI,LAX,,0,73W 73C 73H 733,2189.719442635309
DL1197,DL,MCI,LGA,Y,0,CR7 E75 E70,1777.5984700747397
DL1198,DL,MCI,MCO,Y,0,E75,1726.3793517978265
FL0353,FL,MCI,MCO,Y,0,73W,1726.3793517978265
WN0610,WN,MCI,MCO,,0,73W 73C 738,1726.3793517978265
FL0354,FL,MCI,MDW,Y,0,73W,649.5944892323612
WN0611,WN,MCI,MDW,,0,73W 73H,649.5944892323612
DL1199,DL,MCI,MEM,,0,ERJ,632.530332751302
FL0355,FL,MCI,MKE,Y,0,73W,699.8993371105496
WN0612,WN,MCI,MKE,,0,73W,699.8993371105496
DL1200,DL,MCI,MSP,,0,320 319 M88 ERJ,632.3569161200599
FL0356,FL,MCI,MSP,Y,0,73C,632.3569161200599
WN0613,WN,MCI,MSP,,0,73W 73C,632.3569161200599
FL0357,FL,MCI,MSY,Y,0,73W,1111.7692615259637
WN0614,WN,MCI,MSY,,0,73W,1111.7692615259637
WN0615,WN,MCI,OAK,,0,73W,2390.6068121885614
AA1295,AA,MCI,ORD,Y,0,E75 ER4 CR7 ERD,646.7792587822353
UA1330,UA,MCI,ORD,Y,0,ERJ CR7 E70 CRJ,646.7792587822353
US1066,US,MCI,ORD,,0,CR7 ER4,646.7792587822353
FL0358,FL,MCI,PDX,Y,0,733,2378.582330292479
WN0616,WN,MCI,PDX,,0,733,2378.582330292479
AA1296,AA,MCI,PHL,Y,0,E75 E70 CRJ,1666.5955408343998
FL0359,FL,MCI,PHL,Y,0,73W,1666.5955408343998
US1067,US,MCI,PHL,Y,0,E75 E70 CRJ,1666.5955408343998
AA1297,AA,MCI,PHX,,0,319,1676.5133434212203
US1068,US,MCI,PHX,,0,319,1676.5133434212203
WN0617,WN,MCI,PHX,,0,73C 73W 738 733,1676.5133434212203
WN0618,WN,MCI,SAN,,0,733 73C,2142.3949184558287
AA1298,AA,MCI,SEA,Y,0,737,2391.4349870272413
AS0239,AS,MCI,SEA,,0,73J,2391.4349870272413
FL0360,FL,MCI,SEA,Y,0,73W,2391.4349870272413
FL0361,FL,MCI,SFO,Y,0,73W,2406.280685543747
UA1331,UA,MCI,SFO,Y,0,CR7,2406.280685543747
DL1201,DL,MCI,SLC,,0,319,1476.5909628749832
FL0362,FL,MCI,STL,Y,0,73W,380.20763196174784
WN0619,WN,MCI,STL,,0,73C 73W,380.20763196174784
FL0363,FL,MCI,TPA,Y,0,73W,1687.1680416328993
WN0620,WN,MCI,TPA,,0,73W,1687.1680416328993
FL0364,FL,MCO,ALB,Y,0,73W,1729.0381501347117
WN0621,WN,MCO,ALB,,0,73W,1729.0381501347117
AF0741,AF,MCO,ATL,Y,0,757 M88,650.7363446314486
AM0202,AM,MCO,ATL,Y,0,757 753 763,650.7363446314486
AZ0600,AZ,MCO,ATL,Y,0,757 76W M88,650.7363446314486
DL1202,DL,MCO,ATL,,0,757 76W  739 M88 753 763,650.7363446314486
FL0365,FL,MCO,ATL,,0,717 73G,650.7363446314486
KL0625,KL,MCO,ATL,Y,0,757 739,650.7363446314486
VS0148,VS,MCO,ATL,Y,0,76W 757 739,650.7363446314486
WN0622,WN,MCO,ATL,,0,73W,650.7363446314486
B60251,B6,MCO,AUS,,0,E90 320,1596.2712561692256
DL1203,DL,MCO,AUS,Y,0,CR7,1596.2712561692256
FL0367,FL,MCO,AUS,Y,0,73W,1596.2712561692256
WN0623,WN,MCO,AUS,,0,733 73W,1596.2712561692256
B60252,B6,MCO,BDL,,0,320,1691.9802525253187
DL1204,DL,MCO,BDL,Y,0,CR9,1691.9802525253187
FL0368,FL,MCO,BDL,Y,0,73C 73W,1691.9802525253187
WN0624,WN,MCO,BDL,,0,73C 73W 738 73H,1691.9802525253187
DL1205,DL,MCO,BHM,Y,0,CR7,770.9975889814302
FL0369,FL,MCO,BHM,Y,0,73W,770.9975889814302
WN0625,WN,MCO,BHM,,0,73W,770.9975889814302
DL1206,DL,MCO,BNA,Y,0,CR9,992.9995096304034
FL0370,FL,MCO,BNA,Y,0,73W,992.9995096304034
WN0626,WN,MCO,BNA,,0,73W 73C,992.9995096304034
B60254,B6,MCO,BOS,,0,320 E90,1805.6359477459237
DL1207,DL,MCO,BOS,,0,320 M88,1805.6359477459237
FL0371,FL,MCO,BOS,,0,717,1805.6359477459237
WN0627,WN,MCO,BOS,,1,73W,1805.6359477459237
B60256,B6,MCO,BUF,,0,320,1630.029569668447
FL0372,FL,MCO,BUF,Y,0,73W,1630.029569668447
WN0628,WN,MCO,BUF,,0,73W 733 73C,1630.029569668447
FL0373,FL,MCO,BWI,,0,717,1268.997707238202
WN0629,WN,MCO,BWI,,0,73W 733 73C 738,1268.997707238202
UA1332,UA,MCO,CLE,,0,73G 320 738,1444.39900047489
AA1299,AA,MCO,CLT,,0,321 757 767 319,755.2029149067863
FL0375,FL,MCO,CLT,Y,0,73W,755.2029149067863
US1070,US,MCO,CLT,,0,321 752 762 319,755.2029149067863
WN0631,WN,MCO,CLT,,0,73W,755.2029149067863
DL1208,DL,MCO,CMH,Y,0,E70,1294.5114146831618
WN0632,WN,MCO,CMH,,0,73C 73W 733 73H,1294.5114146831618
DL1210,DL,MCO,CVG,,0,M88 320,1220.7160708607375
AA1300,AA,MCO,DCA,,0,319 320,1224.126893986749
B60258,B6,MCO,DCA,,0,E90 320,1224.126893986749
US1071,US,MCO,DCA,,0,319 320,1224.126893986749
F90141,F9,MCO,DEN,,0,319 320,2486.333949647044
FL0376,FL,MCO,DEN,Y,0,73W 73H,2486.333949647044
UA1333,UA,MCO,DEN,,0,752 738 739,2486.333949647044
WN0634,WN,MCO,DEN,,0,73W 73H,2486.333949647044
AA1301,AA,MCO,DFW,,0,738 M83 M80 757,1582.4157318228752
NK0157,NK,MCO,DFW,,0,320 319,1582.4157318228752
US1072,US,MCO,DFW,,0,738 M83 M80 757,1582.4157318228752
DL1211,DL,MCO,DTW,,0,757 753,1543.802554953485
NK0158,NK,MCO,DTW,,0,321 320 319,1543.802554953485
B60259,B6,MCO,EWR,,0,320,1510.5042674675158
UA1334,UA,MCO,EWR,,0,752 738 739 320,1510.5042674675158
3M0035,3M,MCO,FLL,,0,SF3,285.90139605879926
NK0159,NK,MCO,FLL,,0,319 320,285.90139605879926
UA1335,UA,MCO,FLL,Y,0,SF3,285.90139605879926
DL1213,DL,MCO,GRR,Y,0,CR7,1650.8062180595355
WN0637,WN,MCO,GRR,,0,73W 73C,1650.8062180595355
FL0377,FL,MCO,HOU,,1,73W,1363.798110939253
WN0638,WN,MCO,HOU,,0,73W 733 73H,1363.798110939253
UA1338,UA,MCO,IAD,,0,752 320 738,1222.022745501911
NK0160,NK,MCO,IAH,,0,320,1372.0003930375315
UA1339,UA,MCO,IAH,,0,738 739 320 752,1372.0003930375315
DL1215,DL,MCO,IND,Y,0,CR9,1335.8906377554526
FL0378,FL,MCO,IND,,0,717,1335.8906377554526
WN0639,WN,MCO,IND,,0,73W 73C 733,1335.8906377554526
AA1303,AA,MCO,JFK,,0,763 757,1521.3370997295256
B60261,B6,MCO,JFK,,0,320 E90,1521.3370997295256
DL1216,DL,MCO,JFK,,0,73H 752 M88 738,1521.3370997295256
US1073,US,MCO,JFK,Y,0,763 757,1521.3370997295256
DL1217,DL,MCO,LAS,,0,738,3276.1100270082934
WN0642,WN,MCO,LAS,,0,738 73H,3276.1100270082934
AA1304,AA,MCO,LAX,,0,757 738,3562.3146761554085
AS0240,AS,MCO,LAX,Y,0,757 738,3562.3146761554085
DL1218,DL,MCO,LAX,,0,757 739,3562.3146761554085
UA1340,UA,MCO,LAX,,0,752,3562.3146761554085
US1074,US,MCO,LAX,,0,757 738,3562.3146761554085
VX0035,VX,MCO,LAX,,0,320,3562.3146761554085
B60262,B6,MCO,LGA,,0,320,1530.9562185484822
DL1219,DL,MCO,LGA,,0,M88 738 319 320,1530.9562185484822
DL1222,DL,MCO,MCI,Y,0,E75,1726.3793517978265
WN0643,WN,MCO,MCI,,0,733 73W 73C,1726.3793517978265
FL0382,FL,MCO,MDW,,0,717,1595.4085814340349
WN0644,WN,MCO,MDW,,0,73W 738 73H 733,1595.4085814340349
DL1223,DL,MCO,MEM,,0,M88,1100.376828524736
FL0383,FL,MCO,MEM,Y,0,73C 73W,1100.376828524736
WN0645,WN,MCO,MEM,,0,73W,1100.376828524736
AA1306,AA,MCO,MIA,,0,757 738,309.70457931902064
US1075,US,MCO,MIA,,0,757 738,309.70457931902064
DL1225,DL,MCO,MKE,,0,M88,1719.0016823863502
FL0384,FL,MCO,MKE,Y,0,73W,1719.0016823863502
WN0647,WN,MCO,MKE,,0,73W,1719.0016823863502
DL1226,DL,MCO,MSP,,0,753 757,2110.2576195750075
FL0385,FL,MCO,MSP,Y,0,73W 73C,2110.2576195750075
SY0013,SY,MCO,MSP,,0,738 73G,2110.2576195750075
WN0648,WN,MCO,MSP,,0,73W 73C,2110.2576195750075
FL0386,FL,MCO,MSY,Y,0,73W 73C 733,886.1506024082203
WN0649,WN,MCO,MSY,,0,73W 73C 733,886.1506024082203
DL1227,DL,MCO,OMA,Y,0,E75,1948.9356287123242
AA1307,AA,MCO,ORD,,0,738 M83 M80,1620.0831318457797
NK0162,NK,MCO,ORD,,0,320,1620.0831318457797
UA1342,UA,MCO,ORD,,0,73G 738 320 752 739,1620.0831318457797
US1076,US,MCO,ORD,,0,738 M83 M80,1620.0831318457797
DL1228,DL,MCO,ORF,Y,0,CR7,1055.3886537510778
FL0387,FL,MCO,ORF,,1,717,1055.3886537510778
WN0650,WN,MCO,ORF,,0,73W,1055.3886537510778
AA1308,AA,MCO,PHL,,0,321 767 757 320 332,1388.5555435959752
FL0388,FL,MCO,PHL,Y,0,73W,1388.5555435959752
US1077,US,MCO,PHL,,0,321 762 752 320 332,1388.5555435959752
WN0651,WN,MCO,PHL,,0,73W 733,1388.5555435959752
AA1309,AA,MCO,PHX,,0,321 320,2969.1275631302965
FL0389,FL,MCO,PHX,Y,0,73C 738,2969.1275631302965
US1078,US,MCO,PHX,,0,321 320,2969.1275631302965
WN0652,WN,MCO,PHX,,0,73W 738,2969.1275631302965
DL1229,DL,MCO,PIT,Y,0,CR9,1344.8357789882748
FL0390,FL,MCO,PIT,,0,717,1344.8357789882748
WN0653,WN,MCO,PIT,,0,73W,1344.8357789882748
3M0039,3M,MCO,PNS,,0,SF3,612.6749234511136
UA1343,UA,MCO,PNS,Y,0,SF3,612.6749234511136
B60267,B6,MCO,PVD,,0,320,1727.679674038105
FL0391,FL,MCO,PVD,Y,0,73W 733,1727.679674038105
WN0654,WN,MCO,PVD,,0,73C 733 73W 73H,1727.679674038105
DL1230,DL,MCO,RDU,Y,0,CR9,861.564114383546
FL0392,FL,MCO,RDU,Y,0,73C,861.564114383546
WN0655,WN,MCO,RDU,,0,73W 733 73C,861.564114383546
B60268,B6,MCO,RIC,,0,E90,1075.305977261039
DL1231,DL,MCO,RIC,Y,0,CR9,1075.305977261039
WN0656,WN,MCO,RIC,,0,733 73W 73C,1075.305977261039
WN0657,WN,MCO,ROC,,0,73W,1665.5622698445654
3M0040,3M,MCO,RSW,,0,SF3,215.1828658581099
UA1345,UA,MCO,RSW,Y,0,SF3,215.1828658581099
AA1310,AA,MCO,SAN,Y,0,737,3451.561250613703
AS0241,AS,MCO,SAN,,0,73H,3451.561250613703
DL1232,DL,MCO,SAT,Y,0,CR9,1672.2324669517725
FL0393,FL,MCO,SAT,Y,0,73W,1672.2324669517725
WN0658,WN,MCO,SAT,,0,73H 73W,1672.2324669517725
DL1233,DL,MCO,SDF,Y,0,E75,1158.2346325809312
FL0394,FL,MCO,SDF,Y,0,73W,1158.2346325809312
WN0659,WN,MCO,SDF,,0,73W,1158.2346325809312
AA1311,AA,MCO,SEA,Y,0,737,4104.746203070884
AS0242,AS,MCO,SEA,,0,73H 73J,4104.746203070884
UA1346,UA,MCO,SFO,,0,753 752 738 739,3929.1348725157186
VX0036,VX,MCO,SFO,,0,320,3929.1348725157186
DL1235,DL,MCO,SLC,,0,757 738 73H,3103.4488391972795
FL0396,FL,MCO,STL,Y,0,73C 73W,1419.930070368987
WN0661,WN,MCO,STL,,0,73W 73C,1419.930070368987
B60273,B6,MCO,SYR,,0,320 E90,1697.754257362204
FL0397,FL,MDW,ABQ,Y,0,73W,1800.9397175282606
WN0662,WN,MDW,ABQ,,0,73W,1800.9397175282606
FL0398,FL,MDW,ALB,Y,0,73H,1151.5979103695176
WN0663,WN,MDW,ALB,,0,73H 73W,1151.5979103695176
AF0744,AF,MDW,ATL,Y,0,320 319 717,951.9605263942909
DL1240,DL,MDW,ATL,,0,319 320 717,951.9605263942909
FL0399,FL,MDW,ATL,,0,73G 717 ,951.9605263942909
KL0628,KL,MDW,ATL,Y,0,717 320 319,951.9605263942909
WN0664,WN,MDW,ATL,,0,73W,951.9605263942909
FL0400,FL,MDW,AUS,Y,0,73W,1564.4775084607984
WN0665,WN,MDW,AUS,,0,73W,1564.4775084607984
FL0401,FL,MDW,BDL,Y,0,73W,1246.0285994389064
WN0666,WN,MDW,BDL,,0,73W,1246.0285994389064
FL0402,FL,MDW,BHM,Y,0,73W,918.5892480165318
WN0667,WN,MDW,BHM,,0,73W,918.5892480165318
FL0403,FL,MDW,BNA,Y,0,73W,636.3291715829101
WN0669,WN,MDW,BNA,,0,73W,636.3291715829101
FL0404,FL,MDW,BOS,Y,0,73W,1381.301974992954
WN0670,WN,MDW,BOS,,0,73W,1381.301974992954
FL0405,FL,MDW,BUF,Y,0,73W 738,751.7552369156448
WN0671,WN,MDW,BUF,,0,73W 738 73H,751.7552369156448
FL0406,FL,MDW,BWI,Y,0,73W,980.5451788294091
WN0672,WN,MDW,BWI,,0,73W 73H 738,980.5451788294091
FL0407,FL,MDW,CHS,Y,0,73W,1199.7518231836375
WN0673,WN,MDW,CHS,,0,73W,1199.7518231836375
FL0408,FL,MDW,CLE,,0,73W,492.48134415946845
WN0674,WN,MDW,CLE,,0,73W 73C,492.48134415946845
FL0409,FL,MDW,CLT,Y,0,73W,940.148323874555
WN0675,WN,MDW,CLT,,0,73W,940.148323874555
FL0410,FL,MDW,CMH,Y,0,73C 73W 73H,454.2716067467216
WN0676,WN,MDW,CMH,,0,733 73W 73C 73H,454.2716067467216
F90147,F9,MDW,DEN,,0,319,1437.4509749686433
FL0412,FL,MDW,DEN,Y,0,73W,1437.4509749686433
WN0677,WN,MDW,DEN,,0,73W 73H,1437.4509749686433
FL0413,FL,MDW,DSM,Y,0,73W,491.1974909202542
WN0678,WN,MDW,DSM,,0,73W,491.1974909202542
DL1241,DL,MDW,DTW,Y,0,CR7 CR9 E75,366.5323065349407
FL0414,FL,MDW,DTW,Y,0,73W,366.5323065349407
WN0679,WN,MDW,DTW,,0,73W 73H,366.5323065349407
FL0415,FL,MDW,EWR,Y,0,73W,1140.9858300199583
WN0680,WN,MDW,EWR,,0,73W,1140.9858300199583
WN0681,WN,MDW,FLL,,0,73W 738,1880.6878481812766
FL0417,FL,MDW,HOU,Y,0,73H 73W,1509.7270481452042
WN0683,WN,MDW,HOU,,0,73W 73H,1509.7270481452042
FL0418,FL,MDW,IAD,Y,0,73W,927.0838100570728
WN0684,WN,MDW,IAD,,0,73W 73H,927.0838100570728
WN0687,WN,MDW,JAX,,0,73W,1367.8372828527731
FL0421,FL,MDW,LAS,Y,0,73W 738,2441.727201316596
WN0688,WN,MDW,LAS,,0,73W 73H 738,2441.727201316596
FL0422,FL,MDW,LAX,Y,0,73W 73H,2811.533308983491
WN0689,WN,MDW,LAX,,0,73W 73H,2811.533308983491
FL0423,FL,MDW,LGA,Y,0,73W,1163.9312429283311
WN0690,WN,MDW,LGA,,0,73W 73H,1163.9312429283311
FL0426,FL,MDW,MCI,Y,0,73W,649.5944892323612
WN0692,WN,MDW,MCI,,0,73W 73H,649.5944892323612
FL0427,FL,MDW,MCO,,0,717 73G,1595.4085814340349
WN0693,WN,MDW,MCO,,0,73H 73W,1595.4085814340349
FL0428,FL,MDW,MEM,Y,0,73W,774.245447606511
WN0694,WN,MDW,MEM,,0,73W,774.245447606511
DL1242,DL,MDW,MSP,Y,0,E75 E70 CR7 CR9,560.1863982677594
FL0430,FL,MDW,MSP,Y,0,73W,560.1863982677594
SY0014,SY,MDW,MSP,,0,73G 738,560.1863982677594
WN0696,WN,MDW,MSP,,0,73W 73H,560.1863982677594
FL0431,FL,MDW,MSY,Y,0,73W,1330.4877539428628
WN0697,WN,MDW,MSY,,0,73H 73W ,1330.4877539428628
FL0432,FL,MDW,OAK,Y,0,73W,2960.9247475338707
WN0698,WN,MDW,OAK,,0,73W,2960.9247475338707
FL0433,FL,MDW,OKC,Y,0,73W,1111.1460932087884
WN0699,WN,MDW,OKC,,0,73W,1111.1460932087884
FL0434,FL,MDW,OMA,Y,0,73W,679.4401612259061
WN0700,WN,MDW,OMA,,0,73W,679.4401612259061
FL0435,FL,MDW,ONT,Y,0,73W,2739.5597143476807
WN0701,WN,MDW,ONT,,0,73W,2739.5597143476807
FL0436,FL,MDW,ORF,Y,0,73W,1131.1058355175182
WN0702,WN,MDW,ORF,,0,73W,1131.1058355175182
FL0437,FL,MDW,PDX,Y,0,73W 73H,2810.9334496475067
WN0703,WN,MDW,PDX,,0,73W 73H,2810.9334496475067
FL0438,FL,MDW,PHL,Y,0,73W 73H,1072.9347258379019
WN0704,WN,MDW,PHL,,0,73W,1072.9347258379019
FL0439,FL,MDW,PHX,Y,0,73W 73H,2319.1076203485477
WN0705,WN,MDW,PHX,,0,73W 73H 738,2319.1076203485477
FL0440,FL,MDW,PIT,Y,0,73W 73H,645.7134912873352
WN0706,WN,MDW,PIT,,0,73W 73H,645.7134912873352
FL0442,FL,MDW,PVD,Y,0,73W,1352.2898609264005
WN0707,WN,MDW,PVD,,0,73W 738,1352.2898609264005
FL0443,FL,MDW,RDU,Y,0,73W,1016.0924169923616
WN0708,WN,MDW,RDU,,0,73W 73H,1016.0924169923616
WN0709,WN,MDW,RNO,,0,73W,2697.5418244010907
FL0444,FL,MDW,ROC,Y,0,73W,839.634343434116
WN0710,WN,MDW,ROC,,0,73W,839.634343434116
FL0445,FL,MDW,RSW,,0,717,1782.2209488724284
WN0711,WN,MDW,RSW,,0,73W 73H,1782.2209488724284
FL0446,FL,MDW,SAN,Y,0,73H 73W 738,2776.0000343980387
WN0712,WN,MDW,SAN,,0,738 73W 73H,2776.0000343980387
FL0447,FL,MDW,SAT,Y,0,73W,1668.413039803889
WN0713,WN,MDW,SAT,,0,73W,1668.413039803889
FL0448,FL,MDW,SDF,Y,0,73W 733,437.18423495093634
WN0714,WN,MDW,SDF,,0,73C 73W 733,437.18423495093634
FL0449,FL,MDW,SEA,Y,0,73W 73H,2782.2654733192185
WN0715,WN,MDW,SEA,,0,73H 73W,2782.2654733192185
FL0450,FL,MDW,SFO,Y,0,73W,2977.423582683963
WN0716,WN,MDW,SFO,,0,73W,2977.423582683963
FL0451,FL,MDW,SJC,Y,0,73W,2950.3442854819355
WN0717,WN,MDW,SJC,,0,73W,2950.3442854819355
FL0452,FL,MDW,SLC,Y,0,73W,2020.6070157625375
WN0718,WN,MDW,SLC,,0,73W 73H,2020.6070157625375
FL0453,FL,MDW,SMF,Y,0,73W,2873.965289617811
WN0719,WN,MDW,SMF,,0,73W 73H,2873.965289617811
FL0454,FL,MDW,STL,Y,0,73W 73C,404.1637386616009
WN0720,WN,MDW,STL,,0,73W 738 73C,404.1637386616009
FL0455,FL,MDW,TPA,Y,0,73W,1606.904939732362
WN0721,WN,MDW,TPA,,0,73W 738 73H,1606.904939732362
FL0456,FL,MDW,TUL,Y,0,73W,937.48613250869
WN0722,WN,MDW,TUL,,0,73W,937.48613250869
FL0457,FL,MDW,TUS,Y,0,73W,2313.648694274251
WN0723,WN,MDW,TUS,,0,73W 73H,2313.648694274251
AF0745,AF,MEM,ATL,Y,0,320 M88 319,532.8038484076335
AM0205,AM,MEM,ATL,Y,0,M88 320,532.8038484076335
AS0243,AS,MEM,ATL,Y,0,M88 320 319,532.8038484076335
AZ0603,AZ,MEM,ATL,Y,0,M88 319 320,532.8038484076335
DL1244,DL,MEM,ATL,,0,M88 320 319,532.8038484076335
KL0629,KL,MEM,ATL,Y,0,M88 320,532.8038484076335
VS0152,VS,MEM,ATL,Y,0,M88 320,532.8038484076335
DL1245,DL,MEM,AUS,Y,0,CRJ,898.6626937650444
FL0458,FL,MEM,BWI,Y,0,73W,1264.8223469638644
WN0724,WN,MEM,BWI,,0,73C 73W,1264.8223469638644
AA1325,AA,MEM,CLT,,0,319 CR7,821.434231086235
US1086,US,MEM,CLT,,0,319,821.434231086235
DL1246,DL,MEM,CVG,Y,0,CRJ,648.0613294520075
AA1326,AA,MEM,DCA,Y,0,CRJ,1223.9238832610852
DL1247,DL,MEM,DCA,Y,0,E70,1223.9238832610852
US1087,US,MEM,DCA,,0,CRJ,1223.9238832610852
DL1248,DL,MEM,DEN,Y,0,CR9,1401.383231639458
F90150,F9,MEM,DEN,,0,319,1401.383231639458
UA1353,UA,MEM,DEN,Y,0,CRJ ERJ,1401.383231639458
AA1327,AA,MEM,DFW,,0,319,693.3830157085353
DL1249,DL,MEM,DFW,Y,0,CRJ,693.3830157085353
US1088,US,MEM,DFW,,0,319,693.3830157085353
DL1250,DL,MEM,DTW,Y,0,CR9 E70,982.4260483602271
UA1354,UA,MEM,EWR,Y,0,ERJ,1519.9107544292335
FL0459,FL,MEM,HOU,Y,0,733,779.6367120651751
WN0725,WN,MEM,HOU,,0,733,779.6367120651751
DL1251,DL,MEM,IAH,Y,0,CRJ,754.422393816132
UA1355,UA,MEM,IAH,Y,0,ERJ ER4 CRJ,754.422393816132
DL1252,DL,MEM,IND,Y,0,CRJ ERJ,612.9554501317232
DL1253,DL,MEM,LAS,,0,738,2273.8059358158025
FL0460,FL,MEM,LAS,Y,0,73C,2273.8059358158025
DL1254,DL,MEM,LAX,,0,320,2599.730159114922
DL1255,DL,MEM,LGA,Y,0,CR9,1546.8303612873524
DL1256,DL,MEM,MCI,Y,0,CRJ,632.530332751302
DL1257,DL,MEM,MCO,,0,M88,1100.376828524736
FL0461,FL,MEM,MCO,Y,0,73W,1100.376828524736
WN0726,WN,MEM,MCO,,0,73C 73W,1100.376828524736
FL0462,FL,MEM,MDW,Y,0,73W,774.245447606511
WN0727,WN,MEM,MDW,,0,73W,774.245447606511
AA1328,AA,MEM,MIA,Y,0,ER4,1384.1222465177557
US1089,US,MEM,MIA,,0,ER4,1384.1222465177557
DL1258,DL,MEM,MSP,,0,M88,1127.9093082546588
9E0034,9E,MEM,MSY,,0,CRJ,562.2331564028965
DL1259,DL,MEM,MSY,Y,0,CRJ ERJ,562.2331564028965
AA1329,AA,MEM,ORD,Y,0,CR7 ER4 ERD,791.8210200798688
DL1260,DL,MEM,ORD,Y,0,ERJ CRJ CR9,791.8210200798688
UA1356,UA,MEM,ORD,Y,0,ER4 ERJ CRJ,791.8210200798688
US1090,US,MEM,ORD,,0,CR7,791.8210200798688
DL1261,DL,MEM,PIT,,0,ERJ,1047.9599971289294
DL1262,DL,MEM,RDU,Y,0,CRJ,1017.0611067818294
DL1263,DL,MEM,SAT,Y,0,CRJ,1005.6902957498038
DL1264,DL,MEM,SLC,,0,320,2026.7101158691094
FL0463,FL,MEM,TPA,Y,0,73W,1055.5009247543985
WN0728,WN,MEM,TPA,,0,73W,1055.5009247543985
AA1349,AA,MIA,ATL,,0,738,958.8123270543737
AF0749,AF,MIA,ATL,Y,0,M88 757 M90 73H,958.8123270543737
AM0284,AM,MIA,ATL,Y,0,M88 M90,958.8123270543737
AS0248,AS,MIA,ATL,Y,0,M88 757 M90 73H,958.8123270543737
AZ0609,AZ,MIA,ATL,Y,0,M88 M90,958.8123270543737
BA0428,BA,MIA,ATL,Y,0,ER4 738,958.8123270543737
DL1287,DL,MIA,ATL,,0,M88 757 M90 73H ,958.8123270543737
IB0588,IB,MIA,ATL,Y,0,ER4 738,958.8123270543737
KL0636,KL,MIA,ATL,Y,0,757 M88 M90,958.8123270543737
US1108,US,MIA,ATL,Y,0,ERD 738 ER4,958.8123270543737
VA0177,VA,MIA,ATL,Y,0,M88 757 M90 73H,958.8123270543737
VS0154,VS,MIA,ATL,Y,0,M88 757 M90 73H,958.8123270543737
AA1353,AA,MIA,BDL,,0,738,1925.252104663258
US1113,US,MIA,BDL,,0,738,1925.252104663258
AA1355,AA,MIA,BHM,Y,0,ER4,1064.979548485453
US1115,US,MIA,BHM,,0,ER4,1064.979548485453
AA1356,AA,MIA,BNA,,0,738,1299.1800689725658
US1116,US,MIA,BNA,,0,ER4,1299.1800689725658
AA1358,AA,MIA,BOS,,0,757 738,2027.627676900771
US1118,US,MIA,BOS,,0,757 738,2027.627676900771
AA1360,AA,MIA,BWI,,0,738,1525.6196413915752
JJ0253,JJ,MIA,BWI,,0,777,1525.6196413915752
US1120,US,MIA,BWI,,0,738,1525.6196413915752
AA1364,AA,MIA,CHS,Y,0,ER4,789.8760397997287
US1123,US,MIA,CHS,,0,ER4,789.8760397997287
AA1365,AA,MIA,CLE,Y,0,ER4,1742.2993666781592
US1124,US,MIA,CLE,,0,ER4,1742.2993666781592
AA1367,AA,MIA,CLT,,0,319 321 320 737,1049.0930168580173
US1126,US,MIA,CLT,,0,319 321 320 734,1049.0930168580173
AA1368,AA,MIA,CMH,Y,0,ER4,1597.5530748118533
US1127,US,MIA,CMH,,0,ER4,1597.5530748118533
AA1372,AA,MIA,CVG,Y,0,ER4,1529.3120933050411
US1132,US,MIA,CVG,,0,ER4,1529.3120933050411
AA1375,AA,MIA,DCA,,0,738,1483.2788051264984
US1135,US,MIA,DCA,,0,738,1483.2788051264984
AA1376,AA,MIA,DEN,,0,738,2748.5279015816536
UA1380,UA,MIA,DEN,,0,319,2748.5279015816536
US1136,US,MIA,DEN,,0,738,2748.5279015816536
AA1377,AA,MIA,DFW,,0,738 757,1802.086839293809
US1137,US,MIA,DFW,,0,738 757,1802.086839293809
AA1378,AA,MIA,DTW,,0,738,1846.9383663430763
DL1289,DL,MIA,DTW,,0,320 M88,1846.9383663430763
US1138,US,MIA,DTW,,0,738,1846.9383663430763
AA1381,AA,MIA,EWR,,0,738 757,1749.89490881745
UA1381,UA,MIA,EWR,,0,739 738 320 73G,1749.89490881745
US1140,US,MIA,EWR,,0,738 757,1749.89490881745
AA1392,AA,MIA,GSO,Y,0,ER4,1146.171520721655
US1150,US,MIA,GSO,,0,ER4,1146.171520721655
AA1395,AA,MIA,IAD,,0,738,1485.8404890868294
UA1384,UA,MIA,IAD,,0,319,1485.8404890868294
US1152,US,MIA,IAD,,0,738,1485.8404890868294
AA1396,AA,MIA,IAH,,0,738,1549.3736377412374
UA1385,UA,MIA,IAH,,0,739 319 738 73G,1549.3736377412374
US1153,US,MIA,IAH,,0,738,1549.3736377412374
AA1397,AA,MIA,IND,Y,0,ER4,1645.5851443556426
US1154,US,MIA,IND,,0,ER4,1645.5851443556426
AA1398,AA,MIA,JAX,Y,0,ER4 ERD,539.8947617990771
US1155,US,MIA,JAX,,0,ER4 ERD,539.8947617990771
AA1399,AA,MIA,JFK,,0,763 757 738,1756.7482581964496
DL1291,DL,MIA,JFK,,0,M88 73H 738 319,1756.7482581964496
US1156,US,MIA,JFK,,0,763 757 738,1756.7482581964496
AA1401,AA,MIA,LAS,,0,738 757,3494.1263255889776
US1158,US,MIA,LAS,,0,738,3494.1263255889776
AA1402,AA,MIA,LAX,,0,777 763 757 738,3762.5835897841685
AS0249,AS,MIA,LAX,Y,0,777 763 757 738,3762.5835897841685
DL1292,DL,MIA,LAX,,0,738,3762.5835897841685
US1159,US,MIA,LAX,,0,777 763 757,3762.5835897841685
AA1403,AA,MIA,LGA,,0,738,1768.0536411526125
DL1293,DL,MIA,LGA,,0,320 M88 738,1768.0536411526125
US1160,US,MIA,LGA,,0,738,1768.0536411526125
AA1413,AA,MIA,MCO,,0,757 738,309.70457931902064
US1169,US,MIA,MCO,,0,757 738,309.70457931902064
AA1415,AA,MIA,MEM,Y,0,ER4,1384.1222465177557
US1171,US,MIA,MEM,,0,ER4,1384.1222465177557
AA1419,AA,MIA,MSP,,0,738,2417.6474297452596
DL1297,DL,MIA,MSP,,0,320 M90,2417.6474297452596
US1175,US,MIA,MSP,,0,738,2417.6474297452596
AA1420,AA,MIA,MSY,,0,738,1085.113886727964
BA0435,BA,MIA,MSY,Y,0,738,1085.113886727964
IB0593,IB,MIA,MSY,Y,0,738,1085.113886727964
US1176,US,MIA,MSY,Y,0,738,1085.113886727964
WS0058,WS,MIA,MSY,Y,0,738,1085.113886727964
AA1424,AA,MIA,ORD,,0,738 763,1929.7734478931163
UA1389,UA,MIA,ORD,Y,0,CR7,1929.7734478931163
US1180,US,MIA,ORD,,0,738 763,1929.7734478931163
AA1425,AA,MIA,ORF,Y,0,ER4,1293.4358757956456
US1181,US,MIA,ORF,,0,ER4,1293.4358757956456
AA1427,AA,MIA,PHL,,0,320 738 321 757,1633.9163991764217
US1183,US,MIA,PHL,,0,320 738 321 752,1633.9163991764217
AA1428,AA,MIA,PHX,,0,738,3167.676699049735
US1184,US,MIA,PHX,,0,738,3167.676699049735
AA1429,AA,MIA,PIT,Y,0,ER4,1634.0723967129777
US1185,US,MIA,PIT,,0,ER4,1634.0723967129777
AA1431,AA,MIA,PNS,Y,0,ER4,852.7567878699818
US1187,US,MIA,PNS,,0,ER4,852.7567878699818
AA1437,AA,MIA,RDU,,0,738,1130.2299846646843
US1193,US,MIA,RDU,,0,738,1130.2299846646843
AA1439,AA,MIA,RIC,Y,0,ER4,1331.7849919220757
US1195,US,MIA,RIC,,0,ER4,1331.7849919220757
AA1442,AA,MIA,SAN,,0,738,3642.5186475301525
US1198,US,MIA,SAN,,0,738,3642.5186475301525
AA1445,AA,MIA,SDF,Y,0,ER4,1467.9342794243655
US1201,US,MIA,SDF,,0,ER4,1467.9342794243655
AA1447,AA,MIA,SEA,,0,757,4379.35828963113
US1203,US,MIA,SEA,,0,757,4379.35828963113
AA1448,AA,MIA,SFO,,0,763 757 738,4153.620294339545
AS0250,AS,MIA,SFO,Y,0,763 757 738,4153.620294339545
US1204,US,MIA,SFO,,0,763 757 738,4153.620294339545
AA1454,AA,MIA,STL,,0,738,1721.4730781146416
US1210,US,MIA,STL,,0,738,1721.4730781146416
AA1460,AA,MIA,TPA,,0,738,328.97620574789426
US1216,US,MIA,TPA,,0,738,328.97620574789426
AA1461,AA,MIA,TUL,,0,738,1879.1626234959854
US1217,US,MIA,TUL,,0,738,1879.1626234959854
AF0752,AF,MKE,ATL,Y,0,M88 M90,1078.353373117171
AM0290,AM,MKE,ATL,Y,0,M90,1078.353373117171
AZ0613,AZ,MKE,ATL,Y,0,M90,1078.353373117171
DL1303,DL,MKE,ATL,,0,M90 M88,1078.353373117171
FL0470,FL,MKE,ATL,,0,717 73G,1078.353373117171
KL0637,KL,MKE,ATL,Y,0,M88 M90,1078.353373117171
WN0733,WN,MKE,ATL,Y,0,717 73G,1078.353373117171
FL0471,FL,MKE,BOS,Y,0,73W,1380.3410466366608
WN0734,WN,MKE,BOS,,0,73W 733,1380.3410466366608
FL0472,FL,MKE,BWI,Y,0,73W 73C,1029.495683509072
WN0735,WN,MKE,BWI,,0,733 73W 73C,1029.495683509072
UA1395,UA,MKE,CLE,Y,0,CR7 ERJ,526.553847976254
AA1467,AA,MKE,CLT,Y,0,CRJ CR7 CR9,1047.7824074479372
US1221,US,MKE,CLT,Y,0,CRJ CR7 CR9,1047.7824074479372
DL1304,DL,MKE,CVG,Y,0,CRJ,511.1065815292737
FL0474,FL,MKE,DCA,,0,717,1018.8617054111644
WN0736,WN,MKE,DCA,Y,0,717,1018.8617054111644
F90151,F9,MKE,DEN,,0,319 320,1438.0939305330828
FL0475,FL,MKE,DEN,Y,0,73W,1438.0939305330828
UA1396,UA,MKE,DEN,Y,0,CRJ,1438.0939305330828
WN0737,WN,MKE,DEN,,0,73W,1438.0939305330828
AA1468,AA,MKE,DFW,,0,M80 M83,1373.5748430189399
US1222,US,MKE,DFW,,0,M80 M83 ER4,1373.5748430189399
DL1305,DL,MKE,DTW,,0,M88 717 M90 320 319,380.7303907345862
UA1397,UA,MKE,EWR,Y,0,ERJ,1163.4182832385661
FL0476,FL,MKE,FLL,Y,0,73W,2003.782303881187
WN0738,WN,MKE,FLL,,0,73W,2003.782303881187
UA1398,UA,MKE,IAH,Y,0,CRJ ERJ CR7,1586.070811643025
FL0477,FL,MKE,LAS,Y,0,73W,2446.77282725703
WN0739,WN,MKE,LAS,,0,73H 73W,2446.77282725703
FL0478,FL,MKE,LAX,Y,0,73W,2820.589954438786
WN0740,WN,MKE,LAX,,0,73W,2820.589954438786
DL1306,DL,MKE,LGA,,0,CR7,1184.6664386064417
WN0741,WN,MKE,LGA,,0,73W,1184.6664386064417
FL0479,FL,MKE,MCI,Y,0,73W,699.8993371105496
WN0742,WN,MKE,MCI,,0,733 73W,699.8993371105496
DL1307,DL,MKE,MCO,,0,M88,1719.0016823863502
FL0480,FL,MKE,MCO,Y,0,73W,1719.0016823863502
WN0743,WN,MKE,MCO,,0,73W,1719.0016823863502
DL1308,DL,MKE,MSP,,0,M90 320 M88 319,477.5140168767122
FL0481,FL,MKE,MSP,Y,0,73W,477.5140168767122
WN0744,WN,MKE,MSP,,0,73W 73C,477.5140168767122
FL0482,FL,MKE,MSY,Y,0,73C 73W,1455.703860771268
WN0745,WN,MKE,MSY,,0,73C 73W,1455.703860771268
AA1469,AA,MKE,ORD,Y,0,CRJ,107.70561791966217
UA1399,UA,MKE,ORD,Y,0,CRJ,107.70561791966217
US1223,US,MKE,ORD,Y,0,CRJ,107.70561791966217
AA1470,AA,MKE,PHL,Y,0,CRJ,1108.139826280461
US1224,US,MKE,PHL,Y,0,CRJ,1108.139826280461
AA1471,AA,MKE,PHX,,0,320 319,2345.9929139123897
FL0483,FL,MKE,PHX,Y,0,73W,2345.9929139123897
US1225,US,MKE,PHX,,0,320 319,2345.9929139123897
WN0746,WN,MKE,PHX,,0,73W,2345.9929139123897
FL0484,FL,MKE,RSW,Y,0,73W,1907.9671693919388
WN0747,WN,MKE,RSW,,0,73W,1907.9671693919388
FL0485,FL,MKE,SEA,Y,0,73W,2719.390310961766
WN0748,WN,MKE,SEA,,0,73W,2719.390310961766
FL0486,FL,MKE,SFO,Y,0,73W,2962.312517206245
WN0749,WN,MKE,SFO,,0,73W,2962.312517206245
FL0487,FL,MKE,STL,Y,0,73C,511.0464663068054
WN0750,WN,MKE,STL,,0,73W 73C,511.0464663068054
FL0488,FL,MKE,TPA,Y,0,73W,1733.2010807404345
WN0751,WN,MKE,TPA,,0,73W,1733.2010807404345
DL1329,DL,MSP,ABQ,,0,320,1576.9146965557495
DL1331,DL,MSP,ALB,Y,0,CR9,1572.2454815431058
DL1333,DL,MSP,ANC,,0,757 738,4041.9740833427663
9E0035,9E,MSP,ATL,,0,,1459.5387110699476
AF0795,AF,MSP,ATL,Y,0,320 757 M88,1459.5387110699476
AM0294,AM,MSP,ATL,Y,0,320 757,1459.5387110699476
DL1335,DL,MSP,ATL,,0,320 757 739 M88 M90,1459.5387110699476
FL0489,FL,MSP,ATL,,0,717,1459.5387110699476
KL0647,KL,MSP,ATL,Y,0,320 757 739,1459.5387110699476
WN0752,WN,MSP,ATL,Y,0,717,1459.5387110699476
DL1337,DL,MSP,AUS,Y,0,CR9 E75,1678.2061434720122
DL1339,DL,MSP,BDL,,0,319,1685.8379293406965
DL1340,DL,MSP,BHM,Y,0,CR7,1375.2008924679574
DL1345,DL,MSP,BNA,Y,0,CR7 CR9 CRJ,1118.8849352532952
DL1346,DL,MSP,BOI,,0,320 738,1832.558148388756
DL1347,DL,MSP,BOS,,0,757 738 73H 320 319 M88,1804.083650999265
SY0015,SY,MSP,BOS,,0,738 73G,1804.083650999265
DL1349,DL,MSP,BUF,Y,0,E70 CR9,1178.9185021018268
DL1350,DL,MSP,BWI,,0,320 M90 M88 319,1503.553177534785
NK0166,NK,MSP,BWI,,0,319,1503.553177534785
DL1354,DL,MSP,CLE,Y,0,CRJ ERJ CR7 CR9,998.836552600132
UA1418,UA,MSP,CLE,Y,0,ERJ,998.836552600132
AA1486,AA,MSP,CLT,,0,319 320 321,1495.9277134083934
DL1355,DL,MSP,CLT,,0,319 320,1495.9277134083934
US1238,US,MSP,CLT,,0,319 320 321,1495.9277134083934
DL1356,DL,MSP,CMH,,0,ERJ,1005.4102050337223
DL1358,DL,MSP,CVG,Y,0,CRJ CR9 ERJ,958.5025914175709
AA1487,AA,MSP,DCA,Y,0,E75 E70,1494.765154723233
DL1361,DL,MSP,DCA,,0,M88 M90 319 738 320,1494.765154723233
SY0017,SY,MSP,DCA,,0,73G,1494.765154723233
US1239,US,MSP,DCA,Y,0,E75 E70,1494.765154723233
DL1362,DL,MSP,DEN,,0,M90 320,1092.4219377751367
F90154,F9,MSP,DEN,,0,319 320,1092.4219377751367
FL0490,FL,MSP,DEN,Y,0,73C,1092.4219377751367
NK0167,NK,MSP,DEN,,0,319,1092.4219377751367
UA1419,UA,MSP,DEN,,0,320,1092.4219377751367
WN0753,WN,MSP,DEN,,0,73W 73H 73C,1092.4219377751367
AA1488,AA,MSP,DFW,,0,M80 M83 738,1372.3732093167189
DL1363,DL,MSP,DFW,,0,319,1372.3732093167189
NK0168,NK,MSP,DFW,,0,319,1372.3732093167189
SY0018,SY,MSP,DFW,,0,738,1372.3732093167189
US1240,US,MSP,DFW,,0,M80 M83 738,1372.3732093167189
DL1366,DL,MSP,DSM,Y,0,CRJ CR9,373.7289901055568
DL1367,DL,MSP,DTW,,0,757 M90 M88 753 320 738 73H 319,848.0874460053775
DL1368,DL,MSP,EWR,,0,319,1618.6754616631654
UA1420,UA,MSP,EWR,Y,0,ERJ E70,1618.6754616631654
DL1371,DL,MSP,FLL,,0,757,2395.8356633435938
DL1375,DL,MSP,GEG,,0,320,1886.0682987239938
DL1378,DL,MSP,GRR,,0,320 319 M88,655.5584266645537
DL1382,DL,MSP,IAD,Y,0,CR9 CR7,1458.6183917564858
UA1421,UA,MSP,IAD,Y,0,CR7 ERJ,1458.6183917564858
DL1383,DL,MSP,IAH,,0,319 E70,1666.7004915608698
NK0169,NK,MSP,IAH,,0,319,1666.7004915608698
UA1422,UA,MSP,IAH,Y,0,CR7 ERJ E70,1666.7004915608698
DL1386,DL,MSP,IND,,0,M90 320 ERJ M88,808.2198961939441
DL1389,DL,MSP,JAX,Y,0,E75 CR9 E70,1890.2638362347072
DL1390,DL,MSP,JFK,,0,319 M88,1651.2161151681432
SY0019,SY,MSP,JFK,,0,73G 738,1651.2161151681432
DL1392,DL,MSP,LAS,,0,M90 757 320 738,2087.4763629208974
NK0170,NK,MSP,LAS,,0,320,2087.4763629208974
SY0021,SY,MSP,LAS,,0,738,2087.4763629208974
AF0797,AF,MSP,LAX,Y,0,757,2467.2228949739047
AS0256,AS,MSP,LAX,Y,0,753 757,2467.2228949739047
DL1393,DL,MSP,LAX,,0,738 763 753 757 739 320,2467.2228949739047
KL0648,KL,MSP,LAX,Y,0,757,2467.2228949739047
NK0171,NK,MSP,LAX,,0,319,2467.2228949739047
SY0022,SY,MSP,LAX,,0,73G 738,2467.2228949739047
UA1423,UA,MSP,LAX,Y,0,CR7,2467.2228949739047
DL1395,DL,MSP,LGA,,0,M88 319 320 738,1638.0299903621762
DL1400,DL,MSP,MCI,,0,320 319 M88 ERJ,632.3569161200599
FL0491,FL,MSP,MCI,Y,0,73W 73C,632.3569161200599
WN0754,WN,MSP,MCI,,0,73C 73W,632.3569161200599
DL1401,DL,MSP,MCO,,0,757 753,2110.2576195750075
FL0492,FL,MSP,MCO,Y,0,73W,2110.2576195750075
SY0023,SY,MSP,MCO,,0,738 73G,2110.2576195750075
WN0755,WN,MSP,MCO,,0,73W,2110.2576195750075
DL1402,DL,MSP,MDW,Y,0,E75 E70 CR7 CR9,560.1863982677594
FL0493,FL,MSP,MDW,Y,0,73W 73H,560.1863982677594
SY0024,SY,MSP,MDW,,0,73G 738,560.1863982677594
WN0756,WN,MSP,MDW,,0,73W 73H,560.1863982677594
DL1403,DL,MSP,MEM,,0,M88,1127.9093082546588
AA1489,AA,MSP,MIA,,0,738,2417.6474297452596
DL1404,DL,MSP,MIA,,0,320 M90,2417.6474297452596
US1241,US,MSP,MIA,,0,738,2417.6474297452596
DL1405,DL,MSP,MKE,,0,M88 M90 320 319,477.5140168767122
FL0494,FL,MSP,MKE,Y,0,73C 73W,477.5140168767122
WN0757,WN,MSP,MKE,,0,73W 73C,477.5140168767122
9E0036,9E,MSP,MSY,,0,CR9,1675.4678522913464
AF0799,AF,MSP,MSY,Y,0,E75 CR9,1675.4678522913464
DL1410,DL,MSP,MSY,Y,0,CR9 E75,1675.4678522913464
KL0650,KL,MSP,MSY,Y,0,E75 CR9,1675.4678522913464
FL0495,FL,MSP,OAK,Y,0,73W,2534.156787965191
DL1412,DL,MSP,OKC,Y,0,CRJ,1118.101927317262
DL1413,DL,MSP,OMA,,0,M88 319 320,453.0111493045457
AA1490,AA,MSP,ORD,Y,0,E75 CR7,536.8687518273463
DL1414,DL,MSP,ORD,,0,M90 M88 320 319,536.8687518273463
NK0172,NK,MSP,ORD,,0,320 319,536.8687518273463
UA1424,UA,MSP,ORD,,0,73G 738 319,536.8687518273463
US1242,US,MSP,ORD,,0,E75,536.8687518273463
DL1415,DL,MSP,ORF,Y,0,CR7,1678.7678068089388
DL1416,DL,MSP,PDX,,0,M90 753 738,2288.7408735594095
AA1491,AA,MSP,PHL,,0,319 E90,1574.365602053163
DL1417,DL,MSP,PHL,,0,320 M90,1574.365602053163
US1243,US,MSP,PHL,,0,319 E90,1574.365602053163
AA1492,AA,MSP,PHX,,0,320 321 319,2051.1141160018165
DL1418,DL,MSP,PHX,,0,M90 320 757 319,2051.1141160018165
FL0496,FL,MSP,PHX,Y,0,73W,2051.1141160018165
SY0025,SY,MSP,PHX,,0,73G,2051.1141160018165
US1244,US,MSP,PHX,,0,320 321 319,2051.1141160018165
WN0758,WN,MSP,PHX,,0,73C 73W,2051.1141160018165
DL1420,DL,MSP,PIT,,0,319 320,1166.66381356097
DL1422,DL,MSP,PSP,,0,320,2336.2582765589527
SY0026,SY,MSP,PSP,,0,73G,2336.2582765589527
DL1424,DL,MSP,RDU,,0,320 M90 M88,1575.963596777693
DL1426,DL,MSP,RIC,Y,0,CR7,1558.8245031579463
DL1427,DL,MSP,ROC,Y,0,CR7,1257.0684763022941
DL1429,DL,MSP,RSW,,0,757 M90,2282.2955613052773
SY0028,SY,MSP,RSW,,0,738 73G,2282.2955613052773
AS0257,AS,MSP,SAN,Y,0,738 739,2462.7100173957483
DL1430,DL,MSP,SAN,,0,738 739,2462.7100173957483
SY0029,SY,MSP,SAN,,0,73G,2462.7100173957483
DL1431,DL,MSP,SAT,Y,0,CR9 E75 E70,1767.5860114105446
DL1433,DL,MSP,SDF,,0,ERJ,971.2409867937434
AF0800,AF,MSP,SEA,Y,0,753,2244.9810361002997
AS0258,AS,MSP,SEA,,0,739 73G 73J,2244.9810361002997
DL1434,DL,MSP,SEA,,0,738 739 757 753 763,2244.9810361002997
KL0651,KL,MSP,SEA,Y,0,757,2244.9810361002997
SY0030,SY,MSP,SEA,,0,73G 738,2244.9810361002997
AF0801,AF,MSP,SFO,Y,0,753,2551.3068970577797
DL1435,DL,MSP,SFO,,0,320 753 M90 757 738,2551.3068970577797
KL0652,KL,MSP,SFO,Y,0,757,2551.3068970577797
SY0031,SY,MSP,SFO,,0,73G 738,2551.3068970577797
UA1425,UA,MSP,SFO,,0,320 739 319,2551.3068970577797
DL1436,DL,MSP,SJC,,0,320 738,2530.0439836345336
DL1437,DL,MSP,SLC,,0,320 757 319 738,1591.6261034180636
DL1438,DL,MSP,SMF,,0,320,2436.435949539012
DL1439,DL,MSP,SNA,,0,319 757,2445.801185087894
DL1440,DL,MSP,STL,,0,M90 319 320 M88,721.4504280679766
FL0497,FL,MSP,STL,Y,0,73W,721.4504280679766
WN0759,WN,MSP,STL,,0,73W 733,721.4504280679766
DL1441,DL,MSP,SYR,Y,0,CR9 E70,1380.5231230008098
DL1442,DL,MSP,TPA,,0,M88 757,2104.580615436631
DL1443,DL,MSP,TUL,Y,0,CRJ,991.2535805136945
DL1444,DL,MSP,TUS,,0,M90,2087.0552412872353
DL1446,DL,MSP,TYS,Y,0,CR9,1274.3273897677873
AF0802,AF,MSY,ATL,Y,0,M90 757 M88,684.079226156705
AM0296,AM,MSY,ATL,Y,0,M88 757 M90,684.079226156705
AS0259,AS,MSY,ATL,Y,0,M90 757 M88,684.079226156705
AZ0627,AZ,MSY,ATL,Y,0,M90,684.079226156705
DL1456,DL,MSY,ATL,,0,M90 757 M88,684.079226156705
FL0498,FL,MSY,ATL,,0,717,684.079226156705
KL0653,KL,MSY,ATL,Y,0,757 M90 M88,684.079226156705
VS0157,VS,MSY,ATL,Y,0,M90 757 M88,684.079226156705
WN0760,WN,MSY,ATL,,0,73W,684.079226156705
AA1493,AA,MSY,AUS,,0,,711.8970226627564
FL0499,FL,MSY,AUS,Y,0,73C,711.8970226627564
WN0761,WN,MSY,AUS,,0,73C 735,711.8970226627564
WN0762,WN,MSY,BNA,,0,735 73W 733,759.1046221684412
B60275,B6,MSY,BOS,,0,E90,2199.7041253483617
FL0500,FL,MSY,BWI,Y,0,73W,1606.6327861681195
WN0763,WN,MSY,BWI,,0,73W,1606.6327861681195
UA1427,UA,MSY,CLE,Y,0,ERJ,1477.8840162972544
AA1494,AA,MSY,CLT,Y,0,319 320 E75 CR9 E70,1047.738474473209
US1245,US,MSY,CLT,,0,319 320,1047.738474473209
DL1457,DL,MSY,CVG,Y,0,ERJ,1129.33893188354
FL0501,FL,MSY,DAL,Y,0,73W 73C 733,700.3194693034175
WN0764,WN,MSY,DAL,,0,733 73W 73C 735,700.3194693034175
AA1495,AA,MSY,DCA,Y,0,E75 E70 319,1559.8235107831028
US1246,US,MSY,DCA,,0,319,1559.8235107831028
AC0174,AC,MSY,DEN,Y,0,320 738 ERJ,1707.5691868523097
F90155,F9,MSY,DEN,,0,319,1707.5691868523097
FL0502,FL,MSY,DEN,Y,0,73W,1707.5691868523097
UA1428,UA,MSY,DEN,,0,320 738,1707.5691868523097
WN0765,WN,MSY,DEN,,0,73W ,1707.5691868523097
AA1496,AA,MSY,DFW,,0,M80 M83,718.8749737395611
BA0445,BA,MSY,DFW,Y,0,M80 M83,718.8749737395611
CX0170,CX,MSY,DFW,Y,0,M83 M80,718.8749737395611
NK0173,NK,MSY,DFW,,0,319,718.8749737395611
QF0280,QF,MSY,DFW,Y,0,M80 M83,718.8749737395611
US1247,US,MSY,DFW,Y,0,M80 M83,718.8749737395611
9E0037,9E,MSY,DTW,,0,CR9,1492.6404027279953
AF0803,AF,MSY,DTW,Y,0,319 CR7,1492.6404027279953
DL1458,DL,MSY,DTW,,0,319 M88,1492.6404027279953
KL0654,KL,MSY,DTW,Y,0,319 CR9 CR7 M88,1492.6404027279953
VS0158,VS,MSY,DTW,Y,0,319 CR9 CR7 M88,1492.6404027279953
AC0175,AC,MSY,EWR,Y,0,738 ERJ 320 319,1877.5707728518394
FL0503,FL,MSY,EWR,Y,0,73W,1877.5707728518394
LH0587,LH,MSY,EWR,Y,0,738 ERJ,1877.5707728518394
UA1429,UA,MSY,EWR,,0,738 320 319,1877.5707728518394
WN0766,WN,MSY,EWR,,0,73W,1877.5707728518394
FL0505,FL,MSY,FLL,Y,0,73W 73C,1083.4275696753184
WN0768,WN,MSY,FLL,,0,73W 73C ,1083.4275696753184
FL0506,FL,MSY,HOU,Y,0,735 73W 73C,485.0401986620096
WN0769,WN,MSY,HOU,,0,73W 735 73C ,485.0401986620096
AC0176,AC,MSY,IAD,Y,0,320 E70 319 CR7,1536.5000011422949
LH0588,LH,MSY,IAD,Y,0,320 319,1536.5000011422949
UA1430,UA,MSY,IAD,,0,320 319,1536.5000011422949
AC0177,AC,MSY,IAH,Y,0,319 738 73G 320 ERJ,488.8924968522243
LH0589,LH,MSY,IAH,Y,0,CR7 738 ERJ,488.8924968522243
TK0518,TK,MSY,IAH,Y,0,73G 738,488.8924968522243
UA1431,UA,MSY,IAH,,0,319 738 73G 320,488.8924968522243
9E0038,9E,MSY,JFK,,0,CR9,1901.908897180843
AF0804,AF,MSY,JFK,Y,0,CR9,1901.908897180843
AZ0628,AZ,MSY,JFK,Y,0,CR9,1901.908897180843
B60276,B6,MSY,JFK,,0,E90 320,1901.908897180843
DL1459,DL,MSY,JFK,Y,0,CR9,1901.908897180843
EY0195,EY,MSY,JFK,Y,0,E90 320,1901.908897180843
JL0240,JL,MSY,JFK,Y,0,E90,1901.908897180843
KL0655,KL,MSY,JFK,Y,0,CR9,1901.908897180843
LH0590,LH,MSY,JFK,Y,0,E90 320,1901.908897180843
QR0236,QR,MSY,JFK,Y,0,320,1901.908897180843
VS0159,VS,MSY,JFK,Y,0,CR9,1901.908897180843
FL0507,FL,MSY,LAS,Y,0,73W,2409.015700948633
WN0770,WN,MSY,LAS,,0,73W 73H,2409.015700948633
AS0260,AS,MSY,LAX,Y,0,319,2682.2399462914304
CI0076,CI,MSY,LAX,Y,0,319,2682.2399462914304
DL1460,DL,MSY,LAX,,0,319,2682.2399462914304
KL0656,KL,MSY,LAX,Y,0,319,2682.2399462914304
NZ0123,NZ,MSY,LAX,Y,0,738 739,2682.2399462914304
OZ0181,OZ,MSY,LAX,Y,0,738 739,2682.2399462914304
UA1432,UA,MSY,LAX,,0,738 739,2682.2399462914304
VA0182,VA,MSY,LAX,Y,0,319,2682.2399462914304
WN0771,WN,MSY,LAX,,0,73H 73W,2682.2399462914304
9E0039,9E,MSY,LGA,,0,CR9,1903.83611105175
DL1461,DL,MSY,LGA,,0,319,1903.83611105175
WS0063,WS,MSY,LGA,Y,0,319 CR9,1903.83611105175
FL0508,FL,MSY,MCI,Y,0,73W,1111.7692615259637
WN0772,WN,MSY,MCI,,0,73W,1111.7692615259637
FL0509,FL,MSY,MCO,Y,0,733 73W 73C,886.1506024082203
WN0773,WN,MSY,MCO,,0,733 73W 73C,886.1506024082203
FL0510,FL,MSY,MDW,Y,0,73W,1330.4877539428628
WN0774,WN,MSY,MDW,,0,73W 73H,1330.4877539428628
9E0040,9E,MSY,MEM,,0,CRJ,562.2331564028965
DL1462,DL,MSY,MEM,Y,0,CRJ ERJ,562.2331564028965
AA1497,AA,MSY,MIA,,0,738,1085.113886727964
BA0446,BA,MSY,MIA,Y,0,738,1085.113886727964
IB0604,IB,MSY,MIA,Y,0,738,1085.113886727964
US1248,US,MSY,MIA,Y,0,738,1085.113886727964
WS0064,WS,MSY,MIA,Y,0,738,1085.113886727964
FL0511,FL,MSY,MKE,Y,0,73W,1455.703860771268
WN0775,WN,MSY,MKE,,0,73W,1455.703860771268
9E0041,9E,MSY,MSP,,0,CR9,1675.4678522913464
AF0805,AF,MSY,MSP,Y,0,CR9,1675.4678522913464
DL1463,DL,MSY,MSP,Y,0,CR9 E75,1675.4678522913464
AA1498,AA,MSY,ORD,Y,0,E75,1349.34323281992
AC0178,AC,MSY,ORD,Y,0,320 CR7 319 ERJ,1349.34323281992
BA0447,BA,MSY,ORD,Y,0,E75,1349.34323281992
EI0166,EI,MSY,ORD,Y,0,320,1349.34323281992
NH0325,NH,MSY,ORD,Y,0,CR7,1349.34323281992
QF0281,QF,MSY,ORD,Y,0,E75,1349.34323281992
UA1433,UA,MSY,ORD,,0,320 319,1349.34323281992
US1249,US,MSY,ORD,Y,0,E75,1349.34323281992
AA1499,AA,MSY,PHL,Y,0,319 E90 E75,1751.354010211927
US1250,US,MSY,PHL,,0,319 E90,1751.354010211927
WN0776,WN,MSY,PHX,,0,73H 73W,2087.799024467896
FL0512,FL,MSY,SAN,Y,0,73W,2567.643280448283
WN0777,WN,MSY,SAN,,0,73W,2567.643280448283
UA1434,UA,MSY,SFO,,0,320 319 738,3068.827739064974
AS0261,AS,MSY,SLC,Y,0,319 320,2295.8914386910046
DL1464,DL,MSY,SLC,,0,319 320,2295.8914386910046
FL0513,FL,MSY,STL,Y,0,73C 73W,973.5922677443843
WN0778,WN,MSY,STL,,0,73W 73C,973.5922677443843
FL0514,FL,MSY,TPA,Y,0,73C 73W 733,784.5841928873053
WN0779,WN,MSY,TPA,,0,73C 73W 733,784.5841928873053
AF0813,AF,MYR,ATL,Y,0,717 CR9 319,508.99138670032664
AZ0654,AZ,MYR,ATL,Y,0,717 CR7,508.99138670032664
DL1474,DL,MYR,ATL,,0,M88 717 319,508.99138670032664
KL0661,KL,MYR,ATL,Y,0,CR7 CR9 717 319,508.99138670032664
DL1475,DL,MYR,BOS,Y,0,E75,1187.6496803708756
NK0175,NK,MYR,BOS,,0,320 319,1187.6496803708756
NK0176,NK,MYR,BWI,,0,320,643.611525421225
AA1507,AA,MYR,CLT,,0,DH8 CR7 CR9,251.46290061025357
US1264,US,MYR,CLT,,0,CR7 CRJ,251.46290061025357
AA1508,AA,MYR,DCA,Y,0,CRJ,599.5581540734102
US1265,US,MYR,DCA,Y,0,CRJ,599.5581540734102
NK0178,NK,MYR,DFW,,0,319,1683.3954802367512
DL1476,DL,MYR,DTW,Y,0,E75 CR9,1024.8260467172586
NK0179,NK,MYR,DTW,,0,320,1024.8260467172586
UA1448,UA,MYR,EWR,Y,0,DH4,885.7402847819235
NK0180,NK,MYR,FLL,,0,320 319,854.0453486297982
DL1477,DL,MYR,LGA,Y,0,E75,906.8942486451384
NK0183,NK,MYR,LGA,,0,320,906.8942486451384
NK0184,NK,MYR,ORD,,0,320,1212.2507723627816
UA1449,UA,MYR,ORD,Y,0,E70,1212.2507723627816
AA1509,AA,MYR,PHL,Y,0,CRJ E75,762.6549434780823
NK0186,NK,MYR,PHL,,0,320,762.6549434780823
US1266,US,MYR,PHL,Y,0,CRJ E75,762.6549434780823
WN0781,WN,OAK,ABQ,,0,73W,1427.2540463353284
WN0782,WN,OAK,AUS,,0,73W,2405.8333520653696
WN0783,WN,OAK,BOI,,0,73W,823.1823963996911
WN0784,WN,OAK,BUR,,0,73W,523.1973324417773
FL0517,FL,OAK,CMH,Y,0,73W,3387.183936287446
FL0518,FL,OAK,DEN,,0,73W,1536.7700908433467
WN0785,WN,OAK,DEN,,0,73W,1536.7700908433467
NK0187,NK,OAK,DFW,,0,319,2339.529990199958
WN0786,WN,OAK,GEG,,0,73W,1165.0316606793908
AA1547,AA,OAK,HNL,Y,0,737,3873.4879002514217
AS0263,AS,OAK,HNL,,0,73H,3873.4879002514217
HA0050,HA,OAK,HNL,,0,763,3873.4879002514217
WN0787,WN,OAK,HOU,,0,73W,2638.548894847478
B60283,B6,OAK,JFK,,0,320,4135.180110200534
AA1548,AA,OAK,KOA,Y,0,737,3824.768132279157
AS0264,AS,OAK,KOA,,0,73H,3824.768132279157
FL0519,FL,OAK,LAS,Y,0,73C 73W 73H,654.2226185342018
NK0188,NK,OAK,LAS,,0,320 319,654.2226185342018
WN0788,WN,OAK,LAS,,0,73W 73H 73C 738 733,654.2226185342018
DL1507,DL,OAK,LAX,Y,0,CR7,542.6670535843009
FL0520,FL,OAK,LAX,Y,0,73W 73C,542.6670535843009
WN0789,WN,OAK,LAX,,0,73W 73C 738 733 73H,542.6670535843009
B60284,B6,OAK,LGB,,0,320,568.4861965457668
AA1549,AA,OAK,LIH,Y,0,737,3950.097265275049
AS0265,AS,OAK,LIH,,0,73H,3950.097265275049
WN0790,WN,OAK,MCI,,0,73W,2390.6068121885614
FL0521,FL,OAK,MDW,Y,0,73H,2960.9247475338707
WN0791,WN,OAK,MDW,,0,73H 73W 738,2960.9247475338707
AA1550,AA,OAK,OGG,Y,0,737,3777.2084806913786
AS0266,AS,OAK,OGG,,0,73H,3777.2084806913786
HA0051,HA,OAK,OGG,,0,763,3777.2084806913786
FL0522,FL,OAK,OKC,Y,0,73W,2208.0385553518877
WN0792,WN,OAK,ONT,,0,733 73C 73W,582.2781664102026
NK0189,NK,OAK,ORD,,0,319,2947.375715745026
AA1551,AA,OAK,PDX,Y,0,DH4,875.5068865042713
AS0267,AS,OAK,PDX,Y,0,DH4,875.5068865042713
WN0793,WN,OAK,PDX,,0,733 73W 73C,875.5068865042713
AA1552,AA,OAK,PHX,,0,319 CR9,1038.6147381803132
US1282,US,OAK,PHX,,0,319,1038.6147381803132
WN0794,WN,OAK,PHX,,0,73W 73C 733 73H,1038.6147381803132
WN0795,WN,OAK,SAN,,0,73C 73W 733 73H,718.2677400233823
AA1553,AA,OAK,SEA,Y,0,737,1081.712840093709
AS0268,AS,OAK,SEA,,0,73G 73H 734,1081.712840093709
WN0796,WN,OAK,SEA,,0,733 73C 73W,1081.712840093709
DL1508,DL,OAK,SLC,,0,320 319,944.7948327523582
WN0797,WN,OAK,SLC,,0,73W 73C,944.7948327523582
FL0523,FL,OAK,SNA,Y,0,73W,597.1241565348903
WN0798,WN,OAK,SNA,,0,73W,597.1241565348903
UA1475,UA,OGG,DEN,,0,752,5308.514529294367
AA1554,AA,OGG,DFW,,0,763,5962.584815720815
US1283,US,OGG,DFW,,0,763,5962.584815720815
HA0052,HA,OGG,HNL,,0,717,161.91390244284838
MW0014,MW,OGG,HNL,,0,CNA,161.91390244284838
UA1476,UA,OGG,HNL,Y,0,AT7,161.91390244284838
US1284,US,OGG,HNL,Y,0,717,161.91390244284838
WP0006,WP,OGG,HNL,,0,AT7,161.91390244284838
HA0054,HA,OGG,KOA,,0,717,134.86001250472984
MW0016,MW,OGG,KOA,,0,CNA,134.86001250472984
AA1555,AA,OGG,LAX,,0,757,3995.708287589561
AS0269,AS,OGG,LAX,Y,0,757,3995.708287589561
DL1509,DL,OGG,LAX,,0,757,3995.708287589561
HA0055,HA,OGG,LAX,,0,763,3995.708287589561
KL0691,KL,OGG,LAX,Y,0,757,3995.708287589561
UA1477,UA,OGG,LAX,,0,753 738,3995.708287589561
US1285,US,OGG,LAX,,0,757,3995.708287589561
HA0056,HA,OGG,LIH,,0,717,323.71576167459966
AA1556,AA,OGG,OAK,Y,0,737,3777.2084806913786
AS0270,AS,OGG,OAK,,0,73H,3777.2084806913786
HA0057,HA,OGG,OAK,,0,763,3777.2084806913786
UA1478,UA,OGG,ORD,,0,777,6724.576300372519
AS0271,AS,OGG,PDX,,0,73H,4122.520054169441
AA1557,AA,OGG,PHX,,0,757,4572.68035166627
US1286,US,OGG,PHX,,0,752,4572.68035166627
AS0272,AS,OGG,SAN,,0,73H,4083.7116891307346
AS0273,AS,OGG,SEA,,0,73H,4248.540780120893
HA0058,HA,OGG,SEA,,0,332,4248.540780120893
UA1479,UA,OGG,SFO,,0,753 738,3760.693364246038
AA1558,AA,OGG,SJC,Y,0,737,3788.1684661721542
AS0274,AS,OGG,SJC,,0,73H,3788.1684661721542
HA0059,HA,OGG,SJC,,0,763,3788.1684661721542
AA1559,AA,OGG,SMF,Y,0,737,3866.46098658135
AS0275,AS,OGG,SMF,,0,73H,3866.46098658135
DL1510,DL,OGG,SMF,Y,0,73H,3866.46098658135
AF0865,AF,OKC,ATL,Y,0,M88 CR9,1221.4268732043552
DL1511,DL,OKC,ATL,,0,M88,1221.4268732043552
FL0524,FL,OKC,ATL,,0,717,1221.4268732043552
KL0692,KL,OKC,ATL,Y,0,CR9 M88,1221.4268732043552
VS0164,VS,OKC,ATL,Y,0,M88 CR9,1221.4268732043552
WN0799,WN,OKC,ATL,Y,0,717,1221.4268732043552
FL0525,FL,OKC,BWI,Y,0,73W,1894.2333710513042
WN0800,WN,OKC,BWI,,0,73W,1894.2333710513042
FL0526,FL,OKC,DAL,Y,0,73W 733 73C,291.69134191110527
WN0801,WN,OKC,DAL,,0,73W 73C,291.69134191110527
F90156,F9,OKC,DEN,,0,319,796.38417066531
FL0527,FL,OKC,DEN,Y,0,73C,796.38417066531
UA1480,UA,OKC,DEN,Y,0,DH4 ERJ CRJ,796.38417066531
WN0802,WN,OKC,DEN,,0,73W 73C,796.38417066531
AA1560,AA,OKC,DFW,,0,M80 M83,282.35313149832035
US1287,US,OKC,DFW,,0,M80 M83,282.35313149832035
DL1512,DL,OKC,DTW,Y,0,CR9 CR7,1445.8109863936086
UA1481,UA,OKC,EWR,Y,0,ERJ,2127.2180769257357
FL0528,FL,OKC,HOU,Y,0,733 73W,675.132287120891
WN0803,WN,OKC,HOU,,0,733 73W,675.132287120891
UA1482,UA,OKC,IAD,Y,0,E70 CR7,1823.8491579196532
UA1483,UA,OKC,IAH,,0,738 319 320 739,637.3975659602737
FL0529,FL,OKC,LAS,Y,0,73C,1584.0249656464644
WN0804,WN,OKC,LAS,,0,73C 73W,1584.0249656464644
AA1561,AA,OKC,LAX,Y,0,CR7,1906.4287291050962
AS0276,AS,OKC,LAX,Y,0,CR7,1906.4287291050962
UA1484,UA,OKC,LAX,Y,0,CR7,1906.4287291050962
US1288,US,OKC,LAX,Y,0,CR7,1906.4287291050962
FL0530,FL,OKC,MDW,Y,0,73W,1111.1460932087884
WN0805,WN,OKC,MDW,,0,73W 73C,1111.1460932087884
DL1513,DL,OKC,MSP,Y,0,CRJ,1118.101927317262
AA1562,AA,OKC,ORD,Y,0,CR7 ER4,1114.058496569862
UA1485,UA,OKC,ORD,Y,0,E70 ERJ ER4 CR7,1114.058496569862
US1289,US,OKC,ORD,,0,ER4,1114.058496569862
WN0806,WN,OKC,PHX,,0,73W,1338.2126358591315
G40222,G4,OKC,SFB,,0,320,1705.3038757740542
UA1486,UA,OKC,SFO,Y,0,CR7,2221.7506002235145
DL1514,DL,OKC,SLC,Y,0,CR9 CR7,1391.934617365268
FL0531,FL,OKC,STL,Y,0,73W,741.5827682228099
WN0807,WN,OKC,STL,,0,73C 73W,741.5827682228099
AF0866,AF,OMA,ATL,Y,0,CR7 M88,1321.0472363918211
AZ0679,AZ,OMA,ATL,Y,0,CR7,1321.0472363918211
DL1515,DL,OMA,ATL,,0,M88 M90,1321.0472363918211
KL0693,KL,OMA,ATL,Y,0,CR7 M88,1321.0472363918211
AA1563,AA,OMA,CLT,Y,0,CR9,1467.7316602972028
US1290,US,OMA,CLT,Y,0,CR9,1467.7316602972028
AA1564,AA,OMA,DCA,Y,0,E70,1623.9970746387303
DL1516,DL,OMA,DCA,Y,0,E70,1623.9970746387303
US1291,US,OMA,DCA,Y,0,E70,1623.9970746387303
F90157,F9,OMA,DEN,,0,319,758.2536121621868
UA1488,UA,OMA,DEN,,0,738 73G 319,758.2536121621868
WN0808,WN,OMA,DEN,,0,73W 73C,758.2536121621868
AA1565,AA,OMA,DFW,,0,M80 M83,940.2113048334136
US1292,US,OMA,DFW,,0,M80 M83,940.2113048334136
DL1517,DL,OMA,DTW,,0,319,1044.1394617933586
UA1489,UA,OMA,EWR,Y,0,ERJ,1819.6574759376886
UA1490,UA,OMA,IAH,Y,0,ERJ,1259.5754610339047
WN0809,WN,OMA,LAS,,0,73W,1764.7310716722393
DL1518,DL,OMA,LGA,Y,0,E75,1842.882682735712
DL1519,DL,OMA,MCO,Y,0,E75,1948.9356287123242
FL0532,FL,OMA,MDW,Y,0,73W,679.4401612259061
WN0810,WN,OMA,MDW,,0,73W,679.4401612259061
DL1520,DL,OMA,MSP,,0,320 M88 319,453.0111493045457
AA1566,AA,OMA,ORD,Y,0,E75 ER4 CR7,667.8847593393192
UA1491,UA,OMA,ORD,,0,738 319 73G,667.8847593393192
US1293,US,OMA,ORD,,0,CR7,667.8847593393192
AA1567,AA,OMA,PHX,,0,319,1667.0158650745818
US1294,US,OMA,PHX,,0,319,1667.0158650745818
WN0811,WN,OMA,PHX,,0,733 73C 73W,1667.0158650745818
FL0533,FL,OMA,SAN,Y,0,73W,2109.429204185531
AS0277,AS,OMA,SEA,Y,0,CR7,2195.462008600923
DL1521,DL,OMA,SLC,Y,0,E75 CR7,1348.2532341347212
FL0534,FL,OMA,STL,Y,0,73W,549.3096024263971
WN0812,WN,OMA,STL,,0,73W 733,549.3096024263971
FL0535,FL,ONT,DEN,Y,0,73C,1315.5891042793965
UA1492,UA,ONT,DEN,Y,0,CRJ,1315.5891042793965
WN0813,WN,ONT,DEN,,0,73C 73W 73H,1315.5891042793965
AA1568,AA,ONT,DFW,,0,M80 M83,1908.3421109763178
US1295,US,ONT,DFW,,0,M80 M83,1908.3421109763178
UA1493,UA,ONT,IAH,Y,0,CR7,2142.2616955497197
FL0536,FL,ONT,LAS,Y,0,73H 73W,316.9960218176769
WN0814,WN,ONT,LAS,,0,73W 73C 73H 738,316.9960218176769
WN0815,WN,ONT,MDW,,0,73W,2739.5597143476807
WN0816,WN,ONT,OAK,,0,73W 73C 73H 733,582.2781664102026
AA1569,AA,ONT,PDX,Y,0,CR7,1350.7995651445883
AS0280,AS,ONT,PDX,Y,0,CR7,1350.7995651445883
AA1570,AA,ONT,PHX,,0,320 319,521.8366543419945
US1296,US,ONT,PHX,,0,320 319,521.8366543419945
WN0817,WN,ONT,PHX,,0,73H 73W 73C,521.8366543419945
AA1571,AA,ONT,SEA,Y,0,737,1540.2818553585294
AS0281,AS,ONT,SEA,,0,734 73H,1540.2818553585294
UA1494,UA,ONT,SFO,Y,0,CRJ,584.8310051625398
WN0818,WN,ONT,SJC,,0,73W 733 73C,536.4300044055133
DL1523,DL,ONT,SLC,,0,319,897.7987807057813
WN0819,WN,ONT,SMF,,0,73H 733 73C 73W,627.321893685079
AA1572,AA,ORD,ABQ,Y,0,E75,1795.9233072145933
UA1496,UA,ORD,ABQ,Y,0,CR7 E70,1795.9233072145933
US1300,US,ORD,ABQ,Y,0,E75,1795.9233072145933
UA1498,UA,ORD,ALB,,0,319 73G 738 739,1160.512875020777
AS0282,AS,ORD,ANC,,0,73H,4568.179156888665
UA1500,UA,ORD,ANC,,0,738,4568.179156888665
AA1576,AA,ORD,ATL,Y,0,E75 CR7,976.3278291656198
AF0867,AF,ORD,ATL,Y,0,717 M88,976.3278291656198
AZ0683,AZ,ORD,ATL,Y,0,M88,976.3278291656198
BA0466,BA,ORD,ATL,Y,0,E75 CR7 74N,976.3278291656198
CX0180,CX,ORD,ATL,Y,0,CR7,976.3278291656198
DL1525,DL,ORD,ATL,,0,717 M88 319,976.3278291656198
EI0176,EI,ORD,ATL,Y,0,CR7 E70,976.3278291656198
EY0202,EY,ORD,ATL,Y,0,E75,976.3278291656198
IB0629,IB,ORD,ATL,Y,0,CR7,976.3278291656198
JL0323,JL,ORD,ATL,Y,0,E75,976.3278291656198
KL0695,KL,ORD,ATL,Y,0,717 M88 319,976.3278291656198
LH0748,LH,ORD,ATL,Y,0,CR7 E70,976.3278291656198
MH0263,MH,ORD,ATL,Y,0,E75 CR7,976.3278291656198
NH0454,NH,ORD,ATL,Y,0,CR7,976.3278291656198
OZ0196,OZ,ORD,ATL,Y,0,E70 CR7,976.3278291656198
QF0306,QF,ORD,ATL,Y,0,E75 CR7,976.3278291656198
QR0243,QR,ORD,ATL,Y,0,CR7,976.3278291656198
UA1501,UA,ORD,ATL,Y,0,CR7 E70,976.3278291656198
US1304,US,ORD,ATL,Y,0,E75 CR7,976.3278291656198
VS0165,VS,ORD,ATL,Y,0,717 M88 319,976.3278291656198
AA1578,AA,ORD,AUS,,0,M80 M83,1573.8842146593047
UA1503,UA,ORD,AUS,,0,319 320,1573.8842146593047
US1305,US,ORD,AUS,,0,M80 M83,1573.8842146593047
AA1580,AA,ORD,BDL,Y,0,ER4 E75,1256.5899052413283
UA1506,UA,ORD,BDL,,0,73G 738 319,1256.5899052413283
US1307,US,ORD,BDL,,0,ER4 E75,1256.5899052413283
UA1507,UA,ORD,BHM,Y,0,CRJ ERJ,941.240076242445
AA1582,AA,ORD,BNA,Y,0,ER4 ERD CR7 E75,659.4850977173753
UA1508,UA,ORD,BNA,Y,0,ERJ CRJ,659.4850977173753
US1309,US,ORD,BNA,,0,ER4 CR7,659.4850977173753
UA1509,UA,ORD,BOI,Y,0,CR7,2306.969040121241
AA1583,AA,ORD,BOS,,0,738,1390.8751257562583
B60285,B6,ORD,BOS,,0,320 E90,1390.8751257562583
NK0191,NK,ORD,BOS,,0,319,1390.8751257562583
UA1510,UA,ORD,BOS,,0,320 752 739 738 73G 319,1390.8751257562583
US1310,US,ORD,BOS,,0,738,1390.8751257562583
AA1584,AA,ORD,BUF,Y,0,ER4 CR7 E75,759.6396279814746
UA1513,UA,ORD,BUF,,0,738 739 320,759.6396279814746
US1311,US,ORD,BUF,Y,0,ER4 CR7 E75,759.6396279814746
AA1585,AA,ORD,BWI,Y,0,E75 ER4 CR7,997.9705182564419
UA1514,UA,ORD,BWI,,0,319 320 739 738,997.9705182564419
US1312,US,ORD,BWI,,0,E75,997.9705182564419
UA1519,UA,ORD,CHS,Y,0,CRJ ERJ CR7,1224.4482039025177
AA1590,AA,ORD,CLE,Y,0,ER4 CR7 ERD,506.56528238532997
UA1521,UA,ORD,CLE,,0,73G 738,506.56528238532997
US1317,US,ORD,CLE,,0,ER4 CR7 ERD,506.56528238532997
AA1591,AA,ORD,CLT,,0,321 320 E90 319,964.5786715815266
UA1522,UA,ORD,CLT,,0,320 319,964.5786715815266
US1318,US,ORD,CLT,,0,321 320 E90 319,964.5786715815266
AA1592,AA,ORD,CMH,Y,0,ER4 CR7 ERD,474.79723356471544
UA1523,UA,ORD,CMH,,0,738 319 739,474.79723356471544
US1319,US,ORD,CMH,,0,ER4 ERD,474.79723356471544
UA1525,UA,ORD,COS,Y,0,CRJ ERJ CR7,1462.9053166457056
AA1596,AA,ORD,CVG,Y,0,ER4,425.3843373990957
DL1527,DL,ORD,CVG,,0,ERJ,425.3843373990957
UA1528,UA,ORD,CVG,Y,0,CR7 ERJ ER4 CRJ,425.3843373990957
US1323,US,ORD,CVG,,0,ER4,425.3843373990957
AA1600,AA,ORD,DCA,,0,738 M83 M80,982.6189947681237
UA1531,UA,ORD,DCA,,0,320 319 738 73G 752,982.6189947681237
US1327,US,ORD,DCA,,0,738 M83,982.6189947681237
AA1601,AA,ORD,DEN,,0,M80 M83,1426.135514067899
NK0192,NK,ORD,DEN,,0,320,1426.135514067899
UA1532,UA,ORD,DEN,,0,752 738 320 739 73G 753 319,1426.135514067899
US1328,US,ORD,DEN,,0,CR7,1426.135514067899
AA1602,AA,ORD,DFW,,0,M80 M83 738,1290.6453049606575
NK0193,NK,ORD,DFW,,0,320,1290.6453049606575
UA1533,UA,ORD,DFW,,0,73G 738 320,1290.6453049606575
US1329,US,ORD,DFW,Y,0,M80 M83 738,1290.6453049606575
AA1604,AA,ORD,DSM,Y,0,ERD ER4 E75,479.58121907027686
UA1535,UA,ORD,DSM,,0,319 73G,479.58121907027686
US1330,US,ORD,DSM,,0,ERD ER4,479.58121907027686
AA1605,AA,ORD,DTW,Y,0,ERD E75 ER4 CR7,376.3634716926054
DL1528,DL,ORD,DTW,,0,717,376.3634716926054
UA1536,UA,ORD,DTW,,0,320,376.3634716926054
US1331,US,ORD,DTW,,0,ERD ER4 E75,376.3634716926054
AA1608,AA,ORD,ELP,Y,0,E75,1987.195199545859
US1334,US,ORD,ELP,Y,0,E75,1987.195199545859
AA1610,AA,ORD,EWR,Y,0,CR7 E75,1154.3708882830472
UA1541,UA,ORD,EWR,,0,319 320 73G 763 752 739 738,1154.3708882830472
US1336,US,ORD,EWR,,0,CR7 E75,1154.3708882830472
AA1613,AA,ORD,FLL,,0,738,1905.3933635953615
NK0194,NK,ORD,FLL,,0,319 320,1905.3933635953615
UA1543,UA,ORD,FLL,,0,738 752 320 739,1905.3933635953615
US1339,US,ORD,FLL,,0,738,1905.3933635953615
AA1618,AA,ORD,GRR,Y,0,ER4 ERD,219.72456453214505
UA1549,UA,ORD,GRR,,0,319 320,219.72456453214505
US1344,US,ORD,GRR,Y,0,ER4 ERD,219.72456453214505
UA1551,UA,ORD,GSO,Y,0,ERJ CR7 CRJ ER4,948.3482648221757
UA1554,UA,ORD,HNL,,0,777,6819.448167979313
UA1557,UA,ORD,IAD,,0,777 320 752 739 73G 753 319,945.4046190801434
AA1622,AA,ORD,IAH,Y,0,CR7,1490.6518561812281
NK0195,NK,ORD,IAH,,0,319,1490.6518561812281
UA1558,UA,ORD,IAH,,0,739 738 752 320 73G 319,1490.6518561812281
US1347,US,ORD,IAH,,0,CR7,1490.6518561812281
AA1624,AA,ORD,IND,Y,0,ER4 ERD E75 CR7,285.5951889162557
UA1560,UA,ORD,IND,Y,0,ERJ CRJ CR7 E70,285.5951889162557
US1349,US,ORD,IND,Y,0,ER4 ERD E75 CR7,285.5951889162557
AA1625,AA,ORD,JAX,Y,0,ER4 CR7,1392.5946832078994
UA1562,UA,ORD,JAX,,0,73G 320,1392.5946832078994
US1351,US,ORD,JAX,,0,ER4 CR7,1392.5946832078994
AA1626,AA,ORD,JFK,,0,738,1187.8092335265394
B60286,B6,ORD,JFK,,0,E90 320,1187.8092335265394
DL1532,DL,ORD,JFK,Y,0,CR9,1187.8092335265394
QR0245,QR,ORD,JFK,Y,0,738,1187.8092335265394
US1352,US,ORD,JFK,,0,738,1187.8092335265394
AA1627,AA,ORD,LAS,,0,M83 738,2431.5305228126194
NK0196,NK,ORD,LAS,,0,320 319,2431.5305228126194
UA1564,UA,ORD,LAS,,0,738 752 320 319 73G 739 753,2431.5305228126194
US1353,US,ORD,LAS,,0,738 M83,2431.5305228126194
AA1628,AA,ORD,LAX,,0,738,2802.116003121104
AS0283,AS,ORD,LAX,Y,0,738,2802.116003121104
NK0197,NK,ORD,LAX,,0,319,2802.116003121104
UA1565,UA,ORD,LAX,,0,738 753 320 739 752 319,2802.116003121104
US1354,US,ORD,LAX,,0,738,2802.116003121104
VX0037,VX,ORD,LAX,,0,320,2802.116003121104
AA1630,AA,ORD,LGA,,0,738,1177.0551064872009
DL1533,DL,ORD,LGA,Y,0,E75 E70,1177.0551064872009
NK0198,NK,ORD,LGA,,0,320,1177.0551064872009
UA1567,UA,ORD,LGA,,0,738 320 319 752 73G,1177.0551064872009
US1356,US,ORD,LGA,,0,738,1177.0551064872009
AA1637,AA,ORD,MCI,Y,0,ER4 CR7 E75 ERD,646.7792587822353
UA1572,UA,ORD,MCI,,0,73G 738,646.7792587822353
US1362,US,ORD,MCI,,0,CR7 ER4,646.7792587822353
AA1638,AA,ORD,MCO,,0,738 M83 M80,1620.0831318457797
NK0199,NK,ORD,MCO,,0,320,1620.0831318457797
UA1573,UA,ORD,MCO,,0,739 752 73G 320 738,1620.0831318457797
US1363,US,ORD,MCO,,0,738 M83 M80,1620.0831318457797
AA1640,AA,ORD,MEM,Y,0,CR7 ER4 ERD,791.8210200798688
DL1535,DL,ORD,MEM,Y,0,CR9 CRJ,791.8210200798688
UA1575,UA,ORD,MEM,Y,0,ER4 CRJ ERJ,791.8210200798688
US1365,US,ORD,MEM,,0,CR7,791.8210200798688
AA1643,AA,ORD,MIA,,0,738 763,1929.7734478931163
UA1578,UA,ORD,MIA,Y,0,CR7,1929.7734478931163
US1368,US,ORD,MIA,,0,738 763,1929.7734478931163
AA1644,AA,ORD,MKE,Y,0,CRJ,107.70561791966217
UA1579,UA,ORD,MKE,Y,0,CRJ,107.70561791966217
US1369,US,ORD,MKE,Y,0,CRJ,107.70561791966217
AA1648,AA,ORD,MSP,Y,0,E75 CR7,536.8687518273463
DL1537,DL,ORD,MSP,,0,M88 M90 320 319,536.8687518273463
NK0200,NK,ORD,MSP,,0,319 320,536.8687518273463
UA1584,UA,ORD,MSP,,0,73G 738 319 320,536.8687518273463
US1373,US,ORD,MSP,,0,E75,536.8687518273463
AA1649,AA,ORD,MSY,Y,0,E75,1349.34323281992
AC0192,AC,ORD,MSY,Y,0,320 CR7 ERJ 319,1349.34323281992
AS0284,AS,ORD,MSY,Y,0,E75,1349.34323281992
BA0474,BA,ORD,MSY,Y,0,E75,1349.34323281992
EI0178,EI,ORD,MSY,Y,0,ERJ,1349.34323281992
EY0204,EY,ORD,MSY,Y,0,E75,1349.34323281992
IB0637,IB,ORD,MSY,Y,0,E75,1349.34323281992
JL0324,JL,ORD,MSY,Y,0,E75,1349.34323281992
NH0455,NH,ORD,MSY,Y,0,320 ERJ 319,1349.34323281992
QF0307,QF,ORD,MSY,Y,0,E75,1349.34323281992
QR0246,QR,ORD,MSY,Y,0,E75,1349.34323281992
UA1585,UA,ORD,MSY,,0,320 319,1349.34323281992
US1374,US,ORD,MSY,Y,0,E75,1349.34323281992
NK0201,NK,ORD,MYR,,0,320,1212.2507723627816
UA1588,UA,ORD,MYR,Y,0,E70,1212.2507723627816
NK0202,NK,ORD,OAK,,0,319,2947.375715745026
UA1591,UA,ORD,OGG,,0,777,6724.576300372519
AA1651,AA,ORD,OKC,Y,0,ER4 CR7,1114.058496569862
UA1592,UA,ORD,OKC,Y,0,E70 ER4 ERJ CR7,1114.058496569862
US1376,US,ORD,OKC,,0,ER4,1114.058496569862
AA1652,AA,ORD,OMA,Y,0,E75 ER4 CR7,667.8847593393192
UA1593,UA,ORD,OMA,,0,319 73G 738,667.8847593393192
US1377,US,ORD,OMA,,0,CR7,667.8847593393192
UA1594,UA,ORD,ORF,Y,0,CRJ ER4 ERJ CR7,1151.6486133791325
AA1653,AA,ORD,PBI,,0,M83 738 M80,1843.693251210265
US1378,US,ORD,PBI,,0,M83 M80,1843.693251210265
AA1654,AA,ORD,PDX,,0,738,2791.655665219961
AS0285,AS,ORD,PDX,,0,73G,2791.655665219961
UA1596,UA,ORD,PDX,,0,739 738 320 752 319,2791.655665219961
US1379,US,ORD,PDX,,0,738,2791.655665219961
AA1656,AA,ORD,PHL,,0,320 321 319 E90,1088.3236994509068
UA1598,UA,ORD,PHL,,0,320 738 739 752 73G,1088.3236994509068
US1381,US,ORD,PHL,,0,320 321 319 E90,1088.3236994509068
AA1657,AA,ORD,PHX,,0,321 738 M83 320 M80,2312.8844820464874
UA1599,UA,ORD,PHX,,0,752 320 739 738,2312.8844820464874
US1382,US,ORD,PHX,,0,321 738 M83 320 M80,2312.8844820464874
AA1659,AA,ORD,PIT,Y,0,E75 CR7 ER4,662.2322758634543
UA1601,UA,ORD,PIT,,0,738 319 320 739,662.2322758634543
US1384,US,ORD,PIT,,0,CR7 ER4 E75,662.2322758634543
UA1602,UA,ORD,PNS,Y,0,ERJ,1281.002234018695
AA1660,AA,ORD,PSP,,0,M83,2653.027253770833
US1385,US,ORD,PSP,,0,M83,2653.027253770833
UA1605,UA,ORD,PVD,,0,320,1363.0868652253205
UA1608,UA,ORD,PWM,Y,0,CR7 ERJ,1444.4302957602547
AA1663,AA,ORD,RDU,,0,738 M80 M83,1039.1466109920589
UA1610,UA,ORD,RDU,,0,73G 738,1039.1466109920589
US1388,US,ORD,RDU,,0,738 M80 M83,1039.1466109920589
AA1664,AA,ORD,RIC,Y,0,ERD,1031.6446922793955
UA1611,UA,ORD,RIC,,0,319,1031.6446922793955
US1389,US,ORD,RIC,,0,ERD,1031.6446922793955
AA1665,AA,ORD,RNO,,0,738,2683.0729622268123
US1390,US,ORD,RNO,,0,738,2683.0729622268123
AA1666,AA,ORD,ROC,Y,0,ERD ER4,847.1962649642244
UA1613,UA,ORD,ROC,,0,738 320 319,847.1962649642244
US1391,US,ORD,ROC,,0,ER4,847.1962649642244
AA1668,AA,ORD,RSW,,0,M80 738,1806.6542403758942
NK0203,NK,ORD,RSW,,0,319,1806.6542403758942
UA1614,UA,ORD,RSW,,0,738 320,1806.6542403758942
US1393,US,ORD,RSW,,0,M80 738,1806.6542403758942
AA1669,AA,ORD,SAN,,0,738,2768.0677561106972
AS0286,AS,ORD,SAN,Y,0,738,2768.0677561106972
UA1615,UA,ORD,SAN,,0,73G 320 738 739 319,2768.0677561106972
US1394,US,ORD,SAN,,0,738,2768.0677561106972
AA1670,AA,ORD,SAT,Y,0,CR7 E75,1677.4242851978365
UA1616,UA,ORD,SAT,Y,0,CR7 E70,1677.4242851978365
US1395,US,ORD,SAT,Y,0,CR7 E75,1677.4242851978365
UA1617,UA,ORD,SAV,Y,0,CR7 ERJ CRJ,1245.6406795255825
AA1671,AA,ORD,SDF,Y,0,ERD ER4 E75,461.88226406767916
UA1620,UA,ORD,SDF,Y,0,ERJ CRJ E70,461.88226406767916
US1396,US,ORD,SDF,,0,ER4 E75,461.88226406767916
AA1672,AA,ORD,SEA,,0,738,2761.847858516748
AS0287,AS,ORD,SEA,,0,73H 739 73J,2761.847858516748
UA1621,UA,ORD,SEA,,0,320 752 738 739,2761.847858516748
US1397,US,ORD,SEA,,0,738,2761.847858516748
AA1673,AA,ORD,SFO,,0,738,2963.9172816952487
AS0288,AS,ORD,SFO,Y,0,738,2963.9172816952487
UA1622,UA,ORD,SFO,,0,752 739 320 738 753 319 777,2963.9172816952487
US1398,US,ORD,SFO,,0,738,2963.9172816952487
VX0038,VX,ORD,SFO,,0,320,2963.9172816952487
AA1675,AA,ORD,SJC,,0,738,2937.135568915914
US1400,US,ORD,SJC,,0,738,2937.135568915914
AA1678,AA,ORD,SLC,Y,0,E75 CR7,2006.2984626718442
DL1538,DL,ORD,SLC,Y,0,E75 CR9,2006.2984626718442
UA1627,UA,ORD,SLC,Y,0,CR7 E70,2006.2984626718442
US1403,US,ORD,SLC,Y,0,E75 CR7,2006.2984626718442
UA1628,UA,ORD,SMF,,0,319 739 320,2859.794252875391
AA1679,AA,ORD,SNA,,0,738,2772.0631444276883
UA1629,UA,ORD,SNA,,0,73G 752 319,2772.0631444276883
US1404,US,ORD,SNA,,0,738,2772.0631444276883
UA1631,UA,ORD,SRQ,,0,738 319 320,1692.89650236951
AA1680,AA,ORD,STL,,0,M80 M83 738,415.4186613857083
UA1633,UA,ORD,STL,Y,0,CR7 ERJ ER4,415.4186613857083
US1405,US,ORD,STL,,0,M80 M83 738,415.4186613857083
AA1682,AA,ORD,SYR,Y,0,CR7 ER4,973.9030574029567
UA1636,UA,ORD,SYR,Y,0,ER4 ERJ CR7 CRJ,973.9030574029567
US1407,US,ORD,SYR,,0,ER4 CR7,973.9030574029567
AA1684,AA,ORD,TPA,,0,M83 738 M80,1631.254661232574
NK0204,NK,ORD,TPA,,0,319,1631.254661232574
UA1637,UA,ORD,TPA,,0,739 73G 320 738,1631.254661232574
US1409,US,ORD,TPA,,0,M83 738 M80,1631.254661232574
AA1685,AA,ORD,TUL,,0,738,941.4373544799603
UA1638,UA,ORD,TUL,Y,0,ERJ CRJ CR7,941.4373544799603
US1410,US,ORD,TUL,Y,0,ER4 738,941.4373544799603
AA1686,AA,ORD,TUS,,0,M83 M80,2309.330307547249
US1411,US,ORD,TUS,,0,M83 M80,2309.330307547249
AA1689,AA,ORD,TYS,Y,0,ERD ER4,764.5489012290797
UA1640,UA,ORD,TYS,Y,0,ERJ,764.5489012290797
US1413,US,ORD,TYS,,0,ER4,764.5489012290797
AF0869,AF,ORF,ATL,Y,0,M88 M90 319,829.7562609010348
AS0289,AS,ORF,ATL,Y,0,M90 M88 319,829.7562609010348
AZ0685,AZ,ORF,ATL,Y,0,M88 M90 319,829.7562609010348
DL1541,DL,ORF,ATL,,0,M90 M88 319,829.7562609010348
FL0537,FL,ORF,ATL,,0,717,829.7562609010348
KL0696,KL,ORF,ATL,Y,0,M90 M88 319,829.7562609010348
WN0820,WN,ORF,ATL,Y,0,717,829.7562609010348
FL0538,FL,ORF,BWI,Y,0,73W,256.8117616692893
WN0821,WN,ORF,BWI,,0,73W,256.8117616692893
AA1696,AA,ORF,CLT,,0,319,465.4157959499869
US1418,US,ORF,CLT,,0,319 CR7,465.4157959499869
AA1697,AA,ORF,DCA,,0,DH3,229.63814276757392
US1419,US,ORF,DCA,,0,CRJ,229.63814276757392
AA1698,AA,ORF,DFW,,0,M80 M83,1947.384650118637
US1420,US,ORF,DFW,,0,M80 M83,1947.384650118637
DL1542,DL,ORF,DTW,,0,ERJ,851.3317020215908
UA1656,UA,ORF,EWR,Y,0,DH3 DH4 DH2,457.07270276662365
UA1657,UA,ORF,IAD,Y,0,ER4 CRJ ERJ DH4 CR7,253.0411449034569
UA1658,UA,ORF,IAH,Y,0,ERJ,1930.5204357894693
AA1699,AA,ORF,JFK,Y,0,ER4,466.21837645723684
DL1543,DL,ORF,JFK,,0,ERJ,466.21837645723684
US1421,US,ORF,JFK,,0,ER4,466.21837645723684
AA1700,AA,ORF,LGA,Y,0,ERD,476.38176395175816
DL1544,DL,ORF,LGA,Y,0,CR7,476.38176395175816
US1422,US,ORF,LGA,,0,ERD,476.38176395175816
DL1545,DL,ORF,MCO,Y,0,CR7,1055.3886537510778
FL0539,FL,ORF,MCO,Y,0,73W 73C,1055.3886537510778
WN0822,WN,ORF,MCO,,0,73C 73W,1055.3886537510778
FL0540,FL,ORF,MDW,Y,0,73W,1131.1058355175182
WN0823,WN,ORF,MDW,,0,73W,1131.1058355175182
AA1701,AA,ORF,MIA,Y,0,ER4,1293.4358757956456
US1423,US,ORF,MIA,,0,ER4,1293.4358757956456
DL1546,DL,ORF,MSP,Y,0,CR7,1678.7678068089388
UA1659,UA,ORF,ORD,Y,0,CR7 ERJ CRJ ER4,1151.6486133791325
AA1702,AA,ORF,PHL,,0,DH3,341.38277945893225
US1424,US,ORF,PHL,,0,CRJ,341.38277945893225
AF0905,AF,PBI,ATL,Y,0,M90 757,877.9982483981535
AS0293,AS,PBI,ATL,Y,0,M90 757 M88,877.9982483981535
AZ0698,AZ,PBI,ATL,Y,0,757 M90,877.9982483981535
DL1551,DL,PBI,ATL,,0,M90 757 M88,877.9982483981535
FL0541,FL,PBI,ATL,Y,0,73W 733,877.9982483981535
KL0700,KL,PBI,ATL,Y,0,M90 757,877.9982483981535
VS0167,VS,PBI,ATL,Y,0,757 M90,877.9982483981535
WN0824,WN,PBI,ATL,,0,73W 733,877.9982483981535
B60292,B6,PBI,BDL,,0,E90,1825.8128935371917
B60293,B6,PBI,BOS,,0,320 E90,1929.1491262877364
WN0825,WN,PBI,BWI,,0,73W 733,1425.0979864115475
UA1666,UA,PBI,CLE,Y,0,ERJ,1645.5858047957179
AA1711,AA,PBI,CLT,,0,737 320 319,952.0052991469939
US1428,US,PBI,CLT,,0,734 320 319,952.0052991469939
AA1712,AA,PBI,DCA,Y,0,E75 E70,1382.7452841205513
US1429,US,PBI,DCA,Y,0,E75 E70,1382.7452841205513
AA1713,AA,PBI,DFW,,0,738,1772.1194066373262
US1430,US,PBI,DFW,,0,738,1772.1194066373262
DL1552,DL,PBI,DTW,,0,M90 320,1752.193213702559
B60294,B6,PBI,EWR,,0,320,1649.9994647123565
UA1668,UA,PBI,EWR,,0,73G 739 738 319 320 752,1649.9994647123565
UA1669,UA,PBI,IAH,,0,320,1535.3040167064835
B60296,B6,PBI,JFK,,0,320 E90,1657.0916832264684
AA1714,AA,PBI,LAX,,0,738,3742.712013101867
US1431,US,PBI,LAX,Y,0,738,3742.712013101867
AA1715,AA,PBI,LGA,,0,738,1668.2979556592202
B60297,B6,PBI,LGA,,0,320 E90,1668.2979556592202
DL1553,DL,PBI,LGA,,0,319,1668.2979556592202
US1432,US,PBI,LGA,,0,738,1668.2979556592202
AA1716,AA,PBI,ORD,,0,M83 738 M80,1843.693251210265
US1433,US,PBI,ORD,,0,M83 738 M80,1843.693251210265
AA1717,AA,PBI,PHL,,0,E90 319,1533.6951601259077
US1434,US,PBI,PHL,,0,E90 319,1533.6951601259077
3M0050,3M,PBI,TPA,,0,SF3,280.4016576212992
UA1671,UA,PBI,TPA,Y,0,SF3,280.4016576212992
WN0827,WN,PDX,ABQ,,0,733 73C,1786.6783717758115
AS0294,AS,PDX,ANC,,0,73H 734 73J 73G,2476.846480208212
AF0906,AF,PDX,ATL,Y,0,739 738 73H,3489.161265042944
AS0295,AS,PDX,ATL,,0,73J,3489.161265042944
DL1555,DL,PDX,ATL,,0,739 738 73H,3489.161265042944
KL0703,KL,PDX,ATL,Y,0,739 738 73H,3489.161265042944
AS0298,AS,PDX,BOI,Y,0,DH4 CR7,552.6239123848075
AA1718,AA,PDX,BOS,Y,0,737,4072.218161665624
AS0299,AS,PDX,BOS,,0,73H,4072.218161665624
B60299,B6,PDX,BOS,,0,320,4072.218161665624
AA1719,AA,PDX,BUR,Y,0,CR7,1316.1904054093277
AS0300,AS,PDX,BUR,Y,0,CR7,1316.1904054093277
AA1720,AA,PDX,CLT,,0,320,3664.493712165759
US1435,US,PDX,CLT,,0,320,3664.493712165759
AA1721,AA,PDX,DCA,Y,0,737,3773.2264626905053
AS0301,AS,PDX,DCA,,0,73H,3773.2264626905053
F90162,F9,PDX,DEN,,0,320 319,1592.207236455372
FL0542,FL,PDX,DEN,Y,0,73W,1592.207236455372
UA1672,UA,PDX,DEN,,0,739 738 752 320 73G,1592.207236455372
WN0828,WN,PDX,DEN,,0,73W 73H,1592.207236455372
AA1722,AA,PDX,DFW,,0,M83,2597.0509369247943
AS0302,AS,PDX,DFW,,0,73J,2597.0509369247943
NK0208,NK,PDX,DFW,,0,320,2597.0509369247943
US1436,US,PDX,DFW,,0,M83,2597.0509369247943
AS0303,AS,PDX,DTW,Y,0,739,3134.8626067934133
DL1556,DL,PDX,DTW,,0,739,3134.8626067934133
UA1674,UA,PDX,EWR,,0,739 319 738,3906.5348770874343
AS0305,AS,PDX,FAT,Y,0,DH4,1008.9672703768462
AS0306,AS,PDX,GEG,Y,0,DH4,447.83388343308
AS0307,AS,PDX,HNL,,0,73H,4188.429171187936
HA0060,HA,PDX,HNL,,0,332,4188.429171187936
UA1675,UA,PDX,IAD,,0,752 320,3736.248940726714
UA1676,UA,PDX,IAH,,0,319 739 320 738,2933.724171683485
B60300,B6,PDX,JFK,,0,320,3938.8503728353203
DL1557,DL,PDX,JFK,,0,73H 752 757,3938.8503728353203
AS0308,AS,PDX,LAS,,0,73H 73G,1227.353108383415
NK0209,NK,PDX,LAS,,0,319,1227.353108383415
WN0829,WN,PDX,LAS,,0,73W 73H,1227.353108383415
AA1723,AA,PDX,LAX,Y,0,737,1343.0896422516598
AS0309,AS,PDX,LAX,,0,734 73H 73G 739 73J,1343.0896422516598
DL1558,DL,PDX,LAX,Y,0,CR7 CR9,1343.0896422516598
UA1677,UA,PDX,LAX,Y,0,CR7 CRJ,1343.0896422516598
AA1724,AA,PDX,LGB,Y,0,CR7,1362.610845831266
AS0310,AS,PDX,LGB,Y,0,CR7,1362.610845831266
B60301,B6,PDX,LGB,,0,320,1362.610845831266
WN0830,WN,PDX,MCI,,0,733,2378.582330292479
FL0543,FL,PDX,MDW,Y,0,73H,2810.9334496475067
WN0831,WN,PDX,MDW,,0,73H 73W,2810.9334496475067
DL1559,DL,PDX,MSP,,0,M90 753 738,2288.7408735594095
AA1725,AA,PDX,OAK,Y,0,DH4,875.5068865042713
AS0313,AS,PDX,OAK,Y,0,DH4,875.5068865042713
FL0544,FL,PDX,OAK,Y,0,73C 73W,875.5068865042713
WN0832,WN,PDX,OAK,,0,73W 73C 733,875.5068865042713
AS0314,AS,PDX,OGG,,0,73H,4122.520054169441
FL0545,FL,PDX,OKC,Y,0,733,2384.697816140252
AA1726,AA,PDX,ONT,Y,0,CR7,1350.7995651445883
AS0315,AS,PDX,ONT,Y,0,CR7,1350.7995651445883
AA1727,AA,PDX,ORD,,0,738,2791.655665219961
AS0316,AS,PDX,ORD,,0,73G,2791.655665219961
UA1679,UA,PDX,ORD,,0,320 319 752 738 739,2791.655665219961
US1437,US,PDX,ORD,,0,738,2791.655665219961
AA1728,AA,PDX,PHL,,0,320,3862.553750067933
US1438,US,PDX,PHL,,0,320,3862.553750067933
AA1729,AA,PDX,PHX,,0,321 320 319,1625.2780283744178
AS0317,AS,PDX,PHX,,0,734 73G 73H,1625.2780283744178
US1439,US,PDX,PHX,,0,321 320 319,1625.2780283744178
WN0833,WN,PDX,PHX,,0,733 73W 73C,1625.2780283744178
AS0319,AS,PDX,PSP,,0,734 73J,1406.45115666438
AS0321,AS,PDX,RNO,Y,0,DH4,715.5954858250046
WN0834,WN,PDX,RNO,,0,73W,715.5954858250046
AA1730,AA,PDX,SAN,Y,0,737,1502.6140356539086
AS0322,AS,PDX,SAN,,0,73G 73H 734 73J 739,1502.6140356539086
NK0210,NK,PDX,SAN,,0,319,1502.6140356539086
AS0324,AS,PDX,SEA,Y,0,DH4 CR7,207.90695279699517
UA1681,UA,PDX,SEA,Y,0,EM2,207.90695279699517
AA1731,AA,PDX,SFO,Y,0,DH4 737,886.2936969999109
AS0325,AS,PDX,SFO,,0,734 73G,886.2936969999109
UA1682,UA,PDX,SFO,,0,319 739 320,886.2936969999109
VX0039,VX,PDX,SFO,,0,320,886.2936969999109
AA1732,AA,PDX,SJC,Y,0,737 DH4,916.402683122361
AS0326,AS,PDX,SJC,,0,734 73G 73H,916.402683122361
WN0835,WN,PDX,SJC,,0,73W 733,916.402683122361
AS0327,AS,PDX,SLC,Y,0,757 320 73H,1011.5947749370828
DL1561,DL,PDX,SLC,,0,757 320 73H,1011.5947749370828
WN0836,WN,PDX,SLC,,0,73C 73W,1011.5947749370828
AS0328,AS,PDX,SMF,Y,0,DH4,770.9646872240071
WN0837,WN,PDX,SMF,,0,73W 733 73C,770.9646872240071
AA1733,AA,PDX,SNA,Y,0,737,1384.5813874244352
AS0329,AS,PDX,SNA,,0,73G,1384.5813874244352
AS0331,AS,PDX,TUS,Y,0,CR7,1802.4515142391845
AA1745,AA,PHL,ALB,,0,DH3,341.6749254408915
US1449,US,PHL,ALB,Y,0,DH8 E75 CRJ,341.6749254408915
AA1749,AA,PHL,ATL,Y,0,E90 319 CRJ,1071.593010340624
AF0910,AF,PHL,ATL,Y,0,M90 320 738 73H,1071.593010340624
AM0334,AM,PHL,ATL,Y,0,M88 757 M90,1071.593010340624
AZ0700,AZ,PHL,ATL,Y,0,M88 M90 738,1071.593010340624
DL1566,DL,PHL,ATL,,0,M88 M90 757 320 738 73H,1071.593010340624
FL0546,FL,PHL,ATL,,0,717,1071.593010340624
KL0707,KL,PHL,ATL,Y,0,M90 320 M88 73H,1071.593010340624
US1453,US,PHL,ATL,,0,E90 319,1071.593010340624
WN0838,WN,PHL,ATL,Y,0,717,1071.593010340624
AA1751,AA,PHL,AUS,,0,319 E90,2298.2805339830884
US1455,US,PHL,AUS,,0,319 E90,2298.2805339830884
AA1755,AA,PHL,BDL,,0,DH3 E90,314.3662361591209
US1459,US,PHL,BDL,,0,E90,314.3662361591209
AA1758,AA,PHL,BHM,Y,0,CRJ,1241.1630567588825
US1462,US,PHL,BHM,,0,CRJ,1241.1630567588825
AA1759,AA,PHL,BNA,Y,0,CRJ E75 E70,1084.3004778676705
US1463,US,PHL,BNA,,0,CRJ,1084.3004778676705
WN0839,WN,PHL,BNA,,0,73W 73C,1084.3004778676705
AA1760,AA,PHL,BOS,,0,E90 319 321 320,449.80961140491615
B60302,B6,PHL,BOS,,0,E90,449.80961140491615
US1464,US,PHL,BOS,,0,E90 319 321 320,449.80961140491615
AA1763,AA,PHL,BUF,,0,DH3,448.46551268329085
US1467,US,PHL,BUF,Y,0,DH8 CRJ E75 E70,448.46551268329085
AA1764,AA,PHL,BWI,,0,DH3 319 E90,144.85228384632325
US1468,US,PHL,BWI,,0,319 E90,144.85228384632325
AA1769,AA,PHL,CHS,Y,0,E75 CRJ,886.2436617865325
US1473,US,PHL,CHS,,0,CRJ,886.2436617865325
AA1770,AA,PHL,CLE,Y,0,CRJ E70 CR9 E75,583.1229398452522
US1474,US,PHL,CLE,Y,0,CRJ E70 CR9 E75,583.1229398452522
AA1771,AA,PHL,CLT,,0,757 321 E90 737 767 332 319 320,721.4732795846531
US1475,US,PHL,CLT,,0,752 321 E90 734 762 332 319 320,721.4732795846531
AA1772,AA,PHL,CMH,Y,0,CRJ E75 E70,652.2682162007293
US1476,US,PHL,CMH,Y,0,CRJ E75 E70,652.2682162007293
AA1774,AA,PHL,CVG,,0,CRJ,814.0505513419408
DL1568,DL,PHL,CVG,,0,ERJ,814.0505513419408
US1478,US,PHL,CVG,,0,CRJ,814.0505513419408
AA1776,AA,PHL,DCA,,0,CRJ DH3 319 E90,191.60509979373919
US1480,US,PHL,DCA,,0,CRJ 319 E90,191.60509979373919
AA1777,AA,PHL,DEN,,0,321 320,2500.4885216606663
FL0547,FL,PHL,DEN,Y,0,73W,2500.4885216606663
UA1695,UA,PHL,DEN,,0,738 319 739 752 320,2500.4885216606663
US1481,US,PHL,DEN,,0,321 320,2500.4885216606663
WN0840,WN,PHL,DEN,,0,73W,2500.4885216606663
AA1778,AA,PHL,DFW,,0,M83 319 320 738 M80 E90 757,2092.8767085254503
NK0211,NK,PHL,DFW,,0,320,2092.8767085254503
US1482,US,PHL,DFW,,0,M83 319 320 738 M80 E90 752,2092.8767085254503
AA1780,AA,PHL,DTW,,0,E90 320 319,728.1300876590828
DL1569,DL,PHL,DTW,,0,M88 M90 319 73H 320,728.1300876590828
US1483,US,PHL,DTW,,0,E90 320 319,728.1300876590828
AA1784,AA,PHL,EWR,,0,DH3,128.49043649243382
US1487,US,PHL,EWR,Y,0,CRJ DH8,128.49043649243382
AA1786,AA,PHL,FLL,,0,320 319,1600.627513305661
FL0548,FL,PHL,FLL,Y,0,73W,1600.627513305661
US1489,US,PHL,FLL,,0,320 319,1600.627513305661
WN0841,WN,PHL,FLL,,0,73W,1600.627513305661
AA1790,AA,PHL,GSO,Y,0,CRJ E75,587.4953525444262
US1493,US,PHL,GSO,Y,0,CRJ E75,587.4953525444262
UA1696,UA,PHL,IAD,Y,0,ER4,216.41218657824376
AA1794,AA,PHL,IAH,,0,E90,2129.4835390978096
UA1697,UA,PHL,IAH,,0,320 73G 738 739 319,2129.4835390978096
US1497,US,PHL,IAH,,0,E90,2129.4835390978096
AA1796,AA,PHL,IND,,0,E90 319,943.904232338982
US1499,US,PHL,IND,,0,E90 319,943.904232338982
AA1800,AA,PHL,JAX,,0,E90,1195.395887334033
US1503,US,PHL,JAX,,0,E90,1195.395887334033
DL1570,DL,PHL,JFK,,0,ERJ,150.56836135785983
AA1801,AA,PHL,LAS,,0,321 320,3494.279417936387
NK0212,NK,PHL,LAS,,0,320,3494.279417936387
US1504,US,PHL,LAS,,0,321 320,3494.279417936387
WN0842,WN,PHL,LAS,,0,73W,3494.279417936387
AA1802,AA,PHL,LAX,,0,321 320,3856.3149447796695
US1505,US,PHL,LAX,,0,321 320,3856.3149447796695
VX0040,VX,PHL,LAX,,0,320 319,3856.3149447796695
AA1803,AA,PHL,LGA,,0,DH3 E90 319,153.59458925241756
US1506,US,PHL,LGA,,0,E90 319,153.59458925241756
AA1809,AA,PHL,MCI,Y,0,E70 E75 CRJ,1666.5955408343998
US1512,US,PHL,MCI,Y,0,E70 E75 CRJ,1666.5955408343998
AA1810,AA,PHL,MCO,,0,767 321 757 320 332,1388.5555435959752
FL0550,FL,PHL,MCO,Y,0,73W 73C,1388.5555435959752
US1513,US,PHL,MCO,,0,762 321 752 320 332,1388.5555435959752
WN0843,WN,PHL,MCO,,0,73W 73C 733,1388.5555435959752
FL0551,FL,PHL,MDW,Y,0,73W 73H,1072.9347258379019
WN0844,WN,PHL,MDW,,0,73H 73W,1072.9347258379019
AA1813,AA,PHL,MIA,,0,738 321 757 320,1633.9163991764217
US1516,US,PHL,MIA,,0,738 321 752 320,1633.9163991764217
AA1814,AA,PHL,MKE,Y,0,CRJ,1108.139826280461
US1517,US,PHL,MKE,Y,0,CRJ,1108.139826280461
AA1815,AA,PHL,MSP,,0,E90 319,1574.365602053163
DL1571,DL,PHL,MSP,,0,M90 320,1574.365602053163
US1518,US,PHL,MSP,,0,E90 319,1574.365602053163
AA1816,AA,PHL,MSY,Y,0,319 E90 E75,1751.354010211927
US1519,US,PHL,MSY,,0,319 E90,1751.354010211927
AA1818,AA,PHL,MYR,,0,CRJ,762.6549434780823
NK0213,NK,PHL,MYR,,0,320,762.6549434780823
US1521,US,PHL,MYR,Y,0,CRJ E75,762.6549434780823
AA1820,AA,PHL,ORD,,0,320 319 321 E90,1088.3236994509068
UA1698,UA,PHL,ORD,,0,320 738 739 752 73G 319,1088.3236994509068
US1523,US,PHL,ORD,,0,320 319 321 E90,1088.3236994509068
AA1821,AA,PHL,ORF,,0,DH3,341.38277945893225
US1524,US,PHL,ORF,Y,0,DH8 CRJ E70,341.38277945893225
AA1822,AA,PHL,PBI,,0,319 E90,1533.6951601259077
US1525,US,PHL,PBI,,0,319 E90,1533.6951601259077
AA1823,AA,PHL,PDX,,0,320,3862.553750067933
US1526,US,PHL,PDX,,0,320,3862.553750067933
AA1825,AA,PHL,PHX,,0,321 757,3332.2603006500217
FL0552,FL,PHL,PHX,Y,0,73H,3332.2603006500217
US1528,US,PHL,PHX,,0,321 752,3332.2603006500217
WN0845,WN,PHL,PHX,,0,73W,3332.2603006500217
AA1826,AA,PHL,PIT,,0,319 E90 320,429.5684524900179
US1529,US,PHL,PIT,,0,319 E90 320,429.5684524900179
AA1829,AA,PHL,PVD,,0,E90 DH3,381.52803052424997
US1532,US,PHL,PVD,,0,E90,381.52803052424997
AA1830,AA,PHL,PWM,,0,E90,585.8526586523853
US1533,US,PHL,PWM,,0,E90,585.8526586523853
AA1831,AA,PHL,RDU,,0,319 E90,542.1430891783874
DL1572,DL,PHL,RDU,Y,0,ERJ,542.1430891783874
US1534,US,PHL,RDU,,0,319 E90,542.1430891783874
AA1832,AA,PHL,RIC,,0,DH3,319.04343241078516
US1535,US,PHL,RIC,Y,0,DH8 CR9 CRJ,319.04343241078516
AA1834,AA,PHL,ROC,,0,DH3,413.90985089202314
US1537,US,PHL,ROC,Y,0,DH8 CRJ E70 E75,413.90985089202314
AA1835,AA,PHL,RSW,,0,319 E90 320,1600.7873902055153
US1538,US,PHL,RSW,,0,319 E90 320,1600.7873902055153
WN0846,WN,PHL,RSW,,0,73C 733,1600.7873902055153
AA1836,AA,PHL,SAN,,0,320,3805.9474733864513
US1539,US,PHL,SAN,,0,320,3805.9474733864513
AA1837,AA,PHL,SAT,,0,E90,2404.2453733751595
US1540,US,PHL,SAT,,0,E90,2404.2453733751595
AA1838,AA,PHL,SAV,Y,0,E75 E70 CRJ,1013.8388673015487
US1541,US,PHL,SAV,Y,0,E75 E70 CRJ,1013.8388673015487
AA1841,AA,PHL,SDF,Y,0,CRJ CR9,925.4997907140965
US1544,US,PHL,SDF,Y,0,CRJ CR9,925.4997907140965
AA1843,AA,PHL,SEA,,0,320 321,3817.7597575846166
AS0333,AS,PHL,SEA,,0,73J 73H,3817.7597575846166
US1546,US,PHL,SEA,,0,320 321,3817.7597575846166
AA1844,AA,PHL,SFO,,0,320 321,4047.7050628259917
UA1699,UA,PHL,SFO,,0,739 738 319 752,4047.7050628259917
US1547,US,PHL,SFO,,0,320 321,4047.7050628259917
VX0041,VX,PHL,SFO,,0,319,4047.7050628259917
AA1846,AA,PHL,SLC,,0,320,3092.9602247057924
DL1573,DL,PHL,SLC,,0,320,3092.9602247057924
US1549,US,PHL,SLC,,0,320,3092.9602247057924
AA1847,AA,PHL,STL,,0,CRJ,1306.006436362642
US1550,US,PHL,STL,Y,0,CRJ E70 E75,1306.006436362642
WN0847,WN,PHL,STL,,0,73W 73C,1306.006436362642
AA1851,AA,PHL,SYR,,0,DH3,367.32543511608344
US1554,US,PHL,SYR,Y,0,DH8 CRJ E75 E70,367.32543511608344
AA1853,AA,PHL,TPA,,0,321 320 319 737,1482.7372257573602
US1556,US,PHL,TPA,,0,321 320 319 734,1482.7372257573602
WN0848,WN,PHL,TPA,,0,73W 733,1482.7372257573602
AA1854,AA,PHL,TYS,Y,0,CRJ,890.8034151333267
US1557,US,PHL,TYS,,0,CRJ,890.8034151333267
AA1862,AA,PHX,ABQ,Y,0,CR9 CRJ,527.143267559793
FL0553,FL,PHX,ABQ,Y,0,73W,527.143267559793
US1565,US,PHX,ABQ,Y,0,CR9 CRJ,527.143267559793
WN0849,WN,PHX,ABQ,,0,73W 735 73C 733,527.143267559793
AA1863,AA,PHX,ANC,,0,320,4101.718395278501
US1566,US,PHX,ANC,,0,320,4101.718395278501
AA1864,AA,PHX,ATL,Y,0,321 320,2548.505435904767
AF0912,AF,PHX,ATL,Y,0,757 739,2548.505435904767
AZ0701,AZ,PHX,ATL,Y,0,757 739,2548.505435904767
DL1574,DL,PHX,ATL,,0,757 739,2548.505435904767
FL0554,FL,PHX,ATL,Y,0,73W,2548.505435904767
KL0708,KL,PHX,ATL,Y,0,757,2548.505435904767
US1567,US,PHX,ATL,,0,321 320,2548.505435904767
VS0170,VS,PHX,ATL,Y,0,757 739,2548.505435904767
WN0850,WN,PHX,ATL,,0,73W,2548.505435904767
AA1865,AA,PHX,AUS,,0,319 CR9,1400.982539239055
US1568,US,PHX,AUS,,0,319,1400.982539239055
WN0851,WN,PHX,AUS,,0,73C 73W 733,1400.982539239055
WN0852,WN,PHX,BNA,,0,73C 73W,2325.752327663065
AA1867,AA,PHX,BOI,,0,319,1184.1429113759275
US1570,US,PHX,BOI,,0,319,1184.1429113759275
WN0853,WN,PHX,BOI,,0,73W,1184.1429113759275
AA1868,AA,PHX,BOS,,0,320 319,3692.993292677683
B60303,B6,PHX,BOS,,0,320,3692.993292677683
US1571,US,PHX,BOS,,0,320 319,3692.993292677683
WN0854,WN,PHX,BUF,,0,73W,3070.165970889619
AA1869,AA,PHX,BUR,Y,0,CR9 CRJ,592.8867980819748
US1572,US,PHX,BUR,Y,0,CR9 CRJ,592.8867980819748
WN0855,WN,PHX,BUR,,0,73W,592.8867980819748
AA1870,AA,PHX,BWI,,0,321 319 320,3209.1703126993984
US1573,US,PHX,BWI,,0,321 319 320,3209.1703126993984
WN0856,WN,PHX,BWI,,0,73W,3209.1703126993984
UA1701,UA,PHX,CLE,,0,320 738 319,2790.2058090224846
AA1871,AA,PHX,CLT,,0,321 320,2847.806400538932
US1574,US,PHX,CLT,,0,321 320,2847.806400538932
AA1872,AA,PHX,CMH,,0,320 319,2682.2756828368074
US1575,US,PHX,CMH,,0,320 319,2682.2756828368074
WN0857,WN,PHX,CMH,,0,73W,2682.2756828368074
AA1874,AA,PHX,DCA,,0,757 320 319,3177.1508561670894
US1577,US,PHX,DCA,,0,752 320 319,3177.1508561670894
AA1875,AA,PHX,DEN,,0,320 321,967.9067904649789
F90167,F9,PHX,DEN,,0,319 320,967.9067904649789
FL0555,FL,PHX,DEN,Y,0,73H 73W 73C,967.9067904649789
NK0214,NK,PHX,DEN,,0,320 319,967.9067904649789
UA1702,UA,PHX,DEN,,0,738 752 739 320,967.9067904649789
US1578,US,PHX,DEN,,0,320 321,967.9067904649789
WN0858,WN,PHX,DEN,,0,73W 73H 73C 733,967.9067904649789
AA1876,AA,PHX,DFW,,0,M80 M83 319 738 321 320,1393.2969949314456
NK0215,NK,PHX,DFW,,0,320 319,1393.2969949314456
US1579,US,PHX,DFW,,0,M83 319 738 321 M80 320,1393.2969949314456
AA1878,AA,PHX,DSM,,0,319,1847.1142347655298
US1581,US,PHX,DSM,,0,319,1847.1142347655298
AA1879,AA,PHX,DTW,,0,321 319,2683.433346779436
DL1575,DL,PHX,DTW,,0,757 320 753,2683.433346779436
US1582,US,PHX,DTW,,0,321 319,2683.433346779436
WN0859,WN,PHX,DTW,,0,73W,2683.433346779436
AA1880,AA,PHX,ELP,Y,0,CR9 CRJ,557.3120628105846
US1583,US,PHX,ELP,Y,0,CR9 CRJ,557.3120628105846
WN0860,WN,PHX,ELP,,0,735 73W 73C,557.3120628105846
AA1881,AA,PHX,EWR,,0,320,3424.6430120670902
UA1703,UA,PHX,EWR,,0,319 739 320 738,3424.6430120670902
US1584,US,PHX,EWR,,0,320,3424.6430120670902
WN0861,WN,PHX,EWR,,0,73W,3424.6430120670902
AA1882,AA,PHX,FAT,Y,0,CR9 CRJ,793.4461283827933
US1585,US,PHX,FAT,Y,0,CR9 CRJ,793.4461283827933
AA1884,AA,PHX,FLL,,0,320 319,3168.3595595478664
FL0556,FL,PHX,FLL,Y,0,73W,3168.3595595478664
US1587,US,PHX,FLL,,0,320 319,3168.3595595478664
WN0862,WN,PHX,FLL,,0,73W,3168.3595595478664
AA1886,AA,PHX,GEG,,0,319,1643.8946335287442
US1589,US,PHX,GEG,,0,319,1643.8946335287442
WN0863,WN,PHX,GEG,,0,73W,1643.8946335287442
AA1888,AA,PHX,HNL,,0,757,4689.346497924426
HA0062,HA,PHX,HNL,,0,763,4689.346497924426
US1592,US,PHX,HNL,,0,752,4689.346497924426
FL0557,FL,PHX,HOU,Y,0,73H 73W,1638.3492487297071
WN0864,WN,PHX,HOU,,0,73W 733 73H 73C,1638.3492487297071
UA1704,UA,PHX,IAD,,0,320 738,3141.0054469978486
AA1889,AA,PHX,IAH,,0,319 321 320,1620.4251096276944
UA1705,UA,PHX,IAH,,0,738 320 739 319 73G,1620.4251096276944
US1593,US,PHX,IAH,,0,319 321 320,1620.4251096276944
AA1890,AA,PHX,IND,,0,320 319,2390.3028726046136
US1594,US,PHX,IND,,0,320 319,2390.3028726046136
WN0865,WN,PHX,IND,,0,73W 73C 733,2390.3028726046136
AA1891,AA,PHX,JFK,,0,321,3457.5225085092743
B60304,B6,PHX,JFK,,0,320,3457.5225085092743
DL1577,DL,PHX,JFK,,0,738 73H,3457.5225085092743
US1595,US,PHX,JFK,,0,321,3457.5225085092743
AA1892,AA,PHX,KOA,,0,757,4597.466855183698
US1596,US,PHX,KOA,,0,752,4597.466855183698
AA1893,AA,PHX,LAS,,0,321 320 319,411.40010767203415
FL0558,FL,PHX,LAS,Y,0,73W 73C,411.40010767203415
US1597,US,PHX,LAS,,0,321 320 319,411.40010767203415
WN0866,WN,PHX,LAS,,0,73W 73C 735,411.40010767203415
AA1894,AA,PHX,LAX,,0,321 319 320,594.9080548964293
AS0334,AS,PHX,LAX,Y,0,CRJ,594.9080548964293
DL1578,DL,PHX,LAX,Y,0,CR9 CR7,594.9080548964293
UA1706,UA,PHX,LAX,Y,0,CR7 CRJ,594.9080548964293
US1598,US,PHX,LAX,,0,321 319 320,594.9080548964293
WN0867,WN,PHX,LAX,,0,73W 73C 733 738,594.9080548964293
AA1895,AA,PHX,LGB,,0,319,570.355491172421
US1599,US,PHX,LGB,,0,319,570.355491172421
AA1897,AA,PHX,LIH,,0,757,4787.637296540701
US1600,US,PHX,LIH,,0,752,4787.637296540701
AA1898,AA,PHX,MCI,,0,319,1676.5133434212203
US1601,US,PHX,MCI,,0,319,1676.5133434212203
WN0869,WN,PHX,MCI,,0,73W 733 738 73C,1676.5133434212203
AA1899,AA,PHX,MCO,,0,320 321,2969.1275631302965
US1602,US,PHX,MCO,,0,320 321,2969.1275631302965
WN0870,WN,PHX,MCO,,0,73W 73H,2969.1275631302965
WN0871,WN,PHX,MDW,,0,73W 73H 738,2319.1076203485477
AA1901,AA,PHX,MIA,,0,738,3167.676699049735
US1604,US,PHX,MIA,,0,738,3167.676699049735
AA1902,AA,PHX,MKE,,0,319,2345.9929139123897
US1605,US,PHX,MKE,,0,319,2345.9929139123897
WN0872,WN,PHX,MKE,,0,73W,2345.9929139123897
AA1904,AA,PHX,MSP,,0,320 321 319,2051.1141160018165
DL1579,DL,PHX,MSP,,0,738 M90 320 757 319,2051.1141160018165
SY0032,SY,PHX,MSP,,0,73G,2051.1141160018165
US1607,US,PHX,MSP,,0,320 321 319,2051.1141160018165
WN0873,WN,PHX,MSP,,0,73W 73H,2051.1141160018165
WN0874,WN,PHX,MSY,,0,73H 73W,2087.799024467896
AA1906,AA,PHX,OAK,,0,319,1038.6147381803132
FL0559,FL,PHX,OAK,Y,0,738,1038.6147381803132
US1609,US,PHX,OAK,,0,319,1038.6147381803132
WN0875,WN,PHX,OAK,,0,733 73C 73W 738 73H,1038.6147381803132
AA1907,AA,PHX,OGG,,0,757,4572.68035166627
US1610,US,PHX,OGG,,0,752,4572.68035166627
WN0876,WN,PHX,OKC,,0,73C 73W,1338.2126358591315
AA1908,AA,PHX,OMA,,0,319,1667.0158650745818
US1611,US,PHX,OMA,,0,319,1667.0158650745818
WN0877,WN,PHX,OMA,,0,73C 73W 733,1667.0158650745818
AA1909,AA,PHX,ONT,,0,319 320,521.8366543419945
FL0560,FL,PHX,ONT,Y,0,73W,521.8366543419945
US1612,US,PHX,ONT,,0,319 320,521.8366543419945
WN0878,WN,PHX,ONT,,0,73W 73C 738,521.8366543419945
AA1910,AA,PHX,ORD,,0,M83 320 321 738,2312.8844820464874
UA1707,UA,PHX,ORD,,0,319 739 738 320 752,2312.8844820464874
US1613,US,PHX,ORD,,0,M83 320 321 738,2312.8844820464874
AA1911,AA,PHX,PDX,,0,319 320 321,1625.2780283744178
AS0335,AS,PHX,PDX,,0,734 73G 73H,1625.2780283744178
FL0561,FL,PHX,PDX,Y,0,73W,1625.2780283744178
US1614,US,PHX,PDX,,0,319 320 321,1625.2780283744178
WN0879,WN,PHX,PDX,,0,73W 73C,1625.2780283744178
AA1912,AA,PHX,PHL,,0,757 321,3332.2603006500217
FL0562,FL,PHX,PHL,Y,0,73W,3332.2603006500217
US1615,US,PHX,PHL,,0,752 321,3332.2603006500217
WN0880,WN,PHX,PHL,,0,73W,3332.2603006500217
AA1913,AA,PHX,PIT,,0,319 320,2912.436197705371
US1616,US,PHX,PIT,,0,319 320,2912.436197705371
WN0881,WN,PHX,PIT,,0,73W,2912.436197705371
AA1914,AA,PHX,PSP,Y,0,CR9 CRJ,418.9860428033451
US1617,US,PHX,PSP,Y,0,CR9 CRJ,418.9860428033451
WN0882,WN,PHX,RDU,,0,73W,3035.9204549611122
AA1916,AA,PHX,RNO,,0,319 320,966.937282539431
US1619,US,PHX,RNO,,0,319 320,966.937282539431
WN0883,WN,PHX,RNO,,0,73W 73H,966.937282539431
AA1917,AA,PHX,SAN,,0,320 321,489.191030015044
FL0563,FL,PHX,SAN,Y,0,73W,489.191030015044
US1620,US,PHX,SAN,,0,320 321,489.191030015044
WN0884,WN,PHX,SAN,,0,73W 733 73C,489.191030015044
AA1918,AA,PHX,SAT,Y,0,CR9,1353.6214884964907
US1621,US,PHX,SAT,Y,0,CR9,1353.6214884964907
WN0885,WN,PHX,SAT,,0,73W 73C,1353.6214884964907
WN0886,WN,PHX,SDF,,0,73W,2418.265430819539
AA1921,AA,PHX,SEA,,0,320 321,1781.9240327374393
AS0336,AS,PHX,SEA,,0,73H 73J 73G 734,1781.9240327374393
US1624,US,PHX,SEA,,0,320 321,1781.9240327374393
WN0887,WN,PHX,SEA,,0,73W 73C 733,1781.9240327374393
AA1922,AA,PHX,SFO,,0,320 321,1046.4982592871797
UA1708,UA,PHX,SFO,,0,320,1046.4982592871797
US1625,US,PHX,SFO,,0,320 321,1046.4982592871797
WN0888,WN,PHX,SFO,,0,73W 733,1046.4982592871797
AA1923,AA,PHX,SJC,,0,319 320,999.1015825392373
FL0564,FL,PHX,SJC,Y,0,73W,999.1015825392373
US1626,US,PHX,SJC,,0,319 320,999.1015825392373
WN0889,WN,PHX,SJC,,0,73W 733 73H 73C,999.1015825392373
AA1925,AA,PHX,SLC,,0,319 321 320,817.6815902280912
DL1580,DL,PHX,SLC,,0,757 320 73H 319,817.6815902280912
US1628,US,PHX,SLC,,0,319 321 320,817.6815902280912
WN0890,WN,PHX,SLC,,0,738 733 73W 73C,817.6815902280912
AA1926,AA,PHX,SMF,,0,319 320 321,1040.3910990174734
US1629,US,PHX,SMF,,0,319 320 321,1040.3910990174734
WN0891,WN,PHX,SMF,,0,73W 733 73H,1040.3910990174734
AA1927,AA,PHX,SNA,,0,319 320 321,543.908477694611
FL0565,FL,PHX,SNA,Y,0,73W,543.908477694611
US1630,US,PHX,SNA,,0,319 320 321,543.908477694611
WN0892,WN,PHX,SNA,,0,73W 73H,543.908477694611
AA1928,AA,PHX,STL,,0,319,2026.2539199309138
US1631,US,PHX,STL,,0,319,2026.2539199309138
WN0893,WN,PHX,STL,,0,73C 733 73W,2026.2539199309138
AA1929,AA,PHX,TPA,,0,320,2872.1927818016497
US1632,US,PHX,TPA,,0,320,2872.1927818016497
WN0894,WN,PHX,TPA,,0,73W,2872.1927818016497
WN0895,WN,PHX,TUL,,0,73W,1501.3636315165445
AA1930,AA,PHX,TUS,Y,0,CR9 CRJ,177.53750036787534
US1633,US,PHX,TUS,Y,0,CR9 CRJ,177.53750036787534
G40255,G4,PIE,DSM,,0,M80,1813.1154682814736
G40260,G4,PIE,GRR,,0,320,1684.0947916622827
G40261,G4,PIE,GSO,,0,320,946.6659865446145
G40276,G4,PIE,SYR,,0,320,1790.65464422185
G40279,G4,PIE,TYS,,0,M80 320,887.1233641799233
AF0916,AF,PIT,ATL,Y,0,M88 CR9 717,847.9783494589549
AM0336,AM,PIT,ATL,Y,0,M88 320,847.9783494589549
AZ0702,AZ,PIT,ATL,Y,0,M88,847.9783494589549
DL1585,DL,PIT,ATL,,0,M88 320  717,847.9783494589549
FL0566,FL,PIT,ATL,,0,717 73G,847.9783494589549
KL0710,KL,PIT,ATL,Y,0,M88 CR9,847.9783494589549
WN0896,WN,PIT,ATL,Y,0,717 73G,847.9783494589549
AA1938,AA,PIT,BDL,Y,0,ER4,651.0395793321483
US1641,US,PIT,BDL,Y,0,ERJ,651.0395793321483
WN0897,WN,PIT,BNA,,0,73C 733 73W,742.626021273162
AA1939,AA,PIT,BOS,Y,0,E70 CRJ,796.291498493368
B60305,B6,PIT,BOS,,0,E90,796.291498493368
US1642,US,PIT,BOS,Y,0,E70 CRJ,796.291498493368
FL0567,FL,PIT,BWI,Y,0,73W 73C,337.6903926523549
WN0898,WN,PIT,BWI,,0,733 73W,337.6903926523549
AA1940,AA,PIT,CLT,,0,319 737 321 320,590.1281374876288
US1643,US,PIT,CLT,,0,319 734 321 320,590.1281374876288
DL1587,DL,PIT,CVG,,0,ERJ,411.52054452031314
AA1941,AA,PIT,DCA,Y,0,E75 E70 CRJ,328.6248001763228
US1644,US,PIT,DCA,Y,0,E75 E70 CRJ,328.6248001763228
UA1714,UA,PIT,DEN,,0,738 320 739,2071.053626874784
WN0899,WN,PIT,DEN,,0,73W,2071.053626874784
AA1942,AA,PIT,DFW,,0,M80,1715.7082916978563
US1645,US,PIT,DFW,,0,M80,1715.7082916978563
WN0900,WN,PIT,DFW,Y,0,717,1715.7082916978563
DL1588,DL,PIT,DTW,,0,M88 ERJ 320 CR7,323.280089559844
UA1715,UA,PIT,EWR,,0,DH4,512.271410554964
WN0901,WN,PIT,FLL,,0,73W,1603.3258726268389
WN0902,WN,PIT,HOU,,0,73W,1819.7753505667029
UA1716,UA,PIT,IAD,Y,0,DH4 ERJ CR7,293.2490633976273
UA1717,UA,PIT,IAH,,0,319 320 738 73G,1797.485812599305
AA1943,AA,PIT,JFK,Y,0,ER4,545.2647571605273
DL1589,DL,PIT,JFK,,0,752,545.2647571605273
US1646,US,PIT,JFK,,0,ER4,545.2647571605273
WN0903,WN,PIT,LAS,,0,738 73H 73W,3066.421067351615
AA1944,AA,PIT,LAX,,0,738,3430.038335973814
AS0337,AS,PIT,LAX,Y,0,738,3430.038335973814
UA1718,UA,PIT,LAX,,0,319 738 320,3430.038335973814
US1647,US,PIT,LAX,,0,738,3430.038335973814
AA1945,AA,PIT,LGA,Y,0,E75 CRJ,537.5271247548172
DL1590,DL,PIT,LGA,,0,CR7,537.5271247548172
US1648,US,PIT,LGA,Y,0,E75 CRJ,537.5271247548172
DL1591,DL,PIT,MCO,Y,0,CR9,1344.8357789882748
FL0568,FL,PIT,MCO,,0,717,1344.8357789882748
WN0904,WN,PIT,MCO,,0,73W 738 733,1344.8357789882748
FL0569,FL,PIT,MDW,Y,0,73W,645.7134912873352
WN0905,WN,PIT,MDW,,0,73W 73H,645.7134912873352
DL1592,DL,PIT,MEM,,0,ERJ,1047.9599971289294
AA1946,AA,PIT,MIA,Y,0,ER4,1634.0723967129777
US1649,US,PIT,MIA,,0,ER4,1634.0723967129777
DL1593,DL,PIT,MSP,,0,319 320,1166.66381356097
AA1947,AA,PIT,ORD,Y,0,E75 CR7 ER4,662.2322758634543
UA1719,UA,PIT,ORD,,0,738 320 319 73G,662.2322758634543
US1650,US,PIT,ORD,,0,CR7 ER4 E75,662.2322758634543
AA1948,AA,PIT,PHL,,0,320 319 E90,429.5684524900179
US1651,US,PIT,PHL,,0,320 319 E90,429.5684524900179
AA1949,AA,PIT,PHX,,0,319 320,2912.436197705371
US1652,US,PIT,PHX,,0,319 320,2912.436197705371
WN0906,WN,PIT,PHX,,0,73W,2912.436197705371
AA1950,AA,PIT,RDU,Y,0,ER4,528.2332743220164
US1653,US,PIT,RDU,Y,0,ERJ,528.2332743220164
WN0907,WN,PIT,RSW,,0,73W 73C,1558.2378687114388
UA1720,UA,PIT,SFO,,0,320 319 738,3618.2292812304045
AA1951,AA,PIT,STL,Y,0,ER4,889.0793265849284
US1654,US,PIT,STL,Y,0,ERJ,889.0793265849284
FL0570,FL,PIT,TPA,,0,717,1407.5381821260319
WN0908,WN,PIT,TPA,,0,73W 733 73C,1407.5381821260319
AF0920,AF,PNS,ATL,Y,0,M90,437.40178927091574
AS0338,AS,PNS,ATL,Y,0,M90 717,437.40178927091574
DL1599,DL,PNS,ATL,,0,M90 717,437.40178927091574
KL0711,KL,PNS,ATL,Y,0,M90,437.40178927091574
VS0171,VS,PNS,ATL,Y,0,M90,437.40178927091574
WN0909,WN,PNS,BNA,,0,73W,630.2202140016099
AA1957,AA,PNS,CLT,,0,CR9,785.8908317012877
US1659,US,PNS,CLT,Y,0,CR9,785.8908317012877
AA1958,AA,PNS,DCA,Y,0,CRJ,1313.4938658002297
US1660,US,PNS,DCA,,0,CRJ,1313.4938658002297
AA1959,AA,PNS,DFW,,0,M83 M80,969.8911471783327
US1661,US,PNS,DFW,,0,M83 M80,969.8911471783327
WN0910,WN,PNS,HOU,,0,73W,783.8424656130314
UA1727,UA,PNS,IAH,Y,0,ERJ,785.1764265084391
3M0052,3M,PNS,MCO,,0,SF3,612.6749234511136
UA1728,UA,PNS,MCO,Y,0,SF3,612.6749234511136
AA1960,AA,PNS,MIA,Y,0,ER4,852.7567878699818
US1662,US,PNS,MIA,,0,ER4,852.7567878699818
UA1729,UA,PNS,ORD,Y,0,ERJ,1281.002234018695
3M0053,3M,PNS,TPA,,0,SF3,530.0355608958799
UA1730,UA,PNS,TPA,Y,0,SF3,530.0355608958799
F90174,F9,PSP,DEN,,0,319,1246.684115633724
UA1737,UA,PSP,DEN,,0,319,1246.684115633724
AA1968,AA,PSP,DFW,,0,M83 M80,1808.3685682776377
US1666,US,PSP,DFW,,0,M83 M80,1808.3685682776377
UA1738,UA,PSP,IAH,Y,0,CR7,2039.22117243832
UA1739,UA,PSP,LAS,Y,0,EM2,279.36753405100563
UA1740,UA,PSP,LAX,Y,0,EM2 CR7,175.92237963427536
DL1603,DL,PSP,MSP,,0,320,2336.2582765589527
SY0033,SY,PSP,MSP,,0,73G,2336.2582765589527
AA1969,AA,PSP,ORD,,0,M83,2653.027253770833
US1667,US,PSP,ORD,,0,M83,2653.027253770833
AS0344,AS,PSP,PDX,,0,73G,1406.45115666438
AA1970,AA,PSP,PHX,Y,0,CRJ CR9,418.9860428033451
US1668,US,PSP,PHX,Y,0,CRJ CR9,418.9860428033451
AS0345,AS,PSP,SEA,,0,73H 734 73J,1590.312809741046
AA1971,AA,PSP,SFO,Y,0,737,676.6431935456587
AS0346,AS,PSP,SFO,,0,734,676.6431935456587
DL1604,DL,PSP,SFO,Y,0,734,676.6431935456587
KL0713,KL,PSP,SFO,Y,0,737,676.6431935456587
UA1741,UA,PSP,SFO,Y,0,CRJ CR7,676.6431935456587
DL1605,DL,PSP,SLC,Y,0,CRJ,870.9427511799803
AS0347,AS,PSP,SMF,Y,0,DH4,707.1950412421479
AF0935,AF,PVD,ATL,Y,0,M88,1452.589468140751
DL1612,DL,PVD,ATL,,0,M88,1452.589468140751
KL0717,KL,PVD,ATL,Y,0,M88,1452.589468140751
FL0574,FL,PVD,BWI,Y,0,73W 738 73C,526.3127173511082
WN0912,WN,PVD,BWI,,0,73C 738 73W 733,526.3127173511082
AA1980,AA,PVD,CLT,,0,320 321 319,1099.070303439928
US1675,US,PVD,CLT,,0,320 321 319,1099.070303439928
AA1981,AA,PVD,DCA,Y,0,E75 CRJ E70,573.0706820731558
US1676,US,PVD,DCA,Y,0,E75 CRJ E70,573.0706820731558
DL1613,DL,PVD,DTW,,0,319,986.8302377141625
UA1756,UA,PVD,EWR,Y,0,DH3 DH2 ERJ,256.86450973222713
B60317,B6,PVD,FLL,,0,320,1915.2206156059226
WN0913,WN,PVD,FLL,,0,73W 73H,1915.2206156059226
UA1757,UA,PVD,IAD,Y,0,DH4 CR7 DH2 CRJ,597.1391555305268
FL0575,FL,PVD,LAS,Y,0,73H,3793.9282282623526
B60318,B6,PVD,MCO,,0,320,1727.679674038105
FL0576,FL,PVD,MCO,,0,733,1727.679674038105
WN0914,WN,PVD,MCO,,0,73W 738 73H,1727.679674038105
FL0577,FL,PVD,MDW,Y,0,73H 73W,1352.2898609264005
WN0915,WN,PVD,MDW,,0,73H 73W,1352.2898609264005
UA1758,UA,PVD,ORD,,0,320,1363.0868652253205
AA1982,AA,PVD,PHL,,0,E90 DH3,381.52803052424997
US1677,US,PVD,PHL,,0,E90,381.52803052424997
WN0916,WN,PVD,RSW,,0,73W,1934.7234135916128
FL0578,FL,PVD,SAN,Y,0,73W,4122.360726633865
FL0579,FL,PVD,SLC,Y,0,73H,3359.9163580182612
WN0917,WN,PVD,TPA,,0,73W 73H,1830.7441381613705
FL0580,FL,PWM,BWI,Y,0,73W,726.4715086990844
B60319,B6,PWM,JFK,,0,E90,439.9490469675034
AF0941,AF,RDU,ATL,Y,0,752 M88 M90 739,572.3128703272575
AM0354,AM,RDU,ATL,Y,0,M88 M90 739,572.3128703272575
AS0355,AS,RDU,ATL,Y,0,752 M90 M88 320 738 739,572.3128703272575
AZ0734,AZ,RDU,ATL,Y,0,752 M90 M88,572.3128703272575
DL1626,DL,RDU,ATL,,0,752 M90 M88 320 738 739,572.3128703272575
FL0581,FL,RDU,ATL,,0,717,572.3128703272575
KL0720,KL,RDU,ATL,Y,0,M88 M90,572.3128703272575
VS0173,VS,RDU,ATL,Y,0,M90 M88 320 739,572.3128703272575
WN0918,WN,RDU,ATL,Y,0,717,572.3128703272575
DL1627,DL,RDU,BDL,Y,0,CRJ,855.3904517138448
FL0582,FL,RDU,BNA,,0,733,710.1708340319315
WN0919,WN,RDU,BNA,,0,73W 733,710.1708340319315
B60320,B6,RDU,BOS,,0,E90,984.0683146911549
DL1628,DL,RDU,BOS,Y,0,CR9 CR7,984.0683146911549
DL1629,DL,RDU,BWI,,0,ERJ,411.42626175748234
FL0583,FL,RDU,BWI,Y,0,73W 733,411.42626175748234
WN0920,WN,RDU,BWI,,0,73W 733 73C,411.42626175748234
AA1993,AA,RDU,CLT,,0,321 320 737 319 E90,208.56913457819573
US1687,US,RDU,CLT,,0,321 320 734 319 E90,208.56913457819573
DL1630,DL,RDU,CMH,Y,0,ERJ,582.4100148925905
DL1632,DL,RDU,CVG,,0,ERJ,627.1795398393753
AA1994,AA,RDU,DCA,Y,0,CRJ ERD,364.97924845808893
US1688,US,RDU,DCA,,0,ERD CRJ,364.97924845808893
WN0921,WN,RDU,DEN,,0,73W,2306.5053148404118
AA1995,AA,RDU,DFW,,0,M83 M80 738,1704.5488121835028
US1689,US,RDU,DFW,,0,M83 M80 738,1704.5488121835028
DL1633,DL,RDU,DTW,,0,320 319 CR7 738,806.9915073022011
UA1776,UA,RDU,EWR,,0,DH4,669.492589691402
B60321,B6,RDU,FLL,,0,E90,1098.0875255341043
DL1634,DL,RDU,FLL,Y,0,CR9,1098.0875255341043
WN0922,WN,RDU,FLL,,0,73W,1098.0875255341043
WN0923,WN,RDU,HOU,,0,73W 733,1687.5136036826282
UA1777,UA,RDU,IAD,,0,320 73G 738,360.6066888326657
UA1778,UA,RDU,IAH,,0,73G,1675.346434065795
DL1635,DL,RDU,IND,Y,0,CRJ,785.2219328512526
AA1996,AA,RDU,JFK,Y,0,ERD CR7,686.3466226652599
B60322,B6,RDU,JFK,,0,E90,686.3466226652599
DL1636,DL,RDU,JFK,Y,0,CR7 CR9,686.3466226652599
US1690,US,RDU,JFK,,0,ERD CR7,686.3466226652599
DL1637,DL,RDU,LAS,,0,73H,3252.73038441556
WN0924,WN,RDU,LAS,,0,73W,3252.73038441556
AA1997,AA,RDU,LAX,,0,738,3594.532023093222
AS0356,AS,RDU,LAX,Y,0,738,3594.532023093222
DL1638,DL,RDU,LAX,,0,738,3594.532023093222
US1691,US,RDU,LAX,,0,738,3594.532023093222
AA1998,AA,RDU,LGA,Y,0,CR7 ERD,692.903203656756
DL1639,DL,RDU,LGA,,0,CR7,692.903203656756
US1692,US,RDU,LGA,,0,CR7 ERD,692.903203656756
DL1640,DL,RDU,MCO,Y,0,CR9,861.564114383546
FL0584,FL,RDU,MCO,Y,0,733 73W,861.564114383546
WN0925,WN,RDU,MCO,,0,733 73W 73C,861.564114383546
FL0585,FL,RDU,MDW,Y,0,73W,1016.0924169923616
WN0926,WN,RDU,MDW,,0,73W 73H,1016.0924169923616
DL1641,DL,RDU,MEM,Y,0,CRJ,1017.0611067818294
AA2000,AA,RDU,MIA,,0,738,1130.2299846646843
US1694,US,RDU,MIA,,0,738,1130.2299846646843
DL1642,DL,RDU,MSP,,0,320 M90 M88,1575.963596777693
AA2001,AA,RDU,ORD,,0,M80 738,1039.1466109920589
UA1779,UA,RDU,ORD,,0,738,1039.1466109920589
US1695,US,RDU,ORD,,0,M80 738,1039.1466109920589
AA2002,AA,RDU,PHL,,0,E90 319,542.1430891783874
DL1643,DL,RDU,PHL,Y,0,ERJ CRJ,542.1430891783874
US1696,US,RDU,PHL,,0,E90 319,542.1430891783874
WN0927,WN,RDU,PHX,,0,73W,3035.9204549611122
AA2003,AA,RDU,PIT,Y,0,ER4,528.2332743220164
US1697,US,RDU,PIT,Y,0,ERJ,528.2332743220164
FL0586,FL,RDU,SFO,Y,0,73W,3853.2345780174546
UA1780,UA,RDU,SFO,,0,738 739,3853.2345780174546
DL1644,DL,RDU,SLC,,0,73H,2928.0520424911037
WN0928,WN,RDU,STL,,0,73W,1072.0021972992433
DL1645,DL,RDU,TPA,Y,0,CR9 CRJ,946.9975677328013
FL0587,FL,RDU,TPA,Y,0,73W,946.9975677328013
WN0929,WN,RDU,TPA,,0,73W 73C,946.9975677328013
AF0943,AF,RIC,ATL,Y,0,M90 M88 73H,773.1799505108605
AM0358,AM,RIC,ATL,Y,0,M90 M88,773.1799505108605
AZ0738,AZ,RIC,ATL,Y,0,M90 M88,773.1799505108605
DL1649,DL,RIC,ATL,,0,M90 M88 73H,773.1799505108605
FL0588,FL,RIC,ATL,,0,717,773.1799505108605
KL0721,KL,RIC,ATL,Y,0,M88 73H,773.1799505108605
WN0930,WN,RIC,ATL,Y,0,717,773.1799505108605
AA2005,AA,RIC,BOS,Y,0,CRJ,761.9797208406752
B60323,B6,RIC,BOS,,0,E90,761.9797208406752
DL1650,DL,RIC,BOS,Y,0,CR9 CR7,761.9797208406752
US1699,US,RIC,BOS,Y,0,CRJ,761.9797208406752
UA1782,UA,RIC,CLE,Y,0,ERJ ER4,582.8691115385222
AA2006,AA,RIC,CLT,,0,319,412.47379425228706
US1700,US,RIC,CLT,,0,319 CRJ,412.47379425228706
DL1651,DL,RIC,CVG,,0,ERJ,663.7726522515684
AA2007,AA,RIC,DFW,,0,M80 M83,1859.4630164585678
US1701,US,RIC,DFW,,0,M80 M83,1859.4630164585678
DL1652,DL,RIC,DTW,,0,ERJ,734.0500340053368
UA1783,UA,RIC,EWR,Y,0,ERJ,446.2647341379818
B60324,B6,RIC,FLL,,0,E90,1298.9411895515489
UA1784,UA,RIC,IAD,Y,0,ERJ ER4 CR7,160.48388230539075
UA1785,UA,RIC,IAH,Y,0,ERJ,1859.963581051579
DL1653,DL,RIC,JFK,,0,ERJ,463.45272268876465
AA2008,AA,RIC,LGA,Y,0,ERD,469.7533322774443
DL1654,DL,RIC,LGA,,0,CR7,469.7533322774443
US1702,US,RIC,LGA,,0,ERD,469.7533322774443
B60325,B6,RIC,MCO,,0,E90,1075.305977261039
DL1655,DL,RIC,MCO,Y,0,CR9,1075.305977261039
WN0931,WN,RIC,MCO,,0,733 73W 73C,1075.305977261039
AA2009,AA,RIC,MIA,Y,0,ER4,1331.7849919220757
US1703,US,RIC,MIA,,0,ER4,1331.7849919220757
DL1656,DL,RIC,MSP,Y,0,CR7,1558.8245031579463
AA2010,AA,RIC,ORD,Y,0,ERD,1031.6446922793955
UA1786,UA,RIC,ORD,,0,319,1031.6446922793955
US1704,US,RIC,ORD,,0,ERD,1031.6446922793955
AA2011,AA,RIC,PHL,,0,DH3,319.04343241078516
US1705,US,RIC,PHL,Y,0,CRJ DH8,319.04343241078516
FL0589,FL,RNO,DEN,Y,0,73W,1290.8307828007198
UA1788,UA,RNO,DEN,,0,320,1290.8307828007198
WN0932,WN,RNO,DEN,,0,73W 73H,1290.8307828007198
AA2012,AA,RNO,DFW,,0,M83 738,2160.5030532037163
US1706,US,RNO,DFW,,0,M83 738,2160.5030532037163
G40295,G4,RNO,LAS,,0,M80,555.5399131139488
WN0933,WN,RNO,LAS,,0,73H 73W 738,555.5399131139488
AA2013,AA,RNO,LAX,Y,0,CRJ,629.6190962181794
AS0357,AS,RNO,LAX,Y,0,CRJ,629.6190962181794
UA1789,UA,RNO,LAX,Y,0,CR7,629.6190962181794
US1707,US,RNO,LAX,Y,0,CRJ,629.6190962181794
WN0934,WN,RNO,LAX,,0,73W,629.6190962181794
FL0590,FL,RNO,MDW,Y,0,73W,2697.5418244010907
WN0935,WN,RNO,MDW,,0,73W,2697.5418244010907
AA2014,AA,RNO,ORD,,0,738,2683.0729622268123
US1708,US,RNO,ORD,,0,738,2683.0729622268123
AS0358,AS,RNO,PDX,Y,0,DH4,715.5954858250046
WN0936,WN,RNO,PDX,,0,73W,715.5954858250046
AA2015,AA,RNO,PHX,,0,319 320,966.937282539431
US1709,US,RNO,PHX,,0,319 320,966.937282539431
WN0937,WN,RNO,PHX,,0,73W,966.937282539431
WN0938,WN,RNO,SAN,,0,73W,787.018844721479
AS0359,AS,RNO,SEA,Y,0,DH4,907.2261425197669
WN0939,WN,RNO,SEA,,0,73W,907.2261425197669
UA1790,UA,RNO,SFO,Y,0,CR7 CRJ,308.2648639119232
AS0360,AS,RNO,SJC,Y,0,DH4,303.1032972145479
DL1659,DL,RNO,SLC,,0,73H,677.1006995398826
AF0951,AF,ROC,ATL,Y,0,M88 M90,1206.6707264197798
AZ0744,AZ,ROC,ATL,Y,0,M88,1206.6707264197798
DL1663,DL,ROC,ATL,,0,M90 M88,1206.6707264197798
KL0725,KL,ROC,ATL,Y,0,M90 M88,1206.6707264197798
AA2019,AA,ROC,BOS,Y,0,CRJ,550.5758746128071
US1713,US,ROC,BOS,Y,0,CRJ,550.5758746128071
WN0940,WN,ROC,BWI,,0,73W,446.47427574366924
UA1794,UA,ROC,CLE,Y,0,DH2 DH3,392.6162353068946
AA2020,AA,ROC,CLT,,0,319,922.8949716581569
US1714,US,ROC,CLT,,0,319,922.8949716581569
AA2021,AA,ROC,DCA,Y,0,CRJ E70,477.4238465845887
US1715,US,ROC,DCA,Y,0,CRJ E70,477.4238465845887
DL1664,DL,ROC,DTW,Y,0,CR9 CRJ,475.2033137573379
UA1795,UA,ROC,EWR,Y,0,DH2 ERJ DH3,396.12343780376983
UA1796,UA,ROC,IAD,Y,0,ER4 DH2 CR7 CRJ,464.52701001275267
B60326,B6,ROC,JFK,,0,E90,424.05560337679105
DL1665,DL,ROC,JFK,,0,ERJ,424.05560337679105
DL1666,DL,ROC,LGA,,0,CR7,408.03145215359444
FL0591,FL,ROC,MCO,Y,0,73W,1665.5622698445654
WN0941,WN,ROC,MCO,,0,73W,1665.5622698445654
FL0592,FL,ROC,MDW,Y,0,73W,839.634343434116
WN0942,WN,ROC,MDW,,0,73W,839.634343434116
DL1667,DL,ROC,MSP,Y,0,CR7,1257.0684763022941
AA2022,AA,ROC,ORD,Y,0,ERD ER4,847.1962649642244
UA1797,UA,ROC,ORD,,0,320 738 319,847.1962649642244
US1716,US,ROC,ORD,,0,ER4,847.1962649642244
AA2023,AA,ROC,PHL,,0,DH3,413.90985089202314
US1717,US,ROC,PHL,Y,0,CRJ E70 DH8 E75,413.90985089202314
WN0943,WN,ROC,TPA,,0,73W,1739.5144184119938
AF0953,AF,RSW,ATL,Y,0,M90 757 M88,830.49417527405
AS0361,AS,RSW,ATL,Y,0,M90 757 M88,830.49417527405
AZ0745,AZ,RSW,ATL,Y,0,M90,830.49417527405
DL1670,DL,RSW,ATL,,0,M90 757 M88,830.49417527405
FL0593,FL,RSW,ATL,,0,717,830.49417527405
KL0726,KL,RSW,ATL,Y,0,M90 M88,830.49417527405
VS0174,VS,RSW,ATL,Y,0,M90 757 M88,830.49417527405
WN0944,WN,RSW,ATL,,0,733,830.49417527405
WN0945,WN,RSW,BDL,,0,73C 73W,1902.0225906160745
B60327,B6,RSW,BOS,,0,320,2012.9989673879206
FL0594,FL,RSW,BWI,,0,717,1482.943933160756
WN0946,WN,RSW,BWI,,0,73H 73C 73W 733,1482.943933160756
UA1803,UA,RSW,CLE,,0,319 738 320,1654.2725553451667
AA2026,AA,RSW,CLT,,0,321 320 319 737,968.1725912541456
US1720,US,RSW,CLT,,0,321 320 319 734,968.1725912541456
DL1671,DL,RSW,CMH,Y,0,E70,1500.7541534245865
WN0947,WN,RSW,CMH,,0,73W,1500.7541534245865
DL1672,DL,RSW,CVG,,0,M88,1417.6972520753814
AA2027,AA,RSW,DCA,Y,0,E75 E70,1438.357573473347
FL0595,FL,RSW,DCA,,0,717,1438.357573473347
US1721,US,RSW,DCA,Y,0,E75 E70,1438.357573473347
WN0948,WN,RSW,DCA,Y,0,717,1438.357573473347
F90184,F9,RSW,DEN,,0,319 320,2584.28769767054
UA1804,UA,RSW,DEN,,0,738,2584.28769767054
AA2028,AA,RSW,DFW,,0,738,1634.5594077125647
US1722,US,RSW,DFW,,0,738,1634.5594077125647
DL1673,DL,RSW,DTW,,0,757 753,1749.5221770957241
NK0219,NK,RSW,DTW,,0,319,1749.5221770957241
B60328,B6,RSW,EWR,,0,320,1721.685299391834
UA1805,UA,RSW,EWR,,0,320 738 739,1721.685299391834
UA1807,UA,RSW,IAH,,0,738,1384.0314185854036
DL1674,DL,RSW,IND,,0,E75,1525.0314978885976
WN0949,WN,RSW,IND,,0,73W 73C,1525.0314978885976
B60330,B6,RSW,JFK,,0,320,1731.6556620846393
B60331,B6,RSW,LGA,,0,320,1741.6662913451885
DL1675,DL,RSW,LGA,Y,0,CR9,1741.6662913451885
3M0055,3M,RSW,MCO,,0,SF3,215.1828658581099
UA1808,UA,RSW,MCO,Y,0,SF3,215.1828658581099
FL0596,FL,RSW,MDW,,0,717,1782.2209488724284
WN0950,WN,RSW,MDW,,0,73W 73H,1782.2209488724284
WN0951,WN,RSW,MKE,,0,73C 73W,1907.9671693919388
DL1676,DL,RSW,MSP,,0,757 M90,2282.2955613052773
SY0035,SY,RSW,MSP,,0,738 73G,2282.2955613052773
AA2030,AA,RSW,ORD,,0,738 M80,1806.6542403758942
NK0220,NK,RSW,ORD,,0,319,1806.6542403758942
UA1809,UA,RSW,ORD,,0,320,1806.6542403758942
US1723,US,RSW,ORD,,0,738 M80,1806.6542403758942
AA2031,AA,RSW,PHL,,0,319 E90 320,1600.7873902055153
US1724,US,RSW,PHL,,0,319 E90 320,1600.7873902055153
WN0952,WN,RSW,PHL,,0,73W,1600.7873902055153
WN0953,WN,RSW,PIT,,0,73W,1558.2378687114388
WN0954,WN,RSW,PVD,,0,73C,1934.7234135916128
WN0955,WN,RSW,STL,,0,73W 73C,1577.8689974253123
WN0956,WN,SAN,ABQ,,0,73W 73C,1009.2518750311486
AF0958,AF,SAN,ATL,Y,0,73H 763 739,3037.6831807087847
AS0363,AS,SAN,ATL,Y,0,73H 763 739,3037.6831807087847
AZ0748,AZ,SAN,ATL,Y,0,73H 763 739,3037.6831807087847
DL1679,DL,SAN,ATL,,0,73H 763 739,3037.6831807087847
FL0597,FL,SAN,ATL,Y,0,73W,3037.6831807087847
KL0728,KL,SAN,ATL,Y,0,763 739,3037.6831807087847
VS0175,VS,SAN,ATL,Y,0,73H 763 739,3037.6831807087847
WN0957,WN,SAN,ATL,,0,73W,3037.6831807087847
WN0958,WN,SAN,AUS,,0,73W,1870.7078532644653
WN0959,WN,SAN,BNA,,0,73W 73H,2812.0742458644067
AS0364,AS,SAN,BOI,Y,0,CR7,1207.2695773897894
AA2039,AA,SAN,BOS,Y,0,737,4155.676530633045
AS0365,AS,SAN,BOS,,0,73H,4155.676530633045
B60332,B6,SAN,BOS,,0,320,4155.676530633045
FL0598,FL,SAN,BWI,Y,0,73W,3685.6090548561697
WN0960,WN,SAN,BWI,,0,73W 738,3685.6090548561697
AA2040,AA,SAN,CLT,,0,320 321,3335.376077767211
US1737,US,SAN,CLT,,0,320 321,3335.376077767211
AA2041,AA,SAN,DCA,,0,319,3654.7980277131214
US1738,US,SAN,DCA,,0,319,3654.7980277131214
F90187,F9,SAN,DEN,,0,319 320,1371.1696120302634
FL0599,FL,SAN,DEN,Y,0,73H 73C,1371.1696120302634
UA1819,UA,SAN,DEN,,0,738 320 739 752,1371.1696120302634
WN0961,WN,SAN,DEN,,0,73W 73H 738,1371.1696120302634
AA2042,AA,SAN,DFW,,0,M83 M80 738 757,1880.4312071309628
AS0366,AS,SAN,DFW,Y,0,M83 M80 738 757,1880.4312071309628
NK0222,NK,SAN,DFW,,0,319,1880.4312071309628
US1739,US,SAN,DFW,,0,M83 M80 738 757,1880.4312071309628
AS0367,AS,SAN,DTW,Y,0,753 757,3142.1725327414056
DL1680,DL,SAN,DTW,,0,753 757,3142.1725327414056
UA1820,UA,SAN,EWR,,0,738 739,3894.9075240947336
AS0368,AS,SAN,FAT,Y,0,DH4,505.27677908708796
AS0369,AS,SAN,HNL,,0,73H,4200.97379604548
HA0065,HA,SAN,HNL,,0,332,4200.97379604548
FL0600,FL,SAN,HOU,Y,0,73W 73H,2108.618863390682
WN0962,WN,SAN,HOU,,0,73W,2108.618863390682
UA1821,UA,SAN,IAD,,0,739 752 320 738,3618.329816184107
UA1822,UA,SAN,IAH,,0,320 73G 738 739,2093.1494983812845
AA2043,AA,SAN,JFK,,0,738,3928.0032195916287
AS0370,AS,SAN,JFK,Y,0,73H 757,3928.0032195916287
B60333,B6,SAN,JFK,,0,320,3928.0032195916287
DL1681,DL,SAN,JFK,,0,73H 757,3928.0032195916287
QR0259,QR,SAN,JFK,Y,0,738,3928.0032195916287
US1740,US,SAN,JFK,,0,738,3928.0032195916287
FL0601,FL,SAN,LAS,Y,0,73W 738,416.74388765074497
NK0223,NK,SAN,LAS,,0,319 320,416.74388765074497
WN0963,WN,SAN,LAS,,0,73W 73H 733 73C,416.74388765074497
AA2044,AA,SAN,LAX,Y,0,CRJ CR7,175.70126368488215
AS0371,AS,SAN,LAX,Y,0,CRJ CR7,175.70126368488215
DL1682,DL,SAN,LAX,Y,0,CR7 CR9,175.70126368488215
UA1823,UA,SAN,LAX,Y,0,CR7 EM2,175.70126368488215
US1741,US,SAN,LAX,Y,0,CRJ CR7,175.70126368488215
AS0372,AS,SAN,LIH,,0,73H,4300.395275739222
FL0602,FL,SAN,MCI,Y,0,738,2142.3949184558287
WN0964,WN,SAN,MCI,,0,73W 738,2142.3949184558287
AA2046,AA,SAN,MCO,Y,0,737,3451.561250613703
AS0373,AS,SAN,MCO,,0,73H,3451.561250613703
WN0965,WN,SAN,MDW,,0,73H 73W,2776.0000343980387
AA2047,AA,SAN,MIA,,0,738,3642.5186475301525
US1742,US,SAN,MIA,,0,738,3642.5186475301525
AS0375,AS,SAN,MSP,Y,0,320 738 739,2462.7100173957483
DL1683,DL,SAN,MSP,,0,320 738 739,2462.7100173957483
SY0036,SY,SAN,MSP,,0,73G,2462.7100173957483
WN0966,WN,SAN,MSY,,0,73W,2567.643280448283
WN0967,WN,SAN,OAK,,0,73C 73W 733,718.2677400233823
AS0376,AS,SAN,OGG,,0,73H,4083.7116891307346
AA2049,AA,SAN,ORD,,0,738,2768.0677561106972
AS0377,AS,SAN,ORD,Y,0,738,2768.0677561106972
UA1824,UA,SAN,ORD,,0,739 320 738,2768.0677561106972
US1743,US,SAN,ORD,,0,738,2768.0677561106972
AA2050,AA,SAN,PDX,Y,0,737,1502.6140356539086
AS0378,AS,SAN,PDX,,0,73J 73H 734 73G,1502.6140356539086
NK0224,NK,SAN,PDX,,0,319,1502.6140356539086
AA2051,AA,SAN,PHL,,0,320,3805.9474733864513
US1744,US,SAN,PHL,,0,320,3805.9474733864513
AA2052,AA,SAN,PHX,,0,321 320,489.191030015044
FL0603,FL,SAN,PHX,Y,0,73W,489.191030015044
US1745,US,SAN,PHX,,0,321 320,489.191030015044
WN0968,WN,SAN,PHX,,0,73W 73C,489.191030015044
FL0604,FL,SAN,RNO,Y,0,73W,787.018844721479
WN0969,WN,SAN,RNO,,0,73W,787.018844721479
FL0605,FL,SAN,SAT,Y,0,73W,1814.3758878157762
WN0970,WN,SAN,SAT,,0,73W,1814.3758878157762
FL0606,FL,SAN,SDF,Y,0,73W,2897.9509443464385
AA2054,AA,SAN,SEA,Y,0,737,1692.1620969906508
AS0380,AS,SAN,SEA,,0,73J 73H 73G 734 739,1692.1620969906508
DL1684,DL,SAN,SEA,Y,0,73J 73H 734 739 73G,1692.1620969906508
UA1825,UA,SAN,SFO,,0,739 738 320 319,718.9432809490115
VX0043,VX,SAN,SFO,,0,319 320,718.9432809490115
WN0971,WN,SAN,SFO,,0,73W 73C 733,718.9432809490115
FL0607,FL,SAN,SJC,Y,0,73W,671.3840670416989
WN0972,WN,SAN,SJC,,0,733 73W 73H 73C,671.3840670416989
AS0382,AS,SAN,SLC,Y,0,738 319 320,1008.3153695625747
DL1685,DL,SAN,SLC,,0,738 319 320,1008.3153695625747
WN0973,WN,SAN,SMF,,0,73W 73C 733,772.6262616939837
WN0974,WN,SAN,STL,,0,73W,2501.172158198832
WN0975,WN,SAN,TUS,,0,73W 73C,590.7343078330014
AF0959,AF,SAT,ATL,Y,0,757 320 M90,1404.698401984606
AZ0749,AZ,SAT,ATL,Y,0,757 M90,1404.698401984606
DL1687,DL,SAT,ATL,,0,757 M90 320,1404.698401984606
FL0608,FL,SAT,ATL,,0,73G,1404.698401984606
KL0729,KL,SAT,ATL,Y,0,757 M90,1404.698401984606
VS0176,VS,SAT,ATL,Y,0,757 M90 320,1404.698401984606
WN0976,WN,SAT,ATL,,0,73C 73W,1404.698401984606
WN0977,WN,SAT,BNA,,0,73C 73W,1321.6245928321132
FL0609,FL,SAT,BWI,Y,0,73W,2261.964871205707
WN0978,WN,SAT,BWI,,0,73W 73H,2261.964871205707
AA2058,AA,SAT,CLT,,0,319,1759.877318678634
US1747,US,SAT,CLT,,0,319,1759.877318678634
FL0611,FL,SAT,DAL,Y,0,73W 73C 733,399.1841014457557
WN0979,WN,SAT,DAL,,0,73W 73C 735 733,399.1841014457557
FL0612,FL,SAT,DEN,Y,0,73W,1279.8074294675482
UA1829,UA,SAT,DEN,,0,738 73G,1279.8074294675482
WN0980,WN,SAT,DEN,,0,73W,1279.8074294675482
AA2059,AA,SAT,DFW,,0,M80 M83,397.9621230291807
US1748,US,SAT,DFW,,0,M80 M83,397.9621230291807
DL1688,DL,SAT,DTW,,0,320,1954.4244157729306
WN0981,WN,SAT,ELP,,0,735 73W,797.0970389741202
UA1830,UA,SAT,EWR,,0,319 739 73G,2522.136466716259
FL0613,FL,SAT,HOU,Y,0,73W 735,308.9809933642235
WN0982,WN,SAT,HOU,,0,73W 735 73C,308.9809933642235
UA1831,UA,SAT,IAD,Y,0,E70 CR7,2189.301210724572
UA1832,UA,SAT,IAH,,0,319 739 738 73G 320,306.1060853324881
DL1689,DL,SAT,JFK,,0,73H,2550.8059805337557
FL0614,FL,SAT,LAS,Y,0,73W,1717.5737995755665
WN0984,WN,SAT,LAS,,0,73W,1717.5737995755665
FL0615,FL,SAT,LAX,Y,0,73W,1944.6452061097891
UA1833,UA,SAT,LAX,Y,0,CR7,1944.6452061097891
WN0985,WN,SAT,LAX,,0,73H 73W,1944.6452061097891
DL1690,DL,SAT,MCO,Y,0,CR9,1672.2324669517725
FL0616,FL,SAT,MCO,Y,0,73W,1672.2324669517725
WN0986,WN,SAT,MCO,,0,73W,1672.2324669517725
FL0617,FL,SAT,MDW,Y,0,73W,1668.413039803889
WN0987,WN,SAT,MDW,,0,73W,1668.413039803889
DL1691,DL,SAT,MEM,Y,0,CRJ,1005.6902957498038
DL1693,DL,SAT,MSP,Y,0,CR9 E75,1767.5860114105446
AA2060,AA,SAT,ORD,Y,0,E75 CR7,1677.4242851978365
UA1834,UA,SAT,ORD,Y,0,CR7,1677.4242851978365
US1749,US,SAT,ORD,,0,E75,1677.4242851978365
AA2061,AA,SAT,PHL,,0,E90,2404.2453733751595
US1750,US,SAT,PHL,,0,E90,2404.2453733751595
AA2062,AA,SAT,PHX,Y,0,CR9,1353.6214884964907
FL0619,FL,SAT,PHX,Y,0,73W,1353.6214884964907
US1751,US,SAT,PHX,Y,0,CR9,1353.6214884964907
WN0988,WN,SAT,PHX,,0,73W,1353.6214884964907
WN0989,WN,SAT,SAN,,0,73W,1814.3758878157762
AS0384,AS,SAT,SEA,,0,73H 73J,2854.2381316474425
UA1835,UA,SAT,SFO,Y,0,CR7,2381.5833610905834
DL1695,DL,SAT,SLC,,0,320,1749.3416292385878
FL0620,FL,SAT,STL,Y,0,73C,1265.8815495333868
WN0990,WN,SAT,STL,,0,733 73C 73W,1265.8815495333868
FL0621,FL,SAT,TPA,Y,0,73C,1561.9347642795317
WN0991,WN,SAT,TPA,,0,73C 733,1561.9347642795317
AF0960,AF,SAV,ATL,Y,0,M88 717 319,345.0301713372742
AS0385,AS,SAV,ATL,Y,0,M88 717 319,345.0301713372742
AZ0750,AZ,SAV,ATL,Y,0,M88 717,345.0301713372742
DL1696,DL,SAV,ATL,,0,M88 717 319,345.0301713372742
KL0730,KL,SAV,ATL,Y,0,717 M88 319,345.0301713372742
VS0177,VS,SAV,ATL,Y,0,M88 717 319,345.0301713372742
B60334,B6,SAV,BOS,,0,E90,1450.0136781418278
AA2063,AA,SAV,CLT,,0,CRJ,344.12588618246474
US1752,US,SAV,CLT,,0,CR7 CRJ,344.12588618246474
AA2064,AA,SAV,DCA,Y,0,CRJ,837.1652825141728
US1753,US,SAV,DCA,Y,0,CRJ,837.1652825141728
AA2065,AA,SAV,DFW,Y,0,ER4,1486.1818686863642
US1754,US,SAV,DFW,,0,ER4,1486.1818686863642
DL1697,DL,SAV,DTW,,0,CR7,1137.6485179261729
UA1836,UA,SAV,EWR,Y,0,ERJ,1140.2569311543255
UA1837,UA,SAV,IAD,Y,0,CRJ ERJ CR7,830.1598945931564
UA1838,UA,SAV,IAH,Y,0,ERJ,1366.908053666082
B60335,B6,SAV,JFK,,0,320,1155.4045869007598
DL1698,DL,SAV,JFK,,0,CR7,1155.4045869007598
DL1699,DL,SAV,LGA,Y,0,CR9 CR7 E75,1162.9267241620714
UA1839,UA,SAV,ORD,Y,0,ERJ CR7 CRJ,1245.6406795255825
AA2066,AA,SAV,PHL,Y,0,E75 E70 CRJ,1013.8388673015487
US1755,US,SAV,PHL,Y,0,E75 E70 CRJ,1013.8388673015487
AF0963,AF,SDF,ATL,Y,0,M88,517.6894579335466
DL1705,DL,SDF,ATL,,0,M88 M90,517.6894579335466
FL0622,FL,SDF,ATL,,0,717,517.6894579335466
KL0733,KL,SDF,ATL,Y,0,M88,517.6894579335466
VS0178,VS,SDF,ATL,Y,0,M88 M90,517.6894579335466
WN0992,WN,SDF,ATL,,0,733 73W,517.6894579335466
FL0623,FL,SDF,BWI,Y,0,73W,794.6542863359304
WN0993,WN,SDF,BWI,,0,73W 733,794.6542863359304
UA1848,UA,SDF,CLE,Y,0,ERJ CRJ,489.8700262359588
AA2078,AA,SDF,CLT,,0,319,538.9717985558104
US1763,US,SDF,CLT,,0,319 CRJ CR7,538.9717985558104
AA2079,AA,SDF,DCA,Y,0,CRJ E75,760.2357485323322
US1764,US,SDF,DCA,,0,CRJ,760.2357485323322
UA1849,UA,SDF,DEN,Y,0,ERJ,1643.8517303849333
WN0994,WN,SDF,DEN,,0,73C 73W,1643.8517303849333
AA2080,AA,SDF,DFW,,0,M80 M83 319,1177.6823020731429
US1765,US,SDF,DFW,,0,M80 ERD M83 319,1177.6823020731429
DL1706,DL,SDF,DTW,,0,ERJ,492.92823839833966
UA1850,UA,SDF,EWR,Y,0,ERJ E70,1031.0878089678497
UA1851,UA,SDF,IAD,Y,0,ERJ,724.7706517599224
UA1852,UA,SDF,IAH,Y,0,ERJ E70 CRJ,1267.918959719324
DL1707,DL,SDF,JFK,Y,0,CRJ,1062.3042110754682
WN0995,WN,SDF,LAS,,0,73W,2607.3177381531636
AA2081,AA,SDF,LGA,Y,0,ERD,1057.6763331544578
DL1708,DL,SDF,LGA,,0,ERJ,1057.6763331544578
US1766,US,SDF,LGA,,0,ERD,1057.6763331544578
DL1709,DL,SDF,MCO,Y,0,E75,1158.2346325809312
FL0624,FL,SDF,MCO,Y,0,73W,1158.2346325809312
WN0996,WN,SDF,MCO,,0,73C 73W,1158.2346325809312
FL0625,FL,SDF,MDW,Y,0,73W,437.18423495093634
WN0997,WN,SDF,MDW,,0,73W,437.18423495093634
AA2082,AA,SDF,MIA,Y,0,ER4,1467.9342794243655
US1767,US,SDF,MIA,,0,ER4,1467.9342794243655
DL1710,DL,SDF,MSP,Y,0,E75 CRJ ERJ,971.2409867937434
AA2083,AA,SDF,ORD,Y,0,ERD ER4 E75,461.88226406767916
UA1853,UA,SDF,ORD,Y,0,ERJ,461.88226406767916
US1768,US,SDF,ORD,,0,ER4 E75,461.88226406767916
AA2084,AA,SDF,PHL,Y,0,CR9 CRJ,925.4997907140965
US1769,US,SDF,PHL,Y,0,CR9 CRJ,925.4997907140965
WN0998,WN,SDF,PHX,,0,73W,2418.265430819539
WN0999,WN,SDF,TPA,,0,73W,1172.013767068682
WN1000,WN,SEA,ABQ,,0,73C 73W 733,1897.340412718944
AS0392,AS,SEA,ANC,,0,73J 73H 734 739 73Q 73G,2325.752433399854
DL1718,DL,SEA,ANC,Y,0,73J,2325.752433399854
UA1856,UA,SEA,ANC,,0,739 738,2325.752433399854
AF0966,AF,SEA,ATL,Y,0,739 76W 757,3505.0463885213003
AM0365,AM,SEA,ATL,Y,0,739 76W 757,3505.0463885213003
AS0393,AS,SEA,ATL,,0,73J 73H,3505.0463885213003
AZ0752,AZ,SEA,ATL,Y,0,739 76W 757,3505.0463885213003
DL1719,DL,SEA,ATL,,0,739 76W 757 763,3505.0463885213003
KL0736,KL,SEA,ATL,Y,0,76W 763,3505.0463885213003
AS0394,AS,SEA,AUS,,0,739 73H,2847.6267462394703
AS0397,AS,SEA,BOI,Y,0,DH4,641.1300029175583
AA2087,AA,SEA,BOS,Y,0,737,4005.5415802339367
AS0398,AS,SEA,BOS,,0,73H 73J,4005.5415802339367
B60341,B6,SEA,BOS,,0,320,4005.5415802339367
AA2088,AA,SEA,BUR,Y,0,737,1509.3295267362628
AS0399,AS,SEA,BUR,,0,73H 73G,1509.3295267362628
FL0626,FL,SEA,BWI,Y,0,73W,3748.238832985915
WN1001,WN,SEA,BWI,,0,73W,3748.238832985915
AA2089,AA,SEA,CLT,,0,320 321 319,3660.4877408426914
US1772,US,SEA,CLT,,0,320 321 319,3660.4877408426914
AS0401,AS,SEA,COS,,0,CR7,1715.8349242561687
AS0402,AS,SEA,DCA,,0,73H,3738.2431689063646
AA2090,AA,SEA,DEN,Y,0,737,1645.161198559227
AS0403,AS,SEA,DEN,,0,73G 73H 739,1645.161198559227
F90189,F9,SEA,DEN,,0,320 319,1645.161198559227
FL0627,FL,SEA,DEN,Y,0,73W,1645.161198559227
UA1857,UA,SEA,DEN,,0,738 320 739 752 753 319,1645.161198559227
WN1002,WN,SEA,DEN,,0,73W 733 73C,1645.161198559227
AA2091,AA,SEA,DFW,,0,738 757,2668.1821349632764
AS0404,AS,SEA,DFW,,0,73J 739,2668.1821349632764
US1773,US,SEA,DFW,,0,738 757,2668.1821349632764
DL1721,DL,SEA,DTW,,0,753 738 757,3093.0193217278097
AA2092,AA,SEA,EWR,Y,0,737,3854.9462849430706
AS0407,AS,SEA,EWR,,0,73J,3854.9462849430706
UA1858,UA,SEA,EWR,,0,739 319 738 320,3854.9462849430706
AS0409,AS,SEA,FAT,,0,CR7,1205.612141734391
AS0411,AS,SEA,FLL,,0,73H,4367.663353962365
AS0412,AS,SEA,GEG,,0,734,359.0251091993649
AF0968,AF,SEA,HNL,Y,0,753,4308.055305288848
AS0414,AS,SEA,HNL,,0,73H,4308.055305288848
DL1723,DL,SEA,HNL,,0,753,4308.055305288848
HA0067,HA,SEA,HNL,,0,332,4308.055305288848
KL0737,KL,SEA,HNL,Y,0,753,4308.055305288848
UA1860,UA,SEA,IAD,,0,752 320 739 738,3701.7280407464023
AS0415,AS,SEA,IAH,,0,73J,3013.42841427675
CM0167,CM,SEA,IAH,Y,0,320,3013.42841427675
DL1724,DL,SEA,IAH,Y,0,73J,3013.42841427675
UA1861,UA,SEA,IAH,,0,739 320 738 319 752,3013.42841427675
AA2093,AA,SEA,JFK,,0,738,3886.734967125941
AS0416,AS,SEA,JFK,Y,0,738,3886.734967125941
B60343,B6,SEA,JFK,,0,320,3886.734967125941
DL1726,DL,SEA,JFK,,0,752 757,3886.734967125941
US1774,US,SEA,JFK,,0,738,3886.734967125941
AS0418,AS,SEA,KOA,,0,73H,4326.567878452805
AS0420,AS,SEA,LAS,,0,73H 739 73G 73J,1394.7218119705572
DL1727,DL,SEA,LAS,Y,0,CR9,1394.7218119705572
FL0628,FL,SEA,LAS,Y,0,73W,1394.7218119705572
WN1003,WN,SEA,LAS,,0,733 73H 73W,1394.7218119705572
AA2095,AA,SEA,LAX,Y,0,737,1536.8180882483425
AS0421,AS,SEA,LAX,,0,73J 739 73G 734 73H,1536.8180882483425
DL1728,DL,SEA,LAX,,0,73H,1536.8180882483425
UA1863,UA,SEA,LAX,,0,739 320,1536.8180882483425
VX0044,VX,SEA,LAX,,0,320 319,1536.8180882483425
AA2096,AA,SEA,LGB,Y,0,CR7,1555.2633177532834
AS0422,AS,SEA,LGB,Y,0,CR7,1555.2633177532834
B60344,B6,SEA,LGB,,0,320,1555.2633177532834
AS0423,AS,SEA,LIH,,0,73H,4344.905548110088
AA2098,AA,SEA,MCI,Y,0,737,2391.4349870272413
AS0425,AS,SEA,MCI,,0,73J,2391.4349870272413
AA2099,AA,SEA,MCO,Y,0,737,4104.746203070884
AS0426,AS,SEA,MCO,,0,73H 73J,4104.746203070884
FL0629,FL,SEA,MDW,Y,0,73W 73H,2782.2654733192185
WN1004,WN,SEA,MDW,,0,73H 73W,2782.2654733192185
AA2100,AA,SEA,MIA,,0,757,4379.35828963113
US1775,US,SEA,MIA,,0,757,4379.35828963113
FL0630,FL,SEA,MKE,Y,0,73W,2719.390310961766
WN1005,WN,SEA,MKE,,0,73W,2719.390310961766
AS0429,AS,SEA,MSP,,0,739 73G 73J,2244.9810361002997
DL1730,DL,SEA,MSP,,0,763 73H 753 738 757,2244.9810361002997
SY0037,SY,SEA,MSP,,0,73G 738,2244.9810361002997
AA2101,AA,SEA,OAK,Y,0,737,1081.712840093709
AS0430,AS,SEA,OAK,,0,73H 73G 734,1081.712840093709
FL0631,FL,SEA,OAK,Y,0,73W,1081.712840093709
WN1006,WN,SEA,OAK,,0,73W 73C,1081.712840093709
AS0431,AS,SEA,OGG,,0,73H,4248.540780120893
HA0068,HA,SEA,OGG,,0,332,4248.540780120893
AS0432,AS,SEA,OMA,Y,0,CR7,2195.462008600923
AA2102,AA,SEA,ONT,Y,0,737,1540.2818553585294
AS0433,AS,SEA,ONT,,0,734 73H,1540.2818553585294
AA2103,AA,SEA,ORD,,0,738,2761.847858516748
AS0434,AS,SEA,ORD,,0,739 73J 73H,2761.847858516748
UA1865,UA,SEA,ORD,,0,738 320 739 752 319,2761.847858516748
US1776,US,SEA,ORD,,0,738,2761.847858516748
AS0435,AS,SEA,PDX,Y,0,DH4 CR7,207.90695279699517
UA1866,UA,SEA,PDX,Y,0,EM2,207.90695279699517
AA2105,AA,SEA,PHL,,0,320 321,3817.7597575846166
AS0436,AS,SEA,PHL,,0,73J 73H,3817.7597575846166
US1777,US,SEA,PHL,,0,320 321,3817.7597575846166
AA2106,AA,SEA,PHX,,0,321 320,1781.9240327374393
AS0437,AS,SEA,PHX,,0,73G 734 73J 73H,1781.9240327374393
FL0632,FL,SEA,PHX,Y,0,73C,1781.9240327374393
US1778,US,SEA,PHX,,0,321 320,1781.9240327374393
WN1007,WN,SEA,PHX,,0,733 73C 73W,1781.9240327374393
AS0439,AS,SEA,PSP,,0,73G 73H,1590.312809741046
AS0442,AS,SEA,RNO,Y,0,DH4,907.2261425197669
WN1008,WN,SEA,RNO,,0,73W,907.2261425197669
AA2107,AA,SEA,SAN,Y,0,737,1692.1620969906508
AS0443,AS,SEA,SAN,,0,73H 73J 734 739 73G,1692.1620969906508
DL1734,DL,SEA,SAN,Y,0,73H 73J 734 739 73G,1692.1620969906508
FL0633,FL,SEA,SAN,Y,0,73C,1692.1620969906508
AS0444,AS,SEA,SAT,,0,73H 73J,2854.2381316474425
AA2108,AA,SEA,SFO,Y,0,737,1092.8516586356209
AS0446,AS,SEA,SFO,,0,73J 734 73G 73H 739,1092.8516586356209
DL1735,DL,SEA,SFO,Y,0,E75 734,1092.8516586356209
UA1867,UA,SEA,SFO,,0,319 739 320 738 752,1092.8516586356209
VX0045,VX,SEA,SFO,,0,319 320,1092.8516586356209
AA2109,AA,SEA,SJC,Y,0,737,1121.887893308488
AS0447,AS,SEA,SJC,,0,734 73H 73J 739,1121.887893308488
WN1009,WN,SEA,SJC,,0,733 73C 73W 73H,1121.887893308488
AS0448,AS,SEA,SLC,,0,739 734 73H 73G,1106.570245849891
DL1736,DL,SEA,SLC,,0,757 738 320 739,1106.570245849891
FL0634,FL,SEA,SLC,Y,0,73W,1106.570245849891
WN1010,WN,SEA,SLC,,0,73W 73C,1106.570245849891
AA2110,AA,SEA,SMF,Y,0,737,974.9781141221134
AS0449,AS,SEA,SMF,,0,73H,974.9781141221134
FL0635,FL,SEA,SMF,Y,0,73W,974.9781141221134
WN1011,WN,SEA,SMF,,0,73W 73H 733 73C,974.9781141221134
AA2111,AA,SEA,SNA,Y,0,737,1576.055535404181
AS0450,AS,SEA,SNA,,0,73G 73H,1576.055535404181
AA2112,AA,SEA,STL,Y,0,737,2744.4218279481306
AS0451,AS,SEA,STL,,0,73H 73J,2744.4218279481306
AS0453,AS,SEA,TUS,,0,73J,1957.674751650482
G40318,G4,SFB,CVG,,0,320,1185.317259252703
G40319,G4,SFB,DSM,,0,M80,1809.3188730834463
G40325,G4,SFB,GRR,,0,M80,1614.9043509455953
G40326,G4,SFB,GSO,,0,M80,823.5354909979187
OR0023,OR,SFB,MIA,,0,763,344.07509478267326
G40337,G4,SFB,OKC,,0,320,1705.3038757740542
G40349,G4,SFB,TUL,,0,320,1600.3092550078263
G40350,G4,SFB,TYS,,0,M80 320,824.201918253668
UA1869,UA,SFO,ABQ,Y,0,CRJ,1439.3133270396975
AF0970,AF,SFO,ATL,Y,0,763 739 757,3434.6956769682733
AM0366,AM,SFO,ATL,Y,0,763,3434.6956769682733
AZ0755,AZ,SFO,ATL,Y,0,763,3434.6956769682733
CI0093,CI,SFO,ATL,Y,0,739 757,3434.6956769682733
DL1739,DL,SFO,ATL,,0,763 739 757,3434.6956769682733
FL0636,FL,SFO,ATL,,0,73G,3434.6956769682733
KL0741,KL,SFO,ATL,Y,0,763 757,3434.6956769682733
NZ0179,NZ,SFO,ATL,Y,0,738,3434.6956769682733
UA1872,UA,SFO,ATL,,0,738,3434.6956769682733
VS0180,VS,SFO,ATL,Y,0,763 739 757,3434.6956769682733
WN1012,WN,SFO,ATL,,0,73W,3434.6956769682733
B60345,B6,SFO,AUS,,0,320,2416.5450836253376
UA1873,UA,SFO,AUS,,0,738 320 319,2416.5450836253376
VX0046,VX,SFO,AUS,,0,319,2416.5450836253376
UA1875,UA,SFO,BOI,Y,0,CRJ CR7,840.158818309456
B60346,B6,SFO,BOS,,0,320,4341.022084519025
UA1876,UA,SFO,BOS,,0,752 753 738 739 319 320,4341.022084519025
VX0047,VX,SFO,BOS,,0,320,4341.022084519025
UA1877,UA,SFO,BUR,Y,0,CR7 CRJ,524.505466011444
UA1878,UA,SFO,BWI,,0,739 320 738,3944.311114550975
UA1882,UA,SFO,CLE,,0,739 738 320,3469.901361925572
AA2114,AA,SFO,CLT,,0,321,3686.9418214746797
US1781,US,SFO,CLT,,0,321,3686.9418214746797
UA1883,UA,SFO,COS,Y,0,CRJ CR7,1547.3213659410742
DL1741,DL,SFO,CVG,,0,320,3269.0895542341063
UA1885,UA,SFO,DCA,,0,738 73G,3920.908487611164
VX0049,VX,SFO,DCA,,0,320,3920.908487611164
F90190,F9,SFO,DEN,,0,320 319,1552.657429574184
FL0637,FL,SFO,DEN,Y,0,73W,1552.657429574184
UA1886,UA,SFO,DEN,,0,752 739 738 320 319,1552.657429574184
WN1013,WN,SFO,DEN,,0,73C 73W,1552.657429574184
AA2115,AA,SFO,DFW,,0,738 757 763,2351.9335423603
AS0460,AS,SFO,DFW,Y,0,738 757 763,2351.9335423603
UA1887,UA,SFO,DFW,,0,319 738 739,2351.9335423603
US1782,US,SFO,DFW,,0,738 757 763,2351.9335423603
VX0050,VX,SFO,DFW,,0,320 319,2351.9335423603
DL1742,DL,SFO,DTW,,0,763 739,3337.2548739162776
UA1889,UA,SFO,EWR,,0,320 739 752 319 738 73G,4118.2703404172735
VX0051,VX,SFO,EWR,,0,320,4118.2703404172735
UA1890,UA,SFO,FAT,Y,0,EM2,253.3329460096487
B60348,B6,SFO,FLL,,0,320,4150.818063175899
UA1891,UA,SFO,FLL,,0,738 319 739,4150.818063175899
VX0052,VX,SFO,FLL,,0,320,4150.818063175899
AF0972,AF,SFO,HNL,Y,0,753,3857.1960937325007
DL1743,DL,SFO,HNL,,0,753,3857.1960937325007
HA0069,HA,SFO,HNL,,0,332,3857.1960937325007
KL0742,KL,SFO,HNL,Y,0,753,3857.1960937325007
UA1895,UA,SFO,HNL,,0,777 764 738 753 739,3857.1960937325007
UA1896,UA,SFO,IAD,,0,753 752 738 739 320 319,3883.361136345021
VX0053,VX,SFO,IAD,,0,320 319,3883.361136345021
UA1897,UA,SFO,IAH,,0,319 739 753 738 320 752 788 73G,2627.1878002373915
UA1899,UA,SFO,IND,,0,319,3119.9840020812176
AA2118,AA,SFO,JFK,,0,763 32B,4151.713949042157
AS0461,AS,SFO,JFK,Y,0,763 321,4151.713949042157
B60349,B6,SFO,JFK,,0,320,4151.713949042157
DL1745,DL,SFO,JFK,,0,752,4151.713949042157
UA1900,UA,SFO,JFK,,0,757,4151.713949042157
US1785,US,SFO,JFK,,0,763 32B,4151.713949042157
VX0054,VX,SFO,JFK,,0,320,4151.713949042157
UA1902,UA,SFO,KOA,,0,753 739 738,3808.0559943794638
HA0070,HA,SFO,LAS,Y,0,320,664.8053656560321
UA1903,UA,SFO,LAS,,0,752 738 739 320 319,664.8053656560321
VX0055,VX,SFO,LAS,,0,319 320,664.8053656560321
WN1014,WN,SFO,LAS,,0,73W 73C 733 73H,664.8053656560321
AA2119,AA,SFO,LAX,,0,738,543.2449220159237
AS0462,AS,SFO,LAX,Y,0,738,543.2449220159237
DL1746,DL,SFO,LAX,Y,0,E75,543.2449220159237
UA1904,UA,SFO,LAX,,0,319 320 752 738 753 739,543.2449220159237
US1786,US,SFO,LAX,,0,738,543.2449220159237
VX0056,VX,SFO,LAX,,0,320 319,543.2449220159237
WN1015,WN,SFO,LAX,,0,733 73W 73C,543.2449220159237
B60350,B6,SFO,LGB,,0,320,569.3624187534309
UA1906,UA,SFO,LIH,,0,752,3934.071835854087
UA1908,UA,SFO,MCI,Y,0,CR7,2406.280685543747
UA1909,UA,SFO,MCO,,0,752 738 739 753,3929.1348725157186
VX0057,VX,SFO,MCO,,0,320,3929.1348725157186
FL0638,FL,SFO,MDW,Y,0,73W,2977.423582683963
WN1016,WN,SFO,MDW,,0,73W,2977.423582683963
AA2121,AA,SFO,MIA,,0,757 763 738,4153.620294339545
AS0463,AS,SFO,MIA,Y,0,757 763 738,4153.620294339545
US1787,US,SFO,MIA,,0,757 763 738,4153.620294339545
FL0639,FL,SFO,MKE,Y,0,73W,2962.312517206245
WN1017,WN,SFO,MKE,,0,73W,2962.312517206245
DL1749,DL,SFO,MSP,,0,M90 753 320 757 738,2551.3068970577797
SY0038,SY,SFO,MSP,,0,73G 738,2551.3068970577797
UA1914,UA,SFO,MSP,,0,320 739 319,2551.3068970577797
UA1915,UA,SFO,MSY,,0,320 738,3068.827739064974
UA1918,UA,SFO,OGG,,0,753 738,3760.693364246038
UA1919,UA,SFO,OKC,Y,0,CR7,2221.7506002235145
UA1920,UA,SFO,ONT,Y,0,CRJ,584.8310051625398
AA2122,AA,SFO,ORD,,0,738,2963.9172816952487
AS0464,AS,SFO,ORD,Y,0,738,2963.9172816952487
UA1921,UA,SFO,ORD,,0,738 739 752 320 753 319 777 73G,2963.9172816952487
US1788,US,SFO,ORD,,0,738,2963.9172816952487
VX0058,VX,SFO,ORD,,0,320,2963.9172816952487
FL0640,FL,SFO,ORF,Y,0,73W,4045.104380327915
AA2123,AA,SFO,PDX,Y,0,737 DH4,886.2936969999109
AS0465,AS,SFO,PDX,,0,734 73H 73G,886.2936969999109
UA1923,UA,SFO,PDX,,0,319 739 320 752 738,886.2936969999109
VX0059,VX,SFO,PDX,,0,320,886.2936969999109
AA2124,AA,SFO,PHL,,0,320 321,4047.7050628259917
UA1925,UA,SFO,PHL,,0,319 738 739 752,4047.7050628259917
US1790,US,SFO,PHL,,0,320 321,4047.7050628259917
VX0060,VX,SFO,PHL,,0,319,4047.7050628259917
AA2125,AA,SFO,PHX,,0,321 320,1046.4982592871797
UA1926,UA,SFO,PHX,,0,319 738 320,1046.4982592871797
US1791,US,SFO,PHX,,0,321 320,1046.4982592871797
WN1018,WN,SFO,PHX,,0,73C 73W 733,1046.4982592871797
UA1927,UA,SFO,PIT,,0,319 738,3618.2292812304045
AA2126,AA,SFO,PSP,Y,0,737,676.6431935456587
AS0466,AS,SFO,PSP,,0,734,676.6431935456587
DL1750,DL,SFO,PSP,Y,0,734,676.6431935456587
UA1929,UA,SFO,PSP,Y,0,CRJ CR7,676.6431935456587
UA1934,UA,SFO,RDU,,0,738 739,3853.2345780174546
UA1935,UA,SFO,RNO,Y,0,CRJ CR7,308.2648639119232
UA1937,UA,SFO,SAN,,0,738 320 319 739 73G,718.9432809490115
VX0062,VX,SFO,SAN,,0,319 320,718.9432809490115
WN1019,WN,SFO,SAN,,0,73W 73C 733,718.9432809490115
UA1938,UA,SFO,SAT,Y,0,CR7,2381.5833610905834
AA2128,AA,SFO,SEA,Y,0,737,1092.8516586356209
AS0468,AS,SFO,SEA,,0,73H 734 73G 73J 739,1092.8516586356209
DL1752,DL,SFO,SEA,Y,0,E75 734,1092.8516586356209
KL0743,KL,SFO,SEA,Y,0,734,1092.8516586356209
UA1941,UA,SFO,SEA,,0,319 738 739 320 752 753,1092.8516586356209
VX0063,VX,SFO,SEA,,0,320 319,1092.8516586356209
DL1753,DL,SFO,SLC,,0,320,961.7261991342365
UA1943,UA,SFO,SLC,,0,738 320 319,961.7261991342365
UA1944,UA,SFO,SMF,Y,0,EM2,137.84259237070387
UA1945,UA,SFO,SNA,,0,320 319 738 73G,598.2885440053797
WN1020,WN,SFO,SNA,,0,73W,598.2885440053797
UA1946,UA,SFO,STL,,0,320 319,2785.842243695913
UA1949,UA,SFO,TUS,Y,0,CRJ CR7,1208.3601271816601
DL1759,DL,SJC,ATL,,0,738,3397.659742151302
KL0751,KL,SJC,ATL,Y,0,738,3397.659742151302
WN1021,WN,SJC,AUS,,0,73W,2371.9562696279304
AS0472,AS,SJC,BOI,Y,0,DH4,841.3172805566587
B60351,B6,SJC,BOS,,0,320,4316.5179992254625
WN1022,WN,SJC,BUR,,0,73W,476.58063756284486
FL0641,FL,SJC,DEN,Y,0,73W,1522.261421478582
UA1966,UA,SJC,DEN,,0,752 319 738 73G,1522.261421478582
WN1023,WN,SJC,DEN,,0,73W,1522.261421478582
AA2135,AA,SJC,DFW,,0,M83,2310.2298588101407
US1804,US,SJC,DFW,,0,M83,2310.2298588101407
AA2137,AA,SJC,HNL,Y,0,737,3886.097250980872
AS0474,AS,SJC,HNL,,0,73H,3886.097250980872
UA1967,UA,SJC,IAH,,0,320 319 739 738,2583.2336195185994
B60352,B6,SJC,JFK,,0,320,4124.777076729531
AA2138,AA,SJC,KOA,Y,0,737,3834.094697642154
AS0475,AS,SJC,KOA,,0,73H,3834.094697642154
FL0642,FL,SJC,LAS,Y,0,73C 73W,620.4088613895045
WN1024,WN,SJC,LAS,,0,73W 733 73C 73H,620.4088613895045
AA2139,AA,SJC,LAX,Y,0,CRJ CR7,495.72859107916463
AS0476,AS,SJC,LAX,Y,0,CRJ,495.72859107916463
DL1760,DL,SJC,LAX,Y,0,CR9 CR7,495.72859107916463
FL0643,FL,SJC,LAX,Y,0,73W,495.72859107916463
SQ0199,SQ,SJC,LAX,Y,0,320,495.72859107916463
UA1968,UA,SJC,LAX,Y,0,CR7,495.72859107916463
US1805,US,SJC,LAX,,0,CR7,495.72859107916463
VX0065,VX,SJC,LAX,,0,320,495.72859107916463
WN1025,WN,SJC,LAX,,0,73W 733 73C 73H 738,495.72859107916463
AA2140,AA,SJC,LIH,Y,0,737,3964.4793894023273
AS0477,AS,SJC,LIH,,0,73H,3964.4793894023273
WN1026,WN,SJC,MDW,,0,73W,2950.3442854819355
DL1761,DL,SJC,MSP,,0,320 738,2530.0439836345336
AA2141,AA,SJC,OGG,Y,0,737,3788.1684661721542
AS0478,AS,SJC,OGG,,0,73H,3788.1684661721542
HA0071,HA,SJC,OGG,,0,763,3788.1684661721542
WN1027,WN,SJC,ONT,,0,73C 733 73W,536.4300044055133
AA2142,AA,SJC,ORD,,0,738,2937.135568915914
US1806,US,SJC,ORD,,0,738,2937.135568915914
AA2143,AA,SJC,PDX,Y,0,737 DH4,916.402683122361
AS0479,AS,SJC,PDX,,0,73H 734 73G,916.402683122361
WN1028,WN,SJC,PDX,,0,73W 73H 733 73C,916.402683122361
AA2144,AA,SJC,PHX,,0,320 319,999.1015825392373
US1807,US,SJC,PHX,,0,320 319,999.1015825392373
WN1029,WN,SJC,PHX,,0,733 73C 73W,999.1015825392373
AS0480,AS,SJC,RNO,Y,0,DH4,303.1032972145479
FL0644,FL,SJC,SAN,Y,0,73W,671.3840670416989
WN1030,WN,SJC,SAN,,0,73W 73C 733 73H,671.3840670416989
AA2145,AA,SJC,SEA,Y,0,737,1121.887893308488
AS0481,AS,SJC,SEA,,0,73H 739 734 73J,1121.887893308488
WN1031,WN,SJC,SEA,,0,73H 733 73C 73W,1121.887893308488
DL1762,DL,SJC,SLC,,0,738,938.8221486566275
WN1032,WN,SJC,SNA,,0,73H 73W,550.4455178766959
DL1771,DL,SLC,ABQ,Y,0,CR9 CR7,793.7546301538473
DL1772,DL,SLC,ANC,,0,738,3412.860168823888
AF0982,AF,SLC,ATL,Y,0,763 757 738,2553.7677557952343
AM0383,AM,SLC,ATL,Y,0,763,2553.7677557952343
AS0487,AS,SLC,ATL,Y,0,757 763 738,2553.7677557952343
AZ0763,AZ,SLC,ATL,Y,0,763,2553.7677557952343
DL1773,DL,SLC,ATL,,0,757 763 738 ,2553.7677557952343
KL0757,KL,SLC,ATL,Y,0,763 757 738,2553.7677557952343
DL1774,DL,SLC,AUS,,0,319,1747.0398946774353
DL1776,DL,SLC,BNA,Y,0,CR9,2254.818545050034
DL1777,DL,SLC,BOI,,0,73H 320 319 738,466.2601000081703
DL1778,DL,SLC,BOS,,0,73H 738 320,3379.5224585866995
DL1780,DL,SLC,BUR,Y,0,CRJ,922.9572904452067
DL1781,DL,SLC,BWI,,0,320,2993.6407473524
FL0651,FL,SLC,BWI,Y,0,73W,2993.6407473524
WN1038,WN,SLC,BWI,,0,73W,2993.6407473524
AA2170,AA,SLC,CLT,,0,320,2773.753708831811
DL1785,DL,SLC,CLT,,0,320,2773.753708831811
US1827,US,SLC,CLT,,0,320,2773.753708831811
DL1788,DL,SLC,COS,Y,0,CRJ,659.5385659891967
AS0488,AS,SLC,CVG,Y,0,73H,2327.7957735830028
DL1791,DL,SLC,CVG,,0,738 320,2327.7957735830028
DL1792,DL,SLC,DCA,,0,757 73H 738,2972.214244083085
DL1793,DL,SLC,DEN,,0,320,627.723881158865
F90194,F9,SLC,DEN,,0,320 319,627.723881158865
UA1985,UA,SLC,DEN,Y,0,CR7 CRJ ERJ DH4 E70,627.723881158865
WN1039,WN,SLC,DEN,,0,73W 738 733 73C 73H,627.723881158865
AA2171,AA,SLC,DFW,,0,M80 M83,1589.6270008709275
DL1794,DL,SLC,DFW,,0,320,1589.6270008709275
US1828,US,SLC,DFW,,0,M80 M83,1589.6270008709275
DL1795,DL,SLC,DTW,,0,320 738 757 73H 319,2377.9857190184584
DL1798,DL,SLC,EWR,,0,320,3160.313627746934
DL1800,DL,SLC,FAT,Y,0,CRJ CR9,805.1166221512328
DL1804,DL,SLC,GEG,,0,320 319,878.6329953816479
DL1808,DL,SLC,HNL,,0,763,4813.271650951931
DL1809,DL,SLC,IAH,,0,319,1922.5085307434092
UA1986,UA,SLC,IAH,Y,0,ERJ CR7 E70,1922.5085307434092
DL1811,DL,SLC,IND,,0,320 319,2175.2263840979667
B60372,B6,SLC,JFK,,0,320,3193.7191520533306
DL1813,DL,SLC,JFK,,0,738 757 73H 752,3193.7191520533306
DL1814,DL,SLC,LAS,,0,320 757 73H 738,591.5768014794959
FL0652,FL,SLC,LAS,Y,0,73C,591.5768014794959
WN1040,WN,SLC,LAS,,0,73W 73C,591.5768014794959
AA2172,AA,SLC,LAX,Y,0,CRJ CR7,949.257843665915
AS0489,AS,SLC,LAX,Y,0,757,949.257843665915
DL1815,DL,SLC,LAX,,0,739 757 320 738,949.257843665915
KL0758,KL,SLC,LAX,Y,0,757,949.257843665915
UA1987,UA,SLC,LAX,Y,0,CR7 CRJ,949.257843665915
US1829,US,SLC,LAX,,0,CR7,949.257843665915
WN1041,WN,SLC,LAX,,0,73C 733 73W,949.257843665915
B60373,B6,SLC,LGB,,0,320,947.5151938679842
DL1816,DL,SLC,LGB,Y,0,CR7 CR9,947.5151938679842
DL1818,DL,SLC,MCI,,0,319,1476.5909628749832
DL1819,DL,SLC,MCO,,0,757,3103.4488391972795
FL0653,FL,SLC,MDW,Y,0,73H,2020.6070157625375
WN1042,WN,SLC,MDW,,0,73H 73W,2020.6070157625375
DL1820,DL,SLC,MEM,,0,320,2026.7101158691094
DL1824,DL,SLC,MSP,,0,320 319 757 738,1591.6261034180636
AS0490,AS,SLC,MSY,Y,0,319 320,2295.8914386910046
DL1825,DL,SLC,MSY,,0,319 320,2295.8914386910046
DL1826,DL,SLC,OAK,,0,319 320,944.7948327523582
FL0655,FL,SLC,OAK,Y,0,73W,944.7948327523582
WN1043,WN,SLC,OAK,,0,73W 73C 733,944.7948327523582
DL1827,DL,SLC,OKC,Y,0,CR7 CR9,1391.934617365268
DL1828,DL,SLC,OMA,Y,0,CR7 E75,1348.2532341347212
DL1829,DL,SLC,ONT,,0,319,897.7987807057813
AA2173,AA,SLC,ORD,Y,0,E75 CR7,2006.2984626718442
DL1830,DL,SLC,ORD,Y,0,CR9 E75,2006.2984626718442
UA1988,UA,SLC,ORD,Y,0,E70 CR7,2006.2984626718442
US1830,US,SLC,ORD,Y,0,E75 CR7,2006.2984626718442
AS0491,AS,SLC,PDX,Y,0,320 73H 757,1011.5947749370828
DL1831,DL,SLC,PDX,,0,320 73H 757,1011.5947749370828
FL0656,FL,SLC,PDX,Y,0,733,1011.5947749370828
WN1044,WN,SLC,PDX,,0,733 73W,1011.5947749370828
AA2174,AA,SLC,PHL,,0,320,3092.9602247057924
DL1832,DL,SLC,PHL,,0,320,3092.9602247057924
US1831,US,SLC,PHL,,0,320,3092.9602247057924
AA2175,AA,SLC,PHX,,0,320 319 321,817.6815902280912
DL1833,DL,SLC,PHX,,0,320 738 73H 319,817.6815902280912
US1832,US,SLC,PHX,,0,320 319 321,817.6815902280912
WN1045,WN,SLC,PHX,,0,73W 733 73H 73C,817.6815902280912
DL1836,DL,SLC,PSP,Y,0,CRJ,870.9427511799803
DL1840,DL,SLC,RDU,,0,320 73H,2928.0520424911037
DL1842,DL,SLC,RNO,,0,73H,677.1006995398826
AS0492,AS,SLC,SAN,Y,0,319 738 320,1008.3153695625747
DL1843,DL,SLC,SAN,,0,319 738 320,1008.3153695625747
DL1844,DL,SLC,SAT,,0,320,1749.3416292385878
AS0493,AS,SLC,SEA,,0,739 734 73H 73G,1106.570245849891
DL1845,DL,SLC,SEA,,0,320 738 73H 757 739,1106.570245849891
FL0657,FL,SLC,SEA,Y,0,73W 73C,1106.570245849891
WN1046,WN,SLC,SEA,,0,73W 73C,1106.570245849891
DL1846,DL,SLC,SFO,,0,320,961.7261991342365
UA1989,UA,SLC,SFO,,0,738 320 319,961.7261991342365
DL1848,DL,SLC,SJC,,0,738,938.8221486566275
DL1850,DL,SLC,SMF,,0,320 73H 738,853.581970513228
DL1851,DL,SLC,SNA,,0,319,946.8526899272872
DL1852,DL,SLC,STL,,0,320,1856.0523121149236
DL1853,DL,SLC,TUL,Y,0,CR7,1488.093326166553
DL1854,DL,SLC,TUS,Y,0,CRJ,968.9567892088274
FL0658,FL,SLC,TUS,Y,0,73W,968.9567892088274
AF0985,AF,SMF,ATL,Y,0,757,3359.7447588328964
DL1859,DL,SMF,ATL,,0,757,3359.7447588328964
KL0760,KL,SMF,ATL,Y,0,757,3359.7447588328964
VS0185,VS,SMF,ATL,Y,0,757,3359.7447588328964
AS0494,AS,SMF,BOI,Y,0,DH4,703.414971341104
WN1047,WN,SMF,BUR,,0,73W,577.1024844162783
AA2177,AA,SMF,CLT,,0,321,3602.983332215667
US1834,US,SMF,CLT,,0,321,3602.983332215667
FL0659,FL,SMF,DEN,Y,0,73C 73H,1459.6906139988178
UA1993,UA,SMF,DEN,,0,320 739,1459.6906139988178
WN1048,WN,SMF,DEN,,0,73W 733 73H,1459.6906139988178
AA2178,AA,SMF,DFW,,0,M83,2298.4458765366285
US1835,US,SMF,DFW,,0,M83,2298.4458765366285
HA0072,HA,SMF,HNL,,0,763,3959.6988131868807
UA1994,UA,SMF,IAD,,0,320,3785.3008140014463
UA1995,UA,SMF,IAH,,0,320 739 738,2585.937743930318
B60374,B6,SMF,JFK,,0,320,4047.2940768917033
FL0660,FL,SMF,LAS,Y,0,73W 73C,638.5210010902414
WN1049,WN,SMF,LAS,,0,73H 73W 733 73C 738,638.5210010902414
AA2179,AA,SMF,LAX,Y,0,CRJ,600.4217235761602
AS0495,AS,SMF,LAX,Y,0,CRJ,600.4217235761602
DL1861,DL,SMF,LAX,Y,0,CR7 CR9,600.4217235761602
FL0661,FL,SMF,LAX,Y,0,73W,600.4217235761602
UA1996,UA,SMF,LAX,Y,0,CR7 CRJ,600.4217235761602
US1836,US,SMF,LAX,Y,0,CRJ,600.4217235761602
WN1050,WN,SMF,LAX,,0,73C 73W 733 73H 738,600.4217235761602
B60375,B6,SMF,LGB,,0,320,623.9837150739602
WN1051,WN,SMF,MDW,,0,73W,2873.965289617811
DL1862,DL,SMF,MSP,,0,320,2436.435949539012
AA2180,AA,SMF,OGG,Y,0,737,3866.46098658135
AS0496,AS,SMF,OGG,,0,73H,3866.46098658135
WN1052,WN,SMF,ONT,,0,733 73W 73C 73H,627.321893685079
UA1997,UA,SMF,ORD,,0,739 319 320,2859.794252875391
AS0497,AS,SMF,PDX,Y,0,DH4,770.9646872240071
WN1053,WN,SMF,PDX,,0,73W 73C,770.9646872240071
AA2181,AA,SMF,PHX,,0,320 319 321,1040.3910990174734
FL0662,FL,SMF,PHX,Y,0,73W,1040.3910990174734
US1837,US,SMF,PHX,,0,320 319 321,1040.3910990174734
WN1054,WN,SMF,PHX,,0,733 73W 73C,1040.3910990174734
AS0498,AS,SMF,PSP,Y,0,DH4,707.1950412421479
FL0663,FL,SMF,SAN,Y,0,73W,772.6262616939837
WN1055,WN,SMF,SAN,,0,73W 73H 73C 733,772.6262616939837
AA2182,AA,SMF,SEA,Y,0,737,974.9781141221134
AS0499,AS,SMF,SEA,,0,73H,974.9781141221134
DL1863,DL,SMF,SEA,Y,0,73H,974.9781141221134
FL0664,FL,SMF,SEA,Y,0,73W,974.9781141221134
WN1056,WN,SMF,SEA,,0,73W 73C 733,974.9781141221134
UA1998,UA,SMF,SFO,Y,0,EM2,137.84259237070387
DL1864,DL,SMF,SLC,,0,73H 320 738,853.581970513228
FL0665,FL,SMF,SNA,Y,0,73W,650.3785052138752
WN1057,WN,SMF,SNA,,0,73W,650.3785052138752
AF0986,AF,SNA,ATL,Y,0,757,3081.4031538221016
AZ0764,AZ,SNA,ATL,Y,0,757,3081.4031538221016
DL1865,DL,SNA,ATL,,0,757,3081.4031538221016
KL0761,KL,SNA,ATL,Y,0,757,3081.4031538221016
F90195,F9,SNA,DEN,,0,319,1359.680859239526
FL0666,FL,SNA,DEN,Y,0,73W,1359.680859239526
UA2000,UA,SNA,DEN,,0,320 738 73G,1359.680859239526
WN1058,WN,SNA,DEN,,0,73W,1359.680859239526
AA2183,AA,SNA,DFW,,0,738,1934.9813305099185
AS0500,AS,SNA,DFW,Y,0,738,1934.9813305099185
US1838,US,SNA,DFW,,0,738,1934.9813305099185
UA2001,UA,SNA,EWR,,0,73G,3907.7784203223723
WN1059,WN,SNA,HOU,,0,73W,2180.0379302958604
UA2002,UA,SNA,IAH,,0,320 738 73G 752,2162.922157748362
FL0667,FL,SNA,LAS,,0,73G,364.87462393630256
WN1060,WN,SNA,LAS,,0,73W,364.87462393630256
DL1866,DL,SNA,MSP,,0,319,2445.801185087894
FL0669,FL,SNA,OAK,Y,0,73W,597.1241565348903
WN1061,WN,SNA,OAK,,0,73W 73H,597.1241565348903
AA2184,AA,SNA,ORD,,0,738,2772.0631444276883
UA2003,UA,SNA,ORD,,0,73G,2772.0631444276883
US1839,US,SNA,ORD,,0,738,2772.0631444276883
AA2185,AA,SNA,PDX,Y,0,737,1384.5813874244352
AS0501,AS,SNA,PDX,,0,73G 73H,1384.5813874244352
AA2186,AA,SNA,PHX,,0,320 319 321,543.908477694611
FL0670,FL,SNA,PHX,Y,0,73W,543.908477694611
US1840,US,SNA,PHX,,0,320 319 321,543.908477694611
WN1062,WN,SNA,PHX,,0,73W 73H,543.908477694611
AA2187,AA,SNA,SEA,Y,0,737,1576.055535404181
AS0502,AS,SNA,SEA,,0,73G 73H,1576.055535404181
FL0671,FL,SNA,SFO,Y,0,73W,598.2885440053797
UA2004,UA,SNA,SFO,,0,738 319 320,598.2885440053797
WN1063,WN,SNA,SFO,,0,73W,598.2885440053797
WN1064,WN,SNA,SJC,,0,73W,550.4455178766959
DL1867,DL,SNA,SLC,,0,319,946.8526899272872
WN1065,WN,SNA,SMF,,0,73W 73H,650.3785052138752
AF0996,AF,SRQ,ATL,Y,0,M90,716.8733996509546
AZ0767,AZ,SRQ,ATL,Y,0,M90,716.8733996509546
DL1871,DL,SRQ,ATL,,0,757 M90,716.8733996509546
KL0762,KL,SRQ,ATL,Y,0,M90,716.8733996509546
VS0186,VS,SRQ,ATL,Y,0,M90,716.8733996509546
AA2190,AA,SRQ,CLT,Y,0,CR9 E75,882.8035258634379
US1842,US,SRQ,CLT,Y,0,CR9 E75,882.8035258634379
AA2191,AA,SRQ,DCA,Y,0,CRJ,1372.941728827146
US1843,US,SRQ,DCA,Y,0,CRJ,1372.941728827146
B60376,B6,SRQ,JFK,,0,E90,1678.0322614273962
B60377,B6,SRQ,LGA,,0,320,1687.093137628817
DL1872,DL,SRQ,LGA,,0,319,1687.093137628817
UA2010,UA,SRQ,ORD,,0,738 319 320,1692.89650236951
AF0998,AF,STL,ATL,Y,0,M90 717 M88,779.0051856208638
AM0390,AM,STL,ATL,Y,0,717 M90 M88,779.0051856208638
AZ0768,AZ,STL,ATL,Y,0,M90 M88,779.0051856208638
DL1874,DL,STL,ATL,,0,M90 717  M88 319,779.0051856208638
FL0673,FL,STL,ATL,,0,717,779.0051856208638
KL0764,KL,STL,ATL,Y,0,M90 M88 319,779.0051856208638
VS0187,VS,STL,ATL,Y,0,M90 717 M88 319,779.0051856208638
WN1066,WN,STL,ATL,,0,73W,779.0051856208638
FL0674,FL,STL,BNA,Y,0,73C,437.4105221082957
WN1067,WN,STL,BNA,,0,73W 73C,437.4105221082957
WN1068,WN,STL,BOS,,0,73C 73W,1680.339746225937
FL0675,FL,STL,BWI,Y,0,73W,1184.4863535432044
WN1069,WN,STL,BWI,,0,73C 73W 733,1184.4863535432044
UA2012,UA,STL,CLE,Y,0,ER4 ERJ,782.6015220862645
AA2194,AA,STL,CLT,,0,319,924.3745727556258
US1846,US,STL,CLT,,0,319,924.3745727556258
FL0676,FL,STL,CMH,Y,0,73W,657.4167204673972
WN1070,WN,STL,CMH,,0,73W,657.4167204673972
DL1875,DL,STL,CVG,,0,CR7,494.5035889136144
FL0677,FL,STL,DAL,Y,0,73W,878.2864298781651
WN1071,WN,STL,DAL,,0,73W 73C,878.2864298781651
AA2195,AA,STL,DCA,Y,0,CR7,1154.3804797913679
US1847,US,STL,DCA,Y,0,CR7,1154.3804797913679
WN1072,WN,STL,DCA,,0,73W,1154.3804797913679
F90199,F9,STL,DEN,,0,320 319,1235.5731046321494
FL0678,FL,STL,DEN,Y,0,73C,1235.5731046321494
UA2013,UA,STL,DEN,Y,0,CR7 ERJ CRJ,1235.5731046321494
WN1073,WN,STL,DEN,,0,733 73W 73C,1235.5731046321494
AA2196,AA,STL,DFW,,0,M83 M80 738,885.3782369662816
FL0679,FL,STL,DFW,Y,0,73W,885.3782369662816
US1848,US,STL,DFW,,0,M83 M80 738,885.3782369662816
DL1876,DL,STL,DTW,,0,CR7 320 717,707.1513209705829
FL0680,FL,STL,DTW,Y,0,73C,707.1513209705829
WN1074,WN,STL,DTW,,0,73C,707.1513209705829
UA2014,UA,STL,EWR,Y,0,ERJ E70,1400.167931633924
WN1076,WN,STL,EWR,,0,73W,1400.167931633924
FL0681,FL,STL,FLL,Y,0,73W,1702.254151919894
WN1077,WN,STL,FLL,,0,733 73W,1702.254151919894
FL0682,FL,STL,GRR,Y,0,73W,614.1926825119309
WN1078,WN,STL,GRR,,0,73C 73W,614.1926825119309
WN1079,WN,STL,HOU,,0,73W 733 73C,1107.8073662602906
UA2015,UA,STL,IAD,Y,0,ER4 ERJ CR7 E70,1117.6685299889004
UA2016,UA,STL,IAH,Y,0,ER4 ERJ,1075.606771520837
DL1877,DL,STL,JFK,Y,0,CR9 CR7,1432.789202676192
FL0683,FL,STL,LAS,Y,0,73C,2201.7544104418685
WN1080,WN,STL,LAS,,0,738 73W 73C 73H 733,2201.7544104418685
AA2197,AA,STL,LAX,,0,M83,2556.762806012402
AS0505,AS,STL,LAX,Y,0,M83,2556.762806012402
FL0684,FL,STL,LAX,Y,0,73W,2556.762806012402
US1849,US,STL,LAX,,0,M83,2556.762806012402
WN1081,WN,STL,LAX,,0,73W,2556.762806012402
AA2198,AA,STL,LGA,Y,0,CR7,1425.844998730563
DL1878,DL,STL,LGA,,0,CR7,1425.844998730563
US1850,US,STL,LGA,Y,0,CR7,1425.844998730563
WN1082,WN,STL,LGA,,0,73W,1425.844998730563
FL0685,FL,STL,MCI,Y,0,73C,380.20763196174784
WN1083,WN,STL,MCI,,0,73W 73C,380.20763196174784
WN1084,WN,STL,MCO,,0,73W 73H 733,1419.930070368987
FL0686,FL,STL,MDW,Y,0,73H 73W 73C,404.1637386616009
WN1085,WN,STL,MDW,,0,73W 73H 73C,404.1637386616009
AA2199,AA,STL,MIA,,0,738,1721.4730781146416
US1851,US,STL,MIA,,0,738,1721.4730781146416
FL0687,FL,STL,MKE,Y,0,73W,511.0464663068054
WN1086,WN,STL,MKE,,0,73W,511.0464663068054
DL1879,DL,STL,MSP,,0,M90 319 320 M88,721.4504280679766
FL0688,FL,STL,MSP,Y,0,73W,721.4504280679766
WN1087,WN,STL,MSP,,0,73W,721.4504280679766
FL0689,FL,STL,MSY,Y,0,73W,973.5922677443843
WN1088,WN,STL,MSY,,0,73W 73C,973.5922677443843
FL0690,FL,STL,OKC,Y,0,73C,741.5827682228099
WN1089,WN,STL,OKC,,0,73C,741.5827682228099
FL0691,FL,STL,OMA,Y,0,73W,549.3096024263971
WN1090,WN,STL,OMA,,0,733 73C 73W,549.3096024263971
AA2200,AA,STL,ORD,,0,M80 M83 738,415.4186613857083
UA2017,UA,STL,ORD,Y,0,ER4 CR7,415.4186613857083
US1852,US,STL,ORD,,0,M80 M83 738,415.4186613857083
AA2201,AA,STL,PHL,Y,0,E75 CRJ E70,1306.006436362642
FL0692,FL,STL,PHL,Y,0,73C,1306.006436362642
US1853,US,STL,PHL,,0,CRJ,1306.006436362642
WN1091,WN,STL,PHL,,0,73C 73W,1306.006436362642
AA2202,AA,STL,PHX,,0,319,2026.2539199309138
US1854,US,STL,PHX,,0,319,2026.2539199309138
WN1092,WN,STL,PHX,,0,73W 733 73H,2026.2539199309138
AA2203,AA,STL,PIT,Y,0,ER4,889.0793265849284
US1855,US,STL,PIT,Y,0,ERJ,889.0793265849284
FL0693,FL,STL,RDU,Y,0,73W,1072.0021972992433
WN1093,WN,STL,RDU,,0,73W,1072.0021972992433
WN1094,WN,STL,RSW,,0,73W 73C,1577.8689974253123
WN1095,WN,STL,SAN,,0,73W,2501.172158198832
FL0694,FL,STL,SAT,Y,0,73C,1265.8815495333868
WN1096,WN,STL,SAT,,0,73C 73W,1265.8815495333868
AA2204,AA,STL,SEA,Y,0,737,2744.4218279481306
AS0506,AS,STL,SEA,,0,73H 73J,2744.4218279481306
UA2018,UA,STL,SFO,,0,320 319,2785.842243695913
DL1880,DL,STL,SLC,,0,320,1856.0523121149236
FL0695,FL,STL,TPA,Y,0,73W,1400.3174251144103
WN1097,WN,STL,TPA,,0,73W 73C 73H,1400.3174251144103
WN1098,WN,STL,TUL,,0,73W,563.2932945986241
9E0043,9E,SYR,ATL,,0,CR9,1277.6344706811456
AF1013,AF,SYR,ATL,Y,0,M88 CR9,1277.6344706811456
DL1892,DL,SYR,ATL,,0,M88,1277.6344706811456
KL0773,KL,SYR,ATL,Y,0,M88 CR9,1277.6344706811456
AA2233,AA,SYR,BOS,,0,DH3,424.5695519499861
US1869,US,SYR,BOS,Y,0,DH8,424.5695519499861
UA2031,UA,SYR,CLE,,0,DH3,508.89195074349055
AA2234,AA,SYR,CLT,,0,320 319,971.6686176802259
US1870,US,SYR,CLT,,0,320 319,971.6686176802259
AA2235,AA,SYR,DCA,Y,0,E70 CRJ,479.9908094524161
US1871,US,SYR,DCA,Y,0,E70 CRJ,479.9908094524161
DL1893,DL,SYR,DTW,,0,ERJ,600.7560953711262
UA2032,UA,SYR,EWR,Y,0,DH2 DH3 ERJ,313.32243638523715
UA2033,UA,SYR,IAD,Y,0,ERJ CRJ DH4 ER4 CR7 DH2,476.9250144950292
B60389,B6,SYR,JFK,,0,E90,335.61582345741436
DL1894,DL,SYR,JFK,,0,ERJ,335.61582345741436
DL1895,DL,SYR,LGA,,0,CR7,318.5381789038566
B60390,B6,SYR,MCO,,0,E90 320,1697.754257362204
DL1896,DL,SYR,MSP,Y,0,CR9 E70,1380.5231230008098
AA2236,AA,SYR,ORD,Y,0,CR7 ER4,973.9030574029567
UA2034,UA,SYR,ORD,Y,0,ER4 CRJ ERJ CR7,973.9030574029567
US1872,US,SYR,ORD,,0,ER4 CR7,973.9030574029567
AA2237,AA,SYR,PHL,,0,DH3,367.32543511608344
US1873,US,SYR,PHL,Y,0,CRJ E75 DH8,367.32543511608344
G40362,G4,SYR,PIE,,0,320,1790.65464422185
FL0696,FL,TPA,ALB,Y,0,73W,1821.0127194492877
WN1099,WN,TPA,ALB,,0,73W,1821.0127194492877
AF1035,AF,TPA,ATL,Y,0,757 739,654.9517713227842
AM0409,AM,TPA,ATL,Y,0,757,654.9517713227842
AZ0811,AZ,TPA,ATL,Y,0,757,654.9517713227842
DL1900,DL,TPA,ATL,,0,757 739 M90 738,654.9517713227842
FL0697,FL,TPA,ATL,,0,717,654.9517713227842
KL0785,KL,TPA,ATL,Y,0,757 739,654.9517713227842
VS0189,VS,TPA,ATL,Y,0,757 739,654.9517713227842
WN1100,WN,TPA,ATL,,0,73C 73W,654.9517713227842
WN1101,WN,TPA,AUS,,0,73C,1489.5360706920296
B60391,B6,TPA,BDL,,0,320,1790.2880405469416
FL0698,FL,TPA,BDL,Y,0,73C,1790.2880405469416
WN1102,WN,TPA,BDL,,0,733 73C,1790.2880405469416
FL0699,FL,TPA,BHM,Y,0,73W,740.3269376319146
WN1103,WN,TPA,BHM,,0,73W,740.3269376319146
WN1104,WN,TPA,BNA,,0,73C 73W 733,986.457600263267
B60392,B6,TPA,BOS,,0,320,1908.1174074692367
WN1105,WN,TPA,BUF,,0,73W,1698.7647724819703
FL0700,FL,TPA,BWI,,0,717,1357.9050421255215
WN1106,WN,TPA,BWI,,0,73W 73H 738 73C,1357.9050421255215
UA2043,UA,TPA,CLE,,0,73G,1495.3286387962467
AA2246,AA,TPA,CLT,,0,320 737 321 319,818.8135946822567
US1881,US,TPA,CLT,,0,320 734 321 319,818.8135946822567
DL1901,DL,TPA,CMH,Y,0,E75,1337.2465682448162
FL0702,FL,TPA,CMH,Y,0,73W,1337.2465682448162
WN1108,WN,TPA,CMH,,0,73W 733,1337.2465682448162
DL1902,DL,TPA,CVG,,0,M88,1246.9833402926422
AA2247,AA,TPA,DCA,,0,319,1311.8728981859779
B60393,B6,TPA,DCA,,0,320,1311.8728981859779
US1882,US,TPA,DCA,,0,319,1311.8728981859779
F90203,F9,TPA,DEN,,0,319 320,2422.4949305527393
UA2044,UA,TPA,DEN,,0,739 738 320,2422.4949305527393
WN1110,WN,TPA,DEN,,0,73W,2422.4949305527393
AA2248,AA,TPA,DFW,,0,738 M83 M80,1492.6932972961401
NK0238,NK,TPA,DFW,,0,320,1492.6932972961401
US1883,US,TPA,DFW,,0,738 M83 M80,1492.6932972961401
DL1903,DL,TPA,DTW,,0,757 M88 738 M90,1584.9600848205948
NK0239,NK,TPA,DTW,,0,319,1584.9600848205948
B60394,B6,TPA,EWR,,0,320,1606.8885299994913
UA2045,UA,TPA,EWR,,0,738 739 73G 752 320,1606.8885299994913
3M0060,3M,TPA,FLL,,0,SF3,316.7993331534323
FL0705,FL,TPA,FLL,Y,0,73W,316.7993331534323
NK0240,NK,TPA,FLL,,0,319,316.7993331534323
UA2047,UA,TPA,FLL,Y,0,SF3,316.7993331534323
WN1112,WN,TPA,FLL,,0,73W 73C,316.7993331534323
WN1114,WN,TPA,GRR,,0,73W,1679.0698504140544
FL0706,FL,TPA,HOU,Y,0,73W 73C,1254.7577250469642
WN1115,WN,TPA,HOU,,0,738 73W 73H 73C,1254.7577250469642
UA2049,UA,TPA,IAD,,0,738 320,1306.8672724748553
UA2050,UA,TPA,IAH,,0,73G 320 739 738,1265.0251829593406
DL1904,DL,TPA,IND,Y,0,E75,1350.6705859321896
FL0707,FL,TPA,IND,,0,717,1350.6705859321896
WN1116,WN,TPA,IND,,0,733 73C 73W,1350.6705859321896
3M0062,3M,TPA,JAX,,0,SF3,291.6442614343352
UA2051,UA,TPA,JAX,Y,0,SF3,291.6442614343352
AA2249,AA,TPA,JFK,Y,0,CR7,1619.4722894656848
B60396,B6,TPA,JFK,,0,320 E90,1619.4722894656848
DL1905,DL,TPA,JFK,,0,738 M88 73H,1619.4722894656848
US1884,US,TPA,JFK,Y,0,CR7,1619.4722894656848
WN1118,WN,TPA,LAS,,0,73H 73W,3187.4796609017158
DL1906,DL,TPA,LAX,,0,320,3466.426898119395
B60397,B6,TPA,LGA,,0,320,1628.2894990956395
DL1907,DL,TPA,LGA,,0,319 M88,1628.2894990956395
FL0709,FL,TPA,MCI,Y,0,73C,1687.1680416328993
WN1119,WN,TPA,MCI,,0,73C 733,1687.1680416328993
FL0710,FL,TPA,MDW,Y,0,73W,1606.904939732362
WN1120,WN,TPA,MDW,,0,73H 73W,1606.904939732362
WN1121,WN,TPA,MEM,,0,73C 73W,1055.5009247543985
AA2251,AA,TPA,MIA,,0,738,328.97620574789426
US1885,US,TPA,MIA,,0,738,328.97620574789426
FL0711,FL,TPA,MKE,Y,0,73C,1733.2010807404345
WN1123,WN,TPA,MKE,,0,73W 73C,1733.2010807404345
DL1908,DL,TPA,MSP,,0,757 M88 320,2104.580615436631
FL0712,FL,TPA,MSY,Y,0,73W 733,784.5841928873053
WN1124,WN,TPA,MSY,,0,73W 733,784.5841928873053
AA2252,AA,TPA,ORD,,0,738 M83 M80,1631.254661232574
NK0241,NK,TPA,ORD,,0,319,1631.254661232574
UA2052,UA,TPA,ORD,,0,739 320 73G,1631.254661232574
US1886,US,TPA,ORD,,0,738 M83 M80,1631.254661232574
3M0063,3M,TPA,PBI,,0,SF3,280.4016576212992
UA2053,UA,TPA,PBI,Y,0,SF3,280.4016576212992
FL0713,FL,TPA,PDX,Y,0,73H,4013.1661415350377
AA2253,AA,TPA,PHL,,0,737 321 319 320,1482.7372257573602
US1887,US,TPA,PHL,,0,734 321 319 320,1482.7372257573602
WN1125,WN,TPA,PHL,,0,73W,1482.7372257573602
AA2254,AA,TPA,PHX,,0,320,2872.1927818016497
FL0714,FL,TPA,PHX,Y,0,73W,2872.1927818016497
US1888,US,TPA,PHX,,0,320,2872.1927818016497
WN1126,WN,TPA,PHX,,0,73W,2872.1927818016497
FL0715,FL,TPA,PIT,,0,717,1407.5381821260319
WN1127,WN,TPA,PIT,,0,73W 733,1407.5381821260319
3M0064,3M,TPA,PNS,,0,SF3,530.0355608958799
UA2054,UA,TPA,PNS,Y,0,SF3,530.0355608958799
FL0716,FL,TPA,PVD,Y,0,73W 73H,1830.7441381613705
WN1128,WN,TPA,PVD,,0,73W 73H,1830.7441381613705
DL1909,DL,TPA,RDU,Y,0,CR9 CRJ,946.9975677328013
FL0717,FL,TPA,RDU,Y,0,73W,946.9975677328013
WN1129,WN,TPA,RDU,,0,73W,946.9975677328013
WN1130,WN,TPA,ROC,,0,73W,1739.5144184119938
FL0718,FL,TPA,SAT,Y,0,73W,1561.9347642795317
WN1131,WN,TPA,SAT,,0,73W 73C,1561.9347642795317
WN1132,WN,TPA,SDF,,0,73W,1172.013767068682
FL0719,FL,TPA,SEA,Y,0,73W,4051.02331812964
FL0721,FL,TPA,STL,Y,0,73C,1400.3174251144103
WN1134,WN,TPA,STL,,0,73W 73C 73H,1400.3174251144103
AF1040,AF,TUL,ATL,Y,0,CR7 CR9,1082.067827790564
DL1914,DL,TUL,ATL,,0,M88,1082.067827790564
KL0793,KL,TUL,ATL,Y,0,CR7 CR9,1082.067827790564
VS0190,VS,TUL,ATL,Y,0,CR7 CR9 M88,1082.067827790564
WN1135,WN,TUL,DAL,,0,73W 735,383.0179463847747
FL0722,FL,TUL,DEN,Y,0,73W,870.2327456293121
UA2061,UA,TUL,DEN,Y,0,CRJ ERJ CR7,870.2327456293121
WN1136,WN,TUL,DEN,,0,73W,870.2327456293121
AA2259,AA,TUL,DFW,,0,M80 738 M83 757,381.8252958482535
US1894,US,TUL,DFW,,0,M80 738 M83 757,381.8252958482535
DL1915,DL,TUL,DTW,Y,0,CR7,1268.2918517079306
UA2062,UA,TUL,EWR,Y,0,ERJ,1950.4641338782073
WN1137,WN,TUL,HOU,,0,73W,730.7329498187124
UA2063,UA,TUL,IAD,Y,0,CR7 ERJ,1649.8106268734439
UA2064,UA,TUL,IAH,Y,0,ERJ CRJ CR7,692.6768478196677
WN1138,WN,TUL,LAS,,0,73W,1727.2097703564866
WN1139,WN,TUL,MDW,,0,73W,937.48613250869
AA2260,AA,TUL,MIA,,0,738,1879.1626234959854
US1895,US,TUL,MIA,,0,738,1879.1626234959854
DL1916,DL,TUL,MSP,Y,0,CRJ,991.2535805136945
AA2261,AA,TUL,ORD,,0,738,941.4373544799603
UA2065,UA,TUL,ORD,Y,0,ERJ CRJ CR7,941.4373544799603
US1896,US,TUL,ORD,,0,738,941.4373544799603
WN1140,WN,TUL,PHX,,0,73W,1501.3636315165445
G40368,G4,TUL,SFB,,0,320,1600.3092550078263
DL1917,DL,TUL,SLC,Y,0,CR7,1488.093326166553
WN1141,WN,TUL,STL,,0,73W,563.2932945986241
AF1043,AF,TUS,ATL,Y,0,M90,2474.708122392808
AZ0832,AZ,TUS,ATL,Y,0,M90,2474.708122392808
DL1918,DL,TUS,ATL,,0,M90,2474.708122392808
KL0794,KL,TUS,ATL,Y,0,M90,2474.708122392808
VS0191,VS,TUS,ATL,Y,0,M90,2474.708122392808
UA2066,UA,TUS,DEN,Y,0,ERJ CRJ CR7,1028.5806160065322
WN1142,WN,TUS,DEN,,0,73W 733,1028.5806160065322
AA2262,AA,TUS,DFW,,0,M80 M83,1305.421527652929
US1897,US,TUS,DFW,,0,M80 M83,1305.421527652929
UA2067,UA,TUS,IAH,Y,0,CR7 ERJ,1503.1643858452146
FL0723,FL,TUS,LAS,Y,0,73W,587.4384394355116
WN1143,WN,TUS,LAS,,0,73W 73C,587.4384394355116
AA2263,AA,TUS,LAX,Y,0,CRJ,725.2269960619934
AS0511,AS,TUS,LAX,Y,0,CRJ,725.2269960619934
FL0724,FL,TUS,LAX,Y,0,73C,725.2269960619934
UA2068,UA,TUS,LAX,Y,0,CR7 CRJ,725.2269960619934
US1898,US,TUS,LAX,,0,CRJ,725.2269960619934
WN1144,WN,TUS,LAX,,0,73C 73W 733 73H,725.2269960619934
FL0725,FL,TUS,MDW,Y,0,73H,2313.648694274251
WN1145,WN,TUS,MDW,,0,73H 73W,2313.648694274251
DL1919,DL,TUS,MSP,,0,M90,2087.0552412872353
AA2264,AA,TUS,ORD,,0,M83 M80,2309.330307547249
US1899,US,TUS,ORD,,0,M83 M80,2309.330307547249
AS0512,AS,TUS,PDX,Y,0,CR7,1802.4515142391845
AA2265,AA,TUS,PHX,Y,0,CR9 CRJ,177.53750036787534
US1900,US,TUS,PHX,Y,0,CR9 CRJ,177.53750036787534
WN1146,WN,TUS,SAN,,0,73W 73C 733,590.7343078330014
AS0513,AS,TUS,SEA,,0,73J,1957.674751650482
UA2069,UA,TUS,SFO,Y,0,CRJ,1208.3601271816601
FL0726,FL,TUS,SJC,Y,0,73W,1160.3397158339683
DL1920,DL,TUS,SLC,Y,0,CRJ,968.9567892088274
9E0045,9E,TYS,ATL,,0,CRJ CR9 ,245.00371183860847
AF1046,AF,TYS,ATL,Y,0,CRJ 717 CR7 CR9,245.00371183860847
AS0514,AS,TYS,ATL,Y,0,CRJ 717 CR9 CR7,245.00371183860847
AZ0838,AZ,TYS,ATL,Y,0,717,245.00371183860847
DL1924,DL,TYS,ATL,,0,717,245.00371183860847
KL0796,KL,TYS,ATL,Y,0,717 CR7 CRJ CR9,245.00371183860847
AA2273,AA,TYS,CLT,Y,0,CR7 CRJ,283.99490184993135
US1904,US,TYS,CLT,,0,CRJ CR7,283.99490184993135
AA2274,AA,TYS,DCA,Y,0,CRJ,701.5799781929999
US1905,US,TYS,DCA,,0,CRJ,701.5799781929999
F90220,F9,TYS,DEN,,0,319,1866.3940159166789
UA2073,UA,TYS,DEN,Y,0,ERJ,1866.3940159166789
AA2275,AA,TYS,DFW,Y,0,ER4 CRJ ERD,1239.3996336956627
US1906,US,TYS,DFW,,0,ER4 ERD,1239.3996336956627
DL1925,DL,TYS,DTW,Y,0,CRJ,714.094356598883
UA2074,UA,TYS,EWR,Y,0,ERJ,1013.9696016444382
G40369,G4,TYS,FLL,,0,M80,1142.8528791514732
UA2075,UA,TYS,IAD,Y,0,ERJ,674.3913836562272
UA2076,UA,TYS,IAH,Y,0,ERJ,1240.5232000733558
AA2276,AA,TYS,LGA,Y,0,ERD,1040.6603302944052
DL1926,DL,TYS,LGA,Y,0,CRJ,1040.6603302944052
US1907,US,TYS,LGA,,0,ERD,1040.6603302944052
DL1927,DL,TYS,MSP,Y,0,CR9,1274.3273897677873
AA2277,AA,TYS,ORD,Y,0,ERD ER4,764.5489012290797
UA2077,UA,TYS,ORD,Y,0,ERJ,764.5489012290797
US1908,US,TYS,ORD,,0,ERD ER4,764.5489012290797
AA2278,AA,TYS,PHL,Y,0,CRJ,890.8034151333267
US1909,US,TYS,PHL,,0,CRJ,890.8034151333267
G40371,G4,TYS,PIE,,0,M80 320,887.1233641799233
G40372,G4,TYS,SFB,,0,M80 320,824.201918253668
