name,iso_country,iso_region,continent,municipality,iata_code,icao_code,latitude_deg,longitude_deg,elevation_ft,scheduled_service,type,is_international,wikipedia_link
A Coruña Airport,ES,ES-GA,EU,Culleredo,LCG,LECO,43.302101,-8.37726,326.0,yes,medium_airport,yes,https://en.wikipedia.org/wiki/A_Coru%C3%B1a_Airport
A.N.R. Robinson International Airport,TT,TT-TOB,NA,Scarborough,TAB,TTCP,11.149571,-60.831298,38.0,yes,large_airport,yes,https://en.wikipedia.org/wiki/A.N.R._Robinson_International_Airport
Aalborg Airport,DK,DK-81,EU,Aalborg,AAL,EKYT,57.094763,9.84993,10.0,yes,large_airport,yes,https://en.wikipedia.org/wiki/Aalborg_Airport
Aappilattoq Heliport,GL,GL-KU,NA,Aappilattoq,QUV,,60.148357,-44.286916,30.0,yes,heliport,no,https://en.wikipedia.org/wiki/Aappilattoq_Heliport_(Kujalleq)
Aappilattoq Heliport,GL,GL-AV,NA,Aappilattoq,AOQ,,72.88703,-55.596287,42.0,yes,heliport,no,https://en.wikipedia.org/wiki/Aappilattoq_Heliport_(Avannaata)
Aarhus Airport,DK,DK-82,EU,Aarhus,AAR,EKAH,56.303331,10.618286,82.0,yes,large_airport,yes,https://en.wikipedia.org/wiki/Aarhus_Airport
Aasiaat Airport,GL,GL-QK,NA,Aasiaat,JEG,BGAA,68.721802,-52.784698,74.0,yes,medium_airport,no,https://en.wikipedia.org/wiki/Aasiaat_Airport
Aba Tenna Dejazmach Yilma International Airport,ET,ET-DD,AF,Dire Dawa,DIR,HADR,9.623549,41.855027,3827.0,yes,large_airport,yes,https://en.wikipedia.org/wiki/Aba_Tenna_Dejazmach_Yilma_International_Airport
Abadan Ayatollah Jami International Airport,IR,IR-06,AS,Abadan,ABD,OIAA,30.367887,48.230075,10.0,yes,large_airport,yes,https://en.wikipedia.org/wiki/Abadan_Airport
Abakan International Airport,RU,RU-KK,AS,Abakan,ABA,UNAA,53.740002,91.385002,831.0,yes,large_airport,yes,https://en.wikipedia.org/wiki/Abakan_International_Airport
Abbotsford International Airport,CA,CA-BC,NA,Abbotsford,YXX,CYXX,49.025299,-122.361,195.0,yes,medium_airport,yes,https://en.wikipedia.org/wiki/Abbotsford_International_Airport
Abdelhafid Boussouf Bou Chekif Airport,DZ,DZ-14,AF,Tiaret,TID,DAOB,35.341099,1.46315,3245.0,no,medium_airport,no,https://en.wikipedia.org/wiki/Bou_Chekif_Airport
Abdul Rachman Saleh Airport,ID,ID-JI,AS,Malang,MLG,WARA,-7.929099,112.714233,1726.0,yes,medium_airport,no,https://en.wikipedia.org/wiki/Abdul_Rachman_Saleh_Airport
Abeid Amani Karume International Airport,TZ,TZ-07,AF,Zanzibar,ZNZ,HTZA,-6.22202,39.224899,54.0,yes,large_airport,yes,https://en.wikipedia.org/wiki/Abeid_Amani_Karume_International_Airport
Abel Santamaria International Airport,CU,CU-05,NA,Santa Clara,SNU,MUSC,22.492215,-79.943119,338.0,yes,large_airport,yes,https://en.wikipedia.org/wiki/Abel_Santa_Mar%C3%ADa_Airport
Aberdeen International Airport,GB,GB-SCT,EU,Aberdeen,ABZ,EGPD,57.2019,-2.19778,215.0,yes,large_airport,yes,https://en.wikipedia.org/wiki/Aberdeen_Airport
Aberdeen Regional Airport,US,US-SD,NA,Aberdeen,ABR,KABR,45.449100494384766,-98.42179870605467,1302.0,yes,medium_airport,no,https://en.wikipedia.org/wiki/Aberdeen_Regional_Airport
Abha International Airport,SA,SA-14,AS,Abha,AHB,OEAB,18.2404,42.656601,6858.0,yes,large_airport,yes,https://en.wikipedia.org/wiki/Abha_International_Airport
Abilene Regional Airport,US,US-TX,NA,Abilene,ABI,KABI,32.4113006592,-99.6819000244,1791.0,yes,medium_airport,no,https://en.wikipedia.org/wiki/Abilene_Regional_Airport
Abraham González International Airport,MX,MX-CHH,NA,Ciudad Juárez,CJS,MMCS,31.636673,-106.428533,3904.0,yes,large_airport,no,https://en.wikipedia.org/wiki/Abraham_Gonz%C3%A1lez_International_Airport
Abraham Lincoln Capital Airport,US,US-IL,NA,Springfield,SPI,KSPI,39.844101,-89.677902,598.0,yes,medium_airport,no,https://en.wikipedia.org/wiki/Abraham_Lincoln_Capital_Airport
Abruzzo Airport,IT,IT-65,EU,Pescara,PSR,LIBP,42.431079,14.182981,48.0,yes,large_airport,yes,https://en.wikipedia.org/wiki/Abruzzo_Airport
Abu Simbel Airport,EG,EG-ASN,AF,Abu Simbel,ABS,HEBL,22.375924,31.611734,614.0,yes,medium_airport,no,https://en.wikipedia.org/wiki/Abu_Simbel_Airport
Achutupu Airport,PA,PA-GY,NA,Mamitupu,ACU,,9.188481,-77.994153,10.0,no,small_airport,no,https://en.wikipedia.org/wiki/Achutupo_Airport
Adak Airport,US,US-AK,NA,Adak,ADK,PADK,51.883564,-176.642783,18.0,yes,medium_airport,no,https://en.wikipedia.org/wiki/Adak_Airport
Adana Şakirpaşa Airport,TR,TR-01,AS,Seyhan,ADA,LTAF,36.982201,35.280399,65.0,no,small_airport,yes,https://en.wikipedia.org/wiki/Adana_%C5%9Eakirpa%C5%9Fa_Airport
Addis Ababa Bole International Airport,ET,ET-AA,AF,Addis Ababa,ADD,HAAB,8.97789,38.799301,7630.0,yes,large_airport,yes,https://en.wikipedia.org/wiki/Addis_Ababa_Bole_International_Airport
Adelaide International Airport,AU,AU-SA,OC,Adelaide,ADL,YPAD,-34.947512,138.533393,20.0,yes,large_airport,yes,https://en.wikipedia.org/wiki/Adelaide_Airport
Aden Adde International Airport,SO,SO-BN,AF,Mogadishu,MGQ,HCMM,2.01444,45.304699,29.0,yes,large_airport,yes,https://en.wikipedia.org/wiki/Aden_Adde_International_Airport
Aden International Airport,YE,YE-AD,AS,Aden,ADE,OYAA,12.829564,45.029976,7.0,yes,large_airport,yes,https://en.wikipedia.org/wiki/Aden_International_Airport
Adirondack Regional Airport,US,US-NY,NA,Saranac Lake,SLK,KSLK,44.38691,-74.204629,1663.0,yes,medium_airport,no,https://en.wikipedia.org/wiki/Adirondack_Regional_Airport
Adisoemarmo International Airport,ID,ID-JT,AS,Surakarta,SOC,WAHQ,-7.516044,110.757492,421.0,yes,large_airport,yes,https://en.wikipedia.org/wiki/Adisumarmo_Airport
Adisutjipto International Airport,ID,ID-YO,AS,Yogyakarta,JOG,WAHH,-7.78818,110.431999,379.0,yes,medium_airport,no,https://en.wikipedia.org/wiki/Adisutjipto_Airport
Adnan Menderes International Airport,TR,TR-35,AS,Gaziemir,ADB,LTBJ,38.2924,27.157,412.0,yes,large_airport,yes,https://en.wikipedia.org/wiki/Adnan_Menderes_Airport
Adolfo López Mateos International Airport,MX,MX-MEX,NA,Toluca,TLC,MMTO,19.3369,-99.56583,8466.0,yes,large_airport,yes,https://en.wikipedia.org/wiki/Lic._Adolfo_L%C3%B3pez_Mateos_International_Airport
Adolfo Suárez Madrid–Barajas Airport,ES,ES-MD,EU,Madrid,MAD,LEMD,40.493407,-3.572249,1998.0,yes,large_airport,yes,https://en.wikipedia.org/wiki/Adolfo_Su%C3%A1rez_Madrid%E2%80%93Barajas_Airport
Adıyaman Airport,TR,TR-02,AS,Adıyaman,ADF,LTCP,37.7314,38.468899,2216.0,yes,medium_airport,no,https://en.wikipedia.org/wiki/Ad%C4%B1yaman_Airport
Aeroparque Jorge Newbery,AR,AR-C,SA,Buenos Aires,AEP,SABE,-34.559419,-58.415536,18.0,yes,large_airport,no,https://en.wikipedia.org/wiki/Aeroparque_Jorge_Newbery
Agartala - Maharaja Bir Bikram Airport,IN,IN-TR,AS,Agartala,IXA,VEAT,23.886999,91.240402,46.0,yes,medium_airport,yes,https://en.wikipedia.org/wiki/Agartala_Airport
Agatti Airport,IN,IN-LD,AS,Agatti,AGX,VOAT,10.8237,72.176003,14.0,yes,medium_airport,no,https://en.wikipedia.org/wiki/Agatti_Aerodrome
Agen La Garenne airport,FR,FR-NAQ,EU,Agen,AGF,LFBA,44.174171,0.59309,204.0,no,medium_airport,no,https://en.wikipedia.org/wiki/Agen_-_La_Garenne_Aerodrome
Agra Airport / Agra Air Force Station,IN,IN-UP,AS,Agra,AGR,VIAG,27.157975,77.961025,551.0,yes,medium_airport,no,https://en.wikipedia.org/wiki/Agra_Airport
Aguascalientes International Airport,MX,MX-AGU,NA,Aguascalientes,AGU,MMAS,21.699589,-102.318372,6112.0,yes,large_airport,yes,https://en.wikipedia.org/wiki/Aguascalientes_International_Airport
Aguenar – Hadj Bey Akhamok Airport,DZ,DZ-11,AF,Tamanrasset,TMR,DAAT,22.810992,5.450832,4518.0,yes,large_airport,no,https://en.wikipedia.org/wiki/Tamanrasset_Airport
Ahe Airport,PF,PF-U-A,OC,Ahe Atoll,AHE,NTHE,-14.428099632263184,-146.2570037841797,11.0,yes,medium_airport,no,https://en.wikipedia.org/wiki/Ahe_Airport
Ahmad Shah Baba International Airport,AF,AF-KAN,AS,Kandahar,KDH,OAKN,31.505769,65.847963,3337.0,yes,large_airport,yes,https://en.wikipedia.org/wiki/Kandahar_International_Airport
Ahmed Sékou Touré International Airport,GN,GN-C,AF,Conakry,CKY,GUCY,9.57689,-13.612,72.0,yes,large_airport,yes,https://en.wikipedia.org/wiki/Ahmed_S%C3%A9kou_Tour%C3%A9_International_Airport
Ain Arnat Airport,DZ,DZ-19,AF,Sétif,QSF,DAAS,36.178488,5.329909,3360.0,yes,medium_airport,yes,https://en.wikipedia.org/wiki/Ain_Arnat_Airport
Ain Beida Airport,DZ,DZ-30,AF,Ouargla,OGX,DAUU,31.9172,5.41278,492.0,yes,medium_airport,no,https://en.wikipedia.org/wiki/Ain_Beida_Airport
Air Force Colonel Alfredo Mendivil Duarte Airport,PE,PE-AYA,SA,Ayacucho,AYP,SPHO,-13.1548,-74.204399,8917.0,yes,medium_airport,no,https://en.wikipedia.org/wiki/Coronel_FAP_Alfredo_Mendivil_Duarte_Airport
Aitutaki Airport,CK,CK-U-A,OC,Aitutaki,AIT,NCAI,-18.8309,-159.764008,14.0,yes,small_airport,no,https://en.wikipedia.org/wiki/Aitutaki_Airport
Ajaccio Napoléon Bonaparte airport,FR,FR-COR,EU,Ajaccio,AJA,LFKJ,41.923599,8.80292,18.0,yes,medium_airport,yes,https://en.wikipedia.org/wiki/Ajaccio_-_Campo_dell'Oro_Airport
Akanu Ibiam International Airport,NG,NG-EN,AF,Enegu,ENU,DNEN,6.473718,7.560463,466.0,yes,large_airport,yes,https://en.wikipedia.org/wiki/Akanu_Ibiam_International_Airport
Akhiok Airport,US,US-AK,NA,Akhiok,AKK,PAKH,56.938702,-154.182999,44.0,yes,small_airport,no,https://en.wikipedia.org/wiki/Akhiok_Airport
Akhmat Kadyrov Grozny International Airport,RU,RU-CE,AS,Grozny,GRV,URMG,43.388106,45.699772,548.0,yes,large_airport,yes,https://en.wikipedia.org/wiki/Grozny_Airport
Akiachak Airport,US,US-AK,NA,Akiachak,KKI,PFZK,60.913809,-161.493329,23.0,yes,small_airport,no,https://en.wikipedia.org/wiki/Akiachak_Airport
Akiak Airport,US,US-AK,NA,Akiak,AKI,PFAK,60.902646,-161.23106,30.0,yes,small_airport,no,https://en.wikipedia.org/wiki/Akiak_Airport
Akita Airport,JP,JP-05,AS,Akita,AXT,RJSK,39.615601,140.218994,313.0,yes,medium_airport,yes,https://en.wikipedia.org/wiki/Akita_Airport
Akron Canton Regional Airport,US,US-OH,NA,Akron,CAK,KCAK,40.91609954833984,-81.44219970703125,1228.0,yes,medium_airport,no,https://en.wikipedia.org/wiki/Akron-Canton_Regional_Airport
Aksu Hongqipo Airport,CN,CN-65,AS,Aksu (Onsu),AKU,ZWAK,41.262501,80.291702,3816.0,yes,medium_airport,no,https://en.wikipedia.org/wiki/Aksu_Hongqipo_Airport
Aktau International Airport,KZ,KZ-MAN,AS,Aktau,SCO,UATE,43.860093,51.09086,73.0,yes,large_airport,yes,https://en.wikipedia.org/wiki/Aktau_Airport
Aktion National Airport,GR,GR-D,EU,Preveza,PVK,LGPZ,38.925499,20.765301,11.0,yes,medium_airport,yes,https://en.wikipedia.org/wiki/Aktion_National_Airport
Aktobe International Airport,KZ,KZ-AKT,AS,Aktobe,AKX,UATT,50.248116,57.204144,738.0,yes,large_airport,yes,https://en.wikipedia.org/wiki/Aktobe_Airport
Akulivik Airport,CA,CA-QC,NA,Akulivik,AKV,CYKO,60.8186,-78.148598,75.0,yes,small_airport,no,https://en.wikipedia.org/wiki/Akulivik_Airport
Akureyri International Airport,IS,IS-6,EU,Akureyri,AEY,BIAR,65.656573,-18.072018,6.0,yes,large_airport,yes,https://en.wikipedia.org/wiki/Akureyri_Airport
Akutan Airport,US,US-AK,NA,Akutan,KQA,PAUT,54.14459,-165.604332,133.0,yes,small_airport,no,https://en.wikipedia.org/wiki/Akutan_Airport
Akwa Ibom International Airport,NG,NG-AK,AF,Uyo,QUO,DNAI,4.8725,8.093,170.0,yes,medium_airport,no,https://en.wikipedia.org/wiki/Akwa_Ibom_Airport
Al Abraq International Airport,LY,LY-JA,AF,Al Albraq,LAQ,HLLQ,32.789036,21.954864,2157.0,yes,large_airport,no,https://en.wikipedia.org/wiki/Al_Abraq_International_Airport
Al Ain International Airport,AE,AE-AZ,AS,Al Ain,AAN,OMAL,24.2617,55.6092,869.0,yes,large_airport,yes,https://en.wikipedia.org/wiki/Al_Ain_International_Airport
Al Bateen Executive Airport,AE,AE-AZ,AS,Abu Dhabi,AZI,OMAD,24.427062,54.459866,16.0,no,large_airport,no,https://en.wikipedia.org/wiki/Al_Bateen_Executive_Airport
Al Ghaydah International Airport,YE,YE-MR,AS,Al Ghaydah,AAY,OYGD,16.193341,52.174186,134.0,yes,medium_airport,no,https://en.wikipedia.org/wiki/Al_Ghaydah_Airport
Al Maktoum International Airport,AE,AE-DU,AS,Dubai(Jebel Ali),DWC,OMDW,24.896171,55.16235,114.0,yes,large_airport,yes,https://en.wikipedia.org/wiki/Al_Maktoum_International_Airport
Al Massira Airport,MA,MA-09,AF,Agadir (Temsia),AGA,GMAD,30.322478,-9.412003,250.0,yes,large_airport,yes,https://en.wikipedia.org/wiki/Al_Massira_Airport
Al Najaf International Airport,IQ,IQ-NA,AS,Najaf,NJF,ORNI,31.991116,44.405019,103.0,yes,large_airport,yes,https://en.wikipedia.org/wiki/Al_Najaf_International_Airport
Al Wajh Domestic Airport,SA,SA-07,AS,Al Wajh,EJH,OEWJ,26.198601,36.476398,66.0,yes,medium_airport,no,https://en.wikipedia.org/wiki/Al_Wajh_Domestic_Airport
Al-Ahsa International Airport,SA,SA-04,AS,Hofuf,HOF,OEAH,25.285299,49.485199,588.0,yes,large_airport,yes,https://en.wikipedia.org/wiki/Al-Ahsa_International_Airport
Al-Jawf International Airport,SA,SA-12,AS,Al-Jawf,AJF,OESK,29.783301,40.100905,2261.0,yes,large_airport,yes,https://en.wikipedia.org/wiki/Al-Jouf_International_Airport
Al-Ula International Airport,SA,SA-03,AS,Al-Ula,ULH,OEAO,26.483634,38.117048,2050.0,yes,large_airport,yes,https://en.wikipedia.org/wiki/Al-Ula_International_Airport
Alakanuk Airport,US,US-AK,NA,Alakanuk,AUK,PAUK,62.682653,-164.722481,10.0,yes,small_airport,no,https://en.wikipedia.org/wiki/Alakanuk_Airport
Albano Machado Airport,AO,AO-HUA,AF,Huambo,NOV,FNHU,-12.8089,15.7605,5587.0,yes,medium_airport,no,https://en.wikipedia.org/wiki/Albano_Machado_Airport
Albany Airport,AU,AU-WA,OC,Albany,ALH,YABA,-34.943333,117.808889,233.0,yes,medium_airport,no,https://en.wikipedia.org/wiki/Albany_Airport_(Australia)
Albany International Airport,US,US-NY,NA,Albany,ALB,KALB,42.748299,-73.801697,285.0,yes,large_airport,yes,https://en.wikipedia.org/wiki/Albany_International_Airport
Albert J Ellis Airport,US,US-NC,NA,Richlands,OAJ,KOAJ,34.829201,-77.612099,94.0,yes,medium_airport,no,https://en.wikipedia.org/wiki/Albert_J._Ellis_Airport
Alberto Carnevalli Airport,VE,VE-L,SA,Mérida,MRD,SVMD,8.582078,-71.161041,5007.0,no,medium_airport,no,https://en.wikipedia.org/wiki/Alberto_Carnevalli_Airport
Albuquerque International Sunport,US,US-NM,NA,Albuquerque,ABQ,KABQ,35.039976,-106.608925,5355.0,yes,large_airport,yes,https://en.wikipedia.org/wiki/Albuquerque_International_Sunport
Albury Airport,AU,AU-NSW,OC,East Albury,ABX,YMAY,-36.066758,146.959148,539.0,yes,medium_airport,no,https://en.wikipedia.org/wiki/Albury_Airport
Alcantarí International Airport,BO,BO-H,SA,Sucre,SRE,SLAL,-19.246835,-65.149611,10184.0,yes,large_airport,no,https://en.wikipedia.org/wiki/Alcantar%C3%AD_Airport
Alderney Airport,GG,GG-A,EU,Saint Anne,ACI,EGJA,49.706104,-2.21472,290.0,yes,medium_airport,yes,https://en.wikipedia.org/wiki/Alderney_Airport
Alejandro Velasco Astete International Airport,PE,PE-CUS,SA,Cusco,CUZ,SPZO,-13.535699844400002,-71.9387969971,10860.0,yes,large_airport,yes,https://en.wikipedia.org/wiki/Alejandro_Velasco_Astete_International_Airport
Alexander Kartveli Batumi International Airport,GE,GE-AJ,AS,Batumi,BUS,UGSB,41.60939,41.600315,105.0,yes,large_airport,yes,https://en.wikipedia.org/wiki/Batumi_International_Airport
Alexandria International Airport,EG,EG-ALX,AF,Alexandria,HBE,HEAX,30.93249,29.696437,171.0,yes,large_airport,yes,https://en.wikipedia.org/wiki/Borg_El_Arab_Airport
Alexandria International Airport,US,US-LA,NA,Alexandria,AEX,KAEX,31.325828,-92.546702,89.0,yes,medium_airport,no,https://en.wikipedia.org/wiki/Alexandria_International_Airport_(Louisiana)
Alexandroupoli Democritus Airport,GR,GR-A,EU,Alexandroupolis,AXD,LGAL,40.8559,25.956301,24.0,yes,medium_airport,no,https://en.wikipedia.org/wiki/Alexandroupoli_Airport
Alexei Leonov Kemerovo International Airport,RU,RU-KEM,AS,Kemerovo,KEJ,UNEE,55.2701,86.107201,863.0,yes,large_airport,no,https://en.wikipedia.org/wiki/Kemerovo_Airport
Alferez Fap David Figueroa Fernandini Airport,PE,PE-HUC,SA,Huánuco,HUU,SPNC,-9.878809928894045,-76.20480346679688,6070.0,yes,medium_airport,no,https://en.wikipedia.org/wiki/Alf%C3%A9rez_FAP_David_Figueroa_Fernandini_Airport
Alfonso Bonilla Aragon International Airport,CO,CO-VAC,SA,Cali,CLO,SKCL,3.542717,-76.381898,3162.0,yes,large_airport,yes,https://en.wikipedia.org/wiki/Alfonso_Bonilla_Arag%C3%B3n_International_Airport
Alfonso López Pumarejo Airport,CO,CO-CES,SA,Valledupar,VUP,SKVP,10.435,-73.2495,483.0,yes,medium_airport,yes,https://en.wikipedia.org/wiki/Valledupar_Airport
Alfredo Vásquez Cobo International Airport,CO,CO-AMA,SA,Leticia,LET,SKLT,-4.191147,-69.942003,277.0,yes,medium_airport,yes,https://en.wikipedia.org/wiki/V%C3%A1squez_Cobo_International_Airport
Alghero-Fertilia Airport,IT,IT-88,EU,Alghero,AHO,LIEA,40.632099,8.29077,87.0,yes,medium_airport,yes,https://en.wikipedia.org/wiki/Alghero-Fertilia_Airport
Alicante-Elche Miguel Hernández Airport,ES,ES-VC,EU,Alicante,ALC,LEAL,38.2822,-0.558156,142.0,yes,large_airport,yes,https://en.wikipedia.org/wiki/Alicante–Elche_Miguel_Hernández_Airport
Alice Springs Airport,AU,AU-NT,OC,Alice Springs,ASP,YBAS,-23.806588,133.903427,1789.0,yes,medium_airport,no,https://en.wikipedia.org/wiki/Alice_Springs_Airport
Allakaket Airport,US,US-AK,NA,Allakaket,AET,PFAL,66.551804,-152.621994,441.0,yes,small_airport,no,https://en.wikipedia.org/wiki/Allakaket_Airport
Allama Iqbal International Airport,PK,PK-PB,AS,Lahore,LHE,OPLA,31.521601,74.403603,712.0,yes,large_airport,yes,https://en.wikipedia.org/wiki/Allama_Iqbal_International_Airport
Alliance Municipal Airport,US,US-NE,NA,Alliance,AIA,KAIA,42.052543,-102.803965,3931.0,yes,medium_airport,no,https://en.wikipedia.org/wiki/Alliance_Municipal_Airport
Alluitsup Paa Heliport,GL,GL-KU,NA,Alluitsup Paa,LLU,,60.46445,-45.56917,54.0,yes,heliport,no,https://en.wikipedia.org/wiki/Alluitsup_Paa_Heliport
Almaty International Airport,KZ,KZ-ALA,AS,Almaty,ALA,UAAA,43.354267,77.042828,2234.0,yes,large_airport,yes,https://en.wikipedia.org/wiki/Almaty_International_Airport
Almería Airport,ES,ES-AN,EU,Almería,LEI,LEAM,36.843899,-2.3701,70.0,yes,medium_airport,yes,https://en.wikipedia.org/wiki/Almer%C3%ADa_International_Airport
Almirante Marco Andres Zar Airport,AR,AR-U,SA,Rawson,REL,SAVT,-43.2105,-65.2703,141.0,yes,medium_airport,yes,https://en.wikipedia.org/wiki/Almirante_Marco_Andr%C3%A9s_Zar_Airport
Almirante Padilla Airport,CO,CO-LAG,SA,Riohacha,RCH,SKRH,11.5262,-72.926,43.0,yes,medium_airport,yes,https://en.wikipedia.org/wiki/Riohacha_Airport
Alpena County Regional Airport,US,US-MI,NA,Alpena,APN,KAPN,45.0780983,-83.56030273,690.0,yes,medium_airport,no,https://en.wikipedia.org/wiki/Alpena_County_Regional_Airport
Alta Airport,NO,NO-56,EU,Alta,ALF,ENAT,69.976097,23.3717,9.0,yes,medium_airport,no,https://en.wikipedia.org/wiki/Alta_Airport
Altai Airport,MN,MN-065,AS,Altai,LTI,ZMAT,46.37639999389648,96.22109985351562,7260.0,yes,medium_airport,no,https://en.wikipedia.org/wiki/Altai_Airport
Altamira Interstate Airport,BR,BR-PA,SA,Altamira,ATM,SBHT,-3.253144,-52.253938,368.0,yes,medium_airport,no,https://en.wikipedia.org/wiki/Altamira_Airport
Altay Xuedu Airport,CN,CN-65,AS,Altay,AAT,ZWAT,47.749886,88.085808,2460.0,yes,medium_airport,no,https://en.wikipedia.org/wiki/Altay_Xuedu_Airport
Altoona Blair County Airport,US,US-PA,NA,Altoona,AOO,KAOO,40.296398,-78.32,1503.0,yes,medium_airport,no,https://en.wikipedia.org/wiki/Altoona-Blair_County_Airport
Alykel International Airport,RU,RU-KYA,AS,Norilsk,NSK,UOOO,69.307951,87.325906,574.0,yes,large_airport,no,https://en.wikipedia.org/wiki/Norilsk_Alykel_Airport
Amado Nervo National Airport,MX,MX-NAY,NA,Tepic,TPQ,MMEP,21.419833,-104.842472,3020.0,yes,medium_airport,yes,https://en.wikipedia.org/wiki/Amado_Nervo_National_Airport
Amami Airport,JP,JP-46,AS,Amami,ASJ,RJKA,28.430599212646484,129.71299743652344,27.0,yes,medium_airport,no,https://en.wikipedia.org/wiki/Amami_Airport
Amasya Merzifon Airport,TR,TR-05,AS,Amasya,MZH,LTAP,40.829399,35.521999,1758.0,yes,small_airport,no,https://en.wikipedia.org/wiki/Merzifon_Airport
Ambler Airport,US,US-AK,NA,Ambler,ABL,PAFM,67.105529,-157.855339,334.0,yes,medium_airport,no,https://en.wikipedia.org/wiki/Ambler_Airport
Amborovy Airport,MG,MG-M,AF,Mahajanga,MJN,FMNM,-15.666842,46.351233,87.0,yes,large_airport,yes,https://en.wikipedia.org/wiki/Amborovy_Airport
Amboseli Airport,KE,KE-34,AF,Ol Tukai,ASV,HKAM,-2.644786,37.252922,3755.0,yes,medium_airport,no,https://en.wikipedia.org/wiki/Amboseli_Airport
Ammassivik Heliport,GL,GL-KU,NA,Ammassivik,QUW,,60.597376,-45.382445,71.0,yes,heliport,no,https://en.wikipedia.org/wiki/Ammassivik_Heliport
Amook Bay Seaplane Base,US,US-AK,NA,Amook Bay,AOS,,57.4715003967,-153.815002441,,yes,seaplane_base,no,https://en.wikipedia.org/wiki/Amook_Bay_Seaplane_Base
Amsterdam Airport Schiphol,NL,NL-NH,EU,Amsterdam,AMS,EHAM,52.308601,4.76389,-11.0,yes,large_airport,yes,https://en.wikipedia.org/wiki/Amsterdam_Airport_Schiphol
Amílcar Cabral International Airport,CV,CV-B,AF,Espargos,SID,GVAC,16.7414,-22.9494,177.0,yes,large_airport,yes,https://en.wikipedia.org/wiki/Am%C3%ADlcar_Cabral_International_Airport
Anahim Lake Airport,CA,CA-BC,NA,Anahim Lake,YAA,,52.451501,-125.303776,3635.0,yes,medium_airport,no,https://en.wikipedia.org/wiki/Anahim_Lake_Airport
Anaktuvuk Pass Airport,US,US-AK,NA,Anaktuvuk Pass,AKP,PAKP,68.133598,-151.742996,2102.0,yes,medium_airport,no,https://en.wikipedia.org/wiki/Anaktuvuk_Pass_Airport
Anapa Vityazevo Airport,RU,RU-KDA,EU,Krasnyi Kurgan,AAQ,URKA,45.002102,37.347301,174.0,yes,medium_airport,yes,https://en.wikipedia.org/wiki/Anapa_Airport
Andahuaylas Airport,PE,PE-APU,SA,Andahuaylas,ANS,SPHY,-13.70639991760254,-73.35040283203125,11300.0,yes,small_airport,no,https://en.wikipedia.org/wiki/Andahuaylas_Airport
Andijan International Airport,UZ,UZ-AN,AS,Andijan,AZN,UZFA,40.727699,72.293999,1515.0,yes,medium_airport,yes,https://en.wikipedia.org/wiki/Andizhan_Airport
Andrés Sabella Gálvez International Airport,CL,CL-AN,SA,Antofagasta,ANF,SCFA,-23.445274,-70.445232,455.0,yes,large_airport,yes,https://en.wikipedia.org/wiki/Andr%C3%A9s_Sabella_G%C3%A1lvez_International_Airport
"Andøya Airport, Andenes",NO,NO-18,EU,Andenes,ANX,ENAN,69.295193,16.139379,43.0,yes,medium_airport,no,https://en.wikipedia.org/wiki/And%C3%B8ya_Airport%2C_Andenes
Aneityum Airport,VU,VU-TAE,OC,Anatom Island,AUY,NVVA,-20.249142,169.770758,7.0,no,small_airport,no,https://en.wikipedia.org/wiki/Anatom_Airport
Angel Albino Corzo International Airport,MX,MX-CHP,NA,Tuxtla Gutiérrez,TGZ,MMTG,16.561611,-93.025731,1499.0,yes,medium_airport,yes,https://en.wikipedia.org/wiki/Angel_Albino_Corzo_International_Airport
Anglesey Airport,GB,GB-WLS,EU,Angelsey,VLY,EGOV,53.2481,-4.53534,37.0,no,medium_airport,no,https://en.wikipedia.org/wiki/Anglesey_Airport
Angoon Seaplane Base,US,US-AK,NA,Angoon,AGN,PAGN,57.497097,-134.56722,,yes,seaplane_base,no,https://en.wikipedia.org/wiki/Angoon_Seaplane_Base
Angoulême Brie-Champniers airport,FR,FR-NAQ,EU,Angoulême,ANG,LFBU,45.729198,0.221456,436.0,no,medium_airport,no,https://en.wikipedia.org/wiki/Angoul%C3%AAme_-_Brie_-_Champniers_Airport
Aniak Airport,US,US-AK,NA,Aniak,ANI,PANI,61.581600189208984,-159.54299926757812,88.0,yes,medium_airport,no,https://en.wikipedia.org/wiki/Aniak_Airport
Aniwa Airport,VU,VU-TAE,OC,Aniwa,AWD,NVVB,-19.2346,169.6009,69.0,no,small_airport,no,https://en.wikipedia.org/wiki/Aniwa_Airport
Annaba Rabah Bitat Airport,DZ,DZ-23,AF,Annaba,AAE,DABB,36.826781,7.81334,16.0,yes,large_airport,yes,https://en.wikipedia.org/wiki/Rabah_Bitat_Airport
Anqing Tianzhushan Airport / Anqing North Air Base,CN,CN-34,AS,Anqing,AQG,ZSAQ,30.582199,117.050003,,yes,medium_airport,no,https://en.wikipedia.org/wiki/Anqing_Tianzhushan_Airport
Anshan Teng'ao Airport / Anshan Air Base,CN,CN-21,AS,Anshan,AOG,ZYAS,41.105301,122.853996,,yes,medium_airport,no,https://en.wikipedia.org/wiki/Anshan_Teng%27ao_Airport
Anshun Huangguoshu Airport,CN,CN-52,AS,Anshun (Xixiu),AVA,ZUAS,26.260556,105.873333,4812.0,yes,medium_airport,no,https://en.wikipedia.org/wiki/Anshun_Huangguoshu_Airport
Antalya International Airport,TR,TR-07,AS,Antalya,AYT,LTAI,36.898701,30.800501,177.0,yes,large_airport,yes,https://en.wikipedia.org/wiki/Antalya_Airport
Antonio Agostinho-Neto International Airport,CG,CG-5,AF,Pointe Noire,PNR,FCPP,-4.81603,11.8866,55.0,yes,large_airport,yes,https://en.wikipedia.org/wiki/Agostinho-Neto_International_Airport
Antonio B. Won Pat International Airport,GU,GU-U-A,OC,Hagåtña,GUM,PGUM,13.485,144.797282,298.0,yes,large_airport,yes,https://en.wikipedia.org/wiki/Antonio_B._Won_Pat_International_Airport
Antonio José de Sucre Airport,VE,VE-R,SA,Cumaná,CUM,SVCU,10.450333,-64.13047,14.0,yes,medium_airport,no,https://en.wikipedia.org/wiki/Antonio_Jos%C3%A9_de_Sucre_Airport
Antonio Maceo International Airport,CU,CU-13,NA,Santiago,SCU,MUCU,19.97474,-75.835504,249.0,yes,large_airport,yes,https://en.wikipedia.org/wiki/Antonio_Maceo_Airport
Antonio Nariño Airport,CO,CO-NAR,SA,Chachagüí,PSO,SKPS,1.396722,-77.29093,5951.0,yes,medium_airport,yes,https://en.wikipedia.org/wiki/Antonio_Nari%C3%B1o_Airport
Antonio Rivera Rodriguez Airport,PR,PR-U-A,NA,Vieques,VQS,TJVQ,18.1348,-65.493599,49.0,yes,medium_airport,no,https://en.wikipedia.org/wiki/Antonio_Rivera_Rodr%C3%ADguez_Airport
Antonio Roldán Betancur Airport,CO,CO-ANT,SA,Carepa,APO,SKLC,7.81196,-76.7164,46.0,yes,medium_airport,no,https://en.wikipedia.org/wiki/Antonio_Rold%C3%A1n_Betancur_Airport
Antsirabe Airport,MG,MG-D,AF,Antsirabe,ANM,FMNH,-14.9994,50.320202,20.0,no,medium_airport,no,https://en.wikipedia.org/wiki/Antsirabato_Airport
Antwerp International Airport (Deurne),BE,BE-VAN,EU,Antwerp,ANR,EBAW,51.190667,4.463153,39.0,yes,medium_airport,yes,https://en.wikipedia.org/wiki/Antwerp_International_Airport
Anvik Airport,US,US-AK,NA,Anvik,ANV,PANV,62.646702,-160.190994,291.0,yes,medium_airport,no,https://en.wikipedia.org/wiki/Anvik_Airport
Aomori Airport,JP,JP-02,AS,Aomori,AOJ,RJSA,40.733777,140.689477,664.0,yes,large_airport,yes,https://en.wikipedia.org/wiki/Aomori_Airport
Appleton International Airport,US,US-WI,NA,Appleton,ATW,KATW,44.258515,-88.519,918.0,yes,medium_airport,yes,https://en.wikipedia.org/wiki/Outagamie_County_Regional_Airport
Aracaju - Santa Maria Airport,BR,BR-SE,SA,Aracaju,AJU,SBAR,-10.98394,-37.072873,23.0,yes,medium_airport,yes,https://en.wikipedia.org/wiki/Santa_Maria_Airport_(Sergipe)
Arad International Airport,RO,RO-AR,EU,Arad,ARW,LRAR,46.176136,21.264322,352.0,yes,medium_airport,yes,https://en.wikipedia.org/wiki/Arad_International_Airport
Araguaína Airport,BR,BR-TO,SA,Araguaína,AUX,SWGN,-7.22787,-48.240501,771.0,yes,medium_airport,no,https://en.wikipedia.org/wiki/Aragua%C3%ADna_Airport
Arar Domestic Airport,SA,SA-08,AS,Arar,RAE,OERR,30.90660095214844,41.13819885253906,1813.0,yes,medium_airport,no,https://en.wikipedia.org/wiki/Arar_Domestic_Airport
Araracuara Airport,CO,CO-CAQ,SA,Araracuara,ACR,SKAC,-0.600854,-72.398011,1250.0,no,small_airport,no,https://en.wikipedia.org/wiki/Araracuara_Airport
Araraquara Airport,BR,BR-SP,SA,Araraquara,AQA,SBAQ,-21.812,-48.132999,2334.0,yes,medium_airport,no,https://en.wikipedia.org/wiki/Araraquara_Airport
Aratika Nord Airport,PF,PF-U-A,OC,,RKA,NTKK,-15.485673,-145.464778,10.0,no,small_airport,no,https://fr.wikipedia.org/wiki/A%C3%A9rodrome_d%27Aratika-Nord
Araçatuba Airport,BR,BR-SP,SA,Araçatuba,ARU,SBAU,-21.141479,-50.424575,1358.0,yes,medium_airport,no,https://en.wikipedia.org/wiki/Ara%C3%A7atuba_Airport
Arba Minch Airport,ET,ET-SN,AF,Arba Minch,AMH,HAAM,6.03939,37.5905,3901.0,yes,medium_airport,no,https://en.wikipedia.org/wiki/Arba_Minch_Airport
Arctic Bay Airport,CA,CA-NU,NA,Arctic Bay,YAB,CYAB,73.006101,-85.04616,72.0,yes,small_airport,no,https://en.wikipedia.org/wiki/Arctic_Bay_Airport
Arctic Village Airport,US,US-AK,NA,Arctic Village,ARC,PARC,68.1147,-145.578995,2092.0,yes,medium_airport,no,https://en.wikipedia.org/wiki/Arctic_Village_Airport
Ardabil Airport,IR,IR-24,AS,Ardabil,ADU,OITL,38.3256988525,48.4244003296,4315.0,yes,medium_airport,yes,https://en.wikipedia.org/wiki/Ardabil_Airport
Argyle International Airport,VC,VC-04,NA,Kingstown,SVD,TVSA,13.159725,-61.148801,136.0,yes,large_airport,yes,https://en.m.wikipedia.org/wiki/Argyle_International_Airport
Aristides Pereira International Airport,CV,CV-B,AF,Rabil,BVC,GVBA,16.136499,-22.888901,69.0,yes,large_airport,yes,https://en.wikipedia.org/wiki/Rabil_Airport
Armidale Airport,AU,AU-NSW,OC,Armidale,ARM,YARM,-30.528099060099997,151.617004395,3556.0,yes,medium_airport,no,https://en.wikipedia.org/wiki/Armidale_Airport
Arnold Palmer Regional Airport,US,US-PA,NA,Latrobe,LBE,KLBE,40.275902,-79.4048,1199.0,yes,medium_airport,no,https://en.wikipedia.org/wiki/Arnold_Palmer_Regional_Airport
Arrachart Airport,MG,MG-D,AF,Antisiranana,DIE,FMNA,-12.3494,49.291698,374.0,yes,medium_airport,yes,https://en.wikipedia.org/wiki/Arrachart_Airport
Arthur's Town Airport,BS,BS-CI,NA,Arthur's Town,ATC,MYCA,24.6294,-75.673797,18.0,yes,medium_airport,no,https://en.wikipedia.org/wiki/Arthur's_Town_Airport
Arturo Michelena International Airport,VE,VE-G,SA,Valencia,VLN,SVVA,10.149733,-67.928398,1411.0,yes,large_airport,yes,https://en.wikipedia.org/wiki/Arturo_Michelena_International_Airport
Arua Airport,UG,UG-N,AF,Arua,RUA,HUAR,3.049152,30.911714,3951.0,yes,medium_airport,yes,https://en.wikipedia.org/wiki/Arua_Airport
Arusha Airport,TZ,TZ-01,AF,Arusha,ARK,HTAR,-3.3677899837493896,36.63330078125,4550.0,yes,medium_airport,yes,https://en.wikipedia.org/wiki/Arusha_Airport
Arutua Airport,PF,PF-U-A,OC,,AXR,NTGU,-15.248299598693848,-146.61700439453125,9.0,yes,medium_airport,no,https://en.wikipedia.org/wiki/Arutua_Airport
Arviat Airport,CA,CA-NU,NA,Arviat,YEK,CYEK,61.0942,-94.070801,32.0,yes,small_airport,no,https://en.wikipedia.org/wiki/Arviat_Airport
Arvidsjaur Airport,SE,SE-BD,EU,Arvidsjaur,AJR,ESNX,65.59030151367188,19.28190040588379,1245.0,yes,medium_airport,no,https://en.wikipedia.org/wiki/Arvidsjaur_Airport
Arxan Yi'ershi Airport,CN,CN-15,AS,Arxan,YIE,ZBES,47.3106,119.9117,2925.0,yes,medium_airport,no,https://en.wikipedia.org/wiki/Arxan_Yi%27ershi_Airport
Asaba International Airport,NG,NG-DE,AF,Asaba,ABB,DNAS,6.204167,6.665278,305.0,yes,large_airport,yes,https://en.wikipedia.org/wiki/Asaba_International_Airport
Asahikawa Airport,JP,JP-01,AS,Higashikagura,AKJ,RJEC,43.670799,142.447006,721.0,yes,medium_airport,no,https://en.wikipedia.org/wiki/Asahikawa_Airport
Asheville Regional Airport,US,US-NC,NA,Asheville,AVL,KAVL,35.435488,-82.541853,2165.0,yes,medium_airport,no,https://en.wikipedia.org/wiki/Asheville_Regional_Airport
Ashgabat International Airport,TM,TM-S,AS,Ashgabat,ASB,UTAA,37.986801,58.361,692.0,yes,large_airport,yes,https://en.wikipedia.org/wiki/Ashgabat_International_Airport
Asmara International Airport,ER,ER-SK,AF,Asmara,ASM,HHAS,15.2919,38.910702,7661.0,yes,medium_airport,yes,https://en.wikipedia.org/wiki/Asmara_International_Airport
Asosa Airport,ET,ET-BE,AF,Asosa,ASO,HASO,10.018500328063965,34.586299896240234,5100.0,yes,medium_airport,no,https://en.wikipedia.org/wiki/Asosa_Airport
Aspen-Pitkin County Airport (Sardy Field),US,US-CO,NA,Aspen,ASE,KASE,39.223202,-106.869003,7820.0,yes,medium_airport,no,https://en.wikipedia.org/wiki/Aspen%E2%80%93Pitkin_County_Airport
Astrakhan Narimanovo Boris M. Kustodiev International Airport,RU,RU-AST,AS,Astrakhan,ASF,URWA,46.282843,48.010511,-65.0,yes,large_airport,yes,https://en.wikipedia.org/wiki/Narimanovo_Airport
Asturias Airport,ES,ES-AS,EU,Ranón,OVD,LEAS,43.563599,-6.03462,416.0,yes,large_airport,yes,https://en.wikipedia.org/wiki/Asturias_Airport
Astypalaia Airport,GR,GR-L,EU,Astypalaia Island,JTY,LGPL,36.5798988342,26.3757991791,165.0,yes,small_airport,no,https://en.wikipedia.org/wiki/Astypalaia_Island_National_Airport
Aswan International Airport,EG,EG-ASN,AF,Aswan,ASW,HESN,23.961075,32.820382,650.0,yes,large_airport,yes,https://en.wikipedia.org/wiki/Aswan_International_Airport
Asyut International Airport,EG,EG-AST,AF,Asyut,ATZ,HEAT,27.045962,31.01276,748.0,yes,large_airport,yes,https://en.wikipedia.org/wiki/Assiut_Airport
Ataq Airport,YE,YE-SH,AS,Ataq,AXK,OYAT,14.5513,46.826199,3735.0,no,medium_airport,no,https://en.wikipedia.org/wiki/Ataq_Airport
Athens Ben Epps Airport,US,US-GA,NA,Athens,AHN,KAHN,33.948842,-83.325634,808.0,no,medium_airport,no,https://en.wikipedia.org/wiki/Athens-Ben_Epps_Airport
Athens Eleftherios Venizelos International Airport,GR,GR-I,EU,Spata-Artemida,ATH,LGAV,37.936401,23.9445,308.0,yes,large_airport,yes,https://en.wikipedia.org/wiki/Athens_International_Airport
Atka Airport,US,US-AK,NA,Atka,AKB,PAAK,52.220299,-174.205994,57.0,yes,small_airport,no,https://en.wikipedia.org/wiki/Atka_Airport
Atlantic City International Airport,US,US-NJ,NA,Atlantic City,ACY,KACY,39.456201,-74.577511,75.0,yes,medium_airport,yes,https://en.wikipedia.org/wiki/Atlantic_City_International_Airport
Atlas Brasil Cantanhede International Airport,BR,BR-RR,SA,Boa Vista,BVB,SBBV,2.84615,-60.690648,276.0,yes,large_airport,yes,https://en.wikipedia.org/wiki/Boa_Vista_International_Airport
Atmautluak Airport,US,US-AK,NA,Atmautluak,ATT,,60.866699,-162.272996,17.0,yes,small_airport,no,https://en.wikipedia.org/wiki/Atmautluak_Airport
Atqasuk Edward Burnell Sr Memorial Airport,US,US-AK,NA,Atqasuk,ATK,PATQ,70.46704,-157.436013,96.0,yes,medium_airport,no,https://en.wikipedia.org/wiki/Atqasuk_Edward_Burnell_Sr._Memorial_Airport
Attawapiskat Airport,CA,CA-ON,NA,Attawapiskat,YAT,CYAT,52.927502,-82.4319,31.0,yes,small_airport,no,https://en.wikipedia.org/wiki/Attawapiskat_Airport
Atyrau International Airport,KZ,KZ-ATY,AS,Atyrau,GUW,UATG,47.121318,51.820343,-72.0,yes,large_airport,yes,https://en.wikipedia.org/wiki/Atyrau_Airport
Auckland International Airport,NZ,NZ-AUK,OC,Auckland,AKL,NZAA,-37.01199,174.786331,23.0,yes,large_airport,yes,https://en.wikipedia.org/wiki/Auckland_International_Airport
Augsburg Airport,DE,DE-BY,EU,Augsburg,AGB,EDMA,48.425278,10.931667,1516.0,no,medium_airport,no,https://en.wikipedia.org/wiki/Augsburg_Airport
Augusta Regional At Bush Field,US,US-GA,NA,Augusta,AGS,KAGS,33.3699,-81.9645,144.0,yes,medium_airport,no,https://en.wikipedia.org/wiki/Augusta_Regional_Airport
Augusta State Airport,US,US-ME,NA,Augusta,AUG,KAUG,44.320598602299995,-69.7973022461,352.0,yes,medium_airport,no,https://en.wikipedia.org/wiki/Augusta_State_Airport
Augusto C. Sandino (Managua) International Airport,NI,NI-MN,NA,Managua,MGA,MNMG,12.1415,-86.168198,194.0,yes,large_airport,yes,https://en.wikipedia.org/wiki/Augusto_C._Sandino_International_Airport
Aupaluk Airport,CA,CA-QC,NA,Aupaluk,YPJ,CYLA,59.2967,-69.599701,119.0,yes,small_airport,no,https://en.wikipedia.org/wiki/Aupaluk_Airport
Aurangabad Airport,IN,IN-MM,AS,Aurangabad,IXU,VAAU,19.862875,75.396312,1911.0,yes,medium_airport,no,https://en.wikipedia.org/wiki/Aurangabad_Airport
Aurillac airport,FR,FR-ARA,EU,Aurillac,AUR,LFLW,44.891399,2.42194,2096.0,yes,medium_airport,no,https://en.wikipedia.org/wiki/Aurillac_Airport
Aurukun Airport,AU,AU-QLD,OC,Aurukun,AUU,YAUR,-13.354019,141.720028,31.0,yes,small_airport,no,https://en.wikipedia.org/wiki/Aurukun_Airport
Austin Bergstrom International Airport,US,US-TX,NA,Austin,AUS,KAUS,30.197535,-97.662015,542.0,yes,large_airport,yes,https://en.wikipedia.org/wiki/Austin-Bergstrom_International_Airport
Austin Straubel International Airport,US,US-WI,NA,Green Bay,GRB,KGRB,44.483459,-88.130805,695.0,yes,medium_airport,yes,https://en.wikipedia.org/wiki/Austin_Straubel_International_Airport
Aviador C. Campos Airport,AR,AR-Q,SA,Chapelco/San Martin de los Andes,CPC,SAZY,-40.075401,-71.137299,2569.0,yes,medium_airport,no,https://en.wikipedia.org/wiki/Aviador_Carlos_Campos_Airport
Avignon Caumont airport,FR,FR-PAC,EU,Avignon,AVN,LFMV,43.907299,4.90183,124.0,yes,medium_airport,no,https://en.wikipedia.org/wiki/Avignon_-_Caumont_Airport
Avram Iancu Cluj International Airport,RO,RO-CJ,EU,Cluj-Napoca,CLJ,LRCL,46.786042,23.685733,1039.0,yes,large_airport,yes,https://en.wikipedia.org/wiki/Cluj_International_Airport
Axum Airport,ET,ET-TI,AF,Axum,AXU,HAAX,14.1468,38.7728,6959.0,yes,medium_airport,no,https://en.wikipedia.org/wiki/Axum_Airport
Ayatollah Hashemi Rafsanjani International Airport,IR,IR-08,AS,Kerman,KER,OIKK,30.271276,56.949692,5741.0,yes,large_airport,yes,https://en.wikipedia.org/wiki/Ayatollah_Hashemi_Rafsanjani_Airport
Ayers Rock Connellan Airport,AU,AU-NT,OC,Yulara,AYQ,YAYE,-25.185913,130.97703,1626.0,yes,medium_airport,no,https://en.wikipedia.org/wiki/Ayers_Rock_Airport
Ağrı Airport,TR,TR-04,AS,Ağrı,AJI,LTCO,39.655642,43.025742,5462.0,yes,medium_airport,no,https://en.wikipedia.org/wiki/A%C4%9Fr%C4%B1_Airport
Babo Airport,ID,ID-PB,AS,Babo,BXB,WASO,-2.53224,133.438995,10.0,no,medium_airport,no,https://en.wikipedia.org/wiki/Babo_Airport
Bacha Khan International Airport,PK,PK-KP,AS,Peshawar,PEW,OPPS,33.9939,71.514603,1158.0,yes,large_airport,yes,https://en.wikipedia.org/wiki/Peshawar_International_Airport
Bachigualato Federal International Airport,MX,MX-SIN,NA,Culiacán,CUL,MMCL,24.76504,-107.475228,108.0,yes,large_airport,yes,https://en.wikipedia.org/wiki/Bachigualato_Federal_International_Airport
Bacolod-Silay International Airport,PH,PH-NEC,AS,Bacolod City,BCD,RPVB,10.776237,123.018879,82.0,yes,large_airport,no,https://en.wikipedia.org/wiki/Bacolod%E2%80%93Silay_Airport
Badajoz Airport,ES,ES-EX,EU,Badajoz,BJZ,LEBZ,38.8913,-6.82133,609.0,yes,medium_airport,no,https://en.wikipedia.org/wiki/Badajoz_Airport
Bagan Airport,MM,MM-04,AS,Nyaung U,NYU,VYBG,21.178800582885746,94.9301986694336,312.0,yes,small_airport,no,https://en.wikipedia.org/wiki/Nyaung_U_Airport
Bagdogra Airport,IN,IN-WB,AS,Siliguri,IXB,VEBD,26.6812,88.328598,412.0,yes,large_airport,yes,https://en.wikipedia.org/wiki/Bagdogra_Airport
Baghdad International Airport / New Al Muthana Air Base,IQ,IQ-BG,AS,Baghdad,BGW,ORBI,33.262501,44.2346,114.0,yes,large_airport,yes,https://en.wikipedia.org/wiki/Baghdad_International_Airport
Bahawalpur Airport,PK,PK-PB,AS,Bahawalpur,BHV,OPBW,29.348100662231445,71.71800231933594,392.0,yes,medium_airport,yes,https://en.wikipedia.org/wiki/Bahawalpur_Airport
Bahia - Jorge Amado Airport,BR,BR-BA,SA,Ilhéus,IOS,SBIL,-14.815929,-39.033458,15.0,yes,medium_airport,no,https://en.wikipedia.org/wiki/Ilh%C3%A9us_Jorge_Amado_Airport
Bahia Piña Airport,PA,PA-5,NA,Puerto Piña,BFQ,MPPI,7.58737,-78.179939,14.0,yes,small_airport,no,https://en.wikipedia.org/wiki/Bah%C3%ADa_Pi%C3%B1a_Airport
Bahir Dar Airport,ET,ET-AM,AF,Bahir Dar,BJR,HABD,11.6081,37.321602,5978.0,yes,medium_airport,no,https://en.wikipedia.org/wiki/Bahir_Dar_Airport
Bahrain International Airport,BH,BH-15,AS,Manama,BAH,OBBI,26.267295,50.63764,6.0,yes,large_airport,yes,https://en.wikipedia.org/wiki/Bahrain_International_Airport
Bahías de Huatulco International Airport,MX,MX-OAX,NA,Huatulco,HUX,MMBT,15.775437,-96.260456,464.0,yes,large_airport,yes,https://en.wikipedia.org/wiki/Bah%C3%ADas_de_Huatulco_International_Airport
Baie-Comeau Airport,CA,CA-QC,NA,Baie-Comeau,YBC,CYBC,49.1325,-68.204399,71.0,yes,medium_airport,no,https://en.wikipedia.org/wiki/Baie-Comeau_Airport
Baikal International Airport,RU,RU-BU,AS,Ulan Ude,UUD,UIUU,51.808614,107.439652,1690.0,yes,large_airport,yes,https://en.wikipedia.org/wiki/Ulan-Ude_Airport
Baise (Bose) Bama Airport,CN,CN-45,AS,Baise (Tianyang),AEB,ZGBS,23.7206,106.959999,490.0,yes,medium_airport,no,https://en.wikipedia.org/wiki/Baise_Youjiang_Airport
Bakalalan Airport,MY,MY-13,AS,Bakalalan,BKM,WBGQ,3.974,115.617996,2900.0,yes,small_airport,no,https://en.wikipedia.org/wiki/Ba%27kelalan_Airport
Baker Lake Airport,CA,CA-NU,NA,Baker Lake,YBK,CYBK,64.29889678960001,-96.077796936,59.0,yes,medium_airport,no,https://en.wikipedia.org/wiki/Baker_Lake_Airport
Ballina Byron Gateway Airport,AU,AU-NSW,OC,Ballina,BNK,YBNA,-28.833236,153.561471,7.0,yes,medium_airport,no,https://en.wikipedia.org/wiki/Ballina_Airport
Balmaceda Airport,CL,CL-AI,SA,Balmaceda,BBA,SCBA,-45.915968,-71.689499,1722.0,yes,medium_airport,no,https://en.wikipedia.org/wiki/Balmaceda_Airport
Balsas Airport,BR,BR-MA,SA,Balsas,BSS,SNBS,-7.525305,-46.053364,948.0,no,small_airport,no,https://pt.wikipedia.org/wiki/Aeroporto_de_Balsas
Baltimore/Washington International Thurgood Marshall Airport,US,US-MD,NA,Baltimore,BWI,KBWI,39.1754,-76.668297,146.0,yes,large_airport,yes,https://en.wikipedia.org/wiki/Baltimore/Washington_International_Airport
Balıkesir Koca Seyit Airport,TR,TR-10,AS,Edremit,EDO,LTFD,39.552533,27.010192,50.0,yes,large_airport,no,https://en.wikipedia.org/wiki/Bal%C4%B1kesir_Koca_Seyit_Airport
Bam Airport,IR,IR-08,AS,Bam,BXR,OIKM,29.0842,58.450001,3231.0,yes,medium_airport,no,https://en.wikipedia.org/wiki/Bam_Airport
Ban Huoeisay Airport,LA,LA-BK,AS,Huay Xai,HOE,VLHS,20.257299,100.436996,1380.0,no,small_airport,no,https://en.wikipedia.org/wiki/Ban_Huoeisay_Airport
Bancasi Airport,PH,PH-BTC,AS,Butuan,BXU,RPME,8.9515,125.4788,141.0,yes,medium_airport,no,https://en.wikipedia.org/wiki/Bancasi_Airport
Bandar Abbas International Airport,IR,IR-22,AS,Bandar Abbas,BND,OIKB,27.2183,56.3778,22.0,yes,large_airport,yes,https://en.wikipedia.org/wiki/Bandar_Abbas_International_Airport
Bandar Lengeh International Airport,IR,IR-22,AS,Bandar Lengeh,BDH,OIBL,26.532283,54.82484,67.0,yes,medium_airport,no,https://en.wikipedia.org/wiki/Bandar_Lengeh_Airport
Bandaranaike International Colombo Airport,LK,LK-1,AS,Colombo,CMB,VCBI,7.180759906768799,79.88410186767578,30.0,yes,large_airport,yes,https://en.wikipedia.org/wiki/Bandaranaike_International_Airport
Bangoka International Airport,CD,CD-TO,AF,Kisangani,FKI,FZIC,0.481639,25.337999,1417.0,yes,large_airport,yes,https://en.wikipedia.org/wiki/Bangoka_International_Airport
Bangor International Airport,US,US-ME,NA,Bangor,BGR,KBGR,44.806364,-68.826668,192.0,yes,medium_airport,yes,https://en.wikipedia.org/wiki/Bangor_International_Airport
Bangui M'Poko International Airport,CF,CF-MP,AF,Bangui,BGF,FEFF,4.39848,18.518801,1208.0,yes,large_airport,yes,https://en.wikipedia.org/wiki/Bangui_M'Poko_International_Airport
Banja Luka International Airport,BA,BA-SRP,EU,Mahovljani,BNX,LQBK,44.941399,17.297501,400.0,yes,large_airport,yes,https://en.wikipedia.org/wiki/Banja_Luka_International_Airport
Banjul International Airport,GM,GM-W,AF,Banjul (Yundum),BJL,GBYD,13.338,-16.652201,95.0,yes,large_airport,yes,https://en.wikipedia.org/wiki/Banjul_International_Airport
Baoshan Yunrui Airport,CN,CN-53,AS,Baoshan (Longyang),BSD,ZPBS,25.053301,99.168297,5453.0,yes,medium_airport,no,https://en.wikipedia.org/wiki/Baoshan_Yunrui_Airport
Baotou Donghe International Airport,CN,CN-15,AS,Baotou,BAV,ZBOW,40.560001,109.997002,3321.0,yes,large_airport,yes,https://en.wikipedia.org/wiki/Baotou_Airport
Barcaldine Airport,AU,AU-QLD,OC,Barcaldine,BCI,YBAR,-23.566268,145.302086,878.0,yes,medium_airport,no,https://en.wikipedia.org/wiki/Barcaldine_Airport
Barcelos Airport,BR,BR-AM,SA,Barcelos,BAZ,SWBC,-0.981191,-62.918603,112.0,yes,small_airport,no,https://en.wikipedia.org/wiki/Barcelos_Airport
Bardufoss Airport,NO,NO-55,EU,Målselv,BDU,ENDU,69.055801,18.5404,252.0,yes,medium_airport,no,https://en.wikipedia.org/wiki/Bardufoss_Airport
Bari Karol Wojtyła International Airport,IT,IT-75,EU,Bari,BRI,LIBD,41.138901,16.760599,193.0,yes,large_airport,yes,https://en.wikipedia.org/wiki/Bari_Karol_Wojty%C5%82a_Airport
Barinas Airport,VE,VE-E,SA,Barinas,BNS,SVBI,8.615,-70.214167,615.0,yes,medium_airport,no,https://en.wikipedia.org/wiki/Barinas_Airport
Bario Airport,MY,MY-13,AS,Bario,BBN,WBGZ,3.734648,115.478548,3350.0,yes,medium_airport,no,https://en.wikipedia.org/wiki/Bario_Airport
Barisal Airport,BD,BD-A,AS,Barisal,BZL,VGBR,22.801001,90.301201,23.0,yes,medium_airport,yes,https://en.wikipedia.org/wiki/Barisal_Airport
Barkley Regional Airport,US,US-KY,NA,Paducah,PAH,KPAH,37.06079864501953,-88.7738037109375,410.0,yes,medium_airport,no,https://en.wikipedia.org/wiki/Barkley_Regional_Airport
Barnaul Gherman Titov International Airport,RU,RU-ALT,AS,Barnaul,BAX,UNBB,53.361285,83.539701,837.0,yes,large_airport,yes,https://en.wikipedia.org/wiki/Barnaul_Airport
Barra Airport,GB,GB-SCT,EU,Eoligarry,BRR,EGPR,57.0228,-7.44306,5.0,yes,medium_airport,no,https://en.wikipedia.org/wiki/Barra_Airport_(Scotland)
Barter Island Long Range Radar Station Airport,US,US-AK,NA,Barter Island,BTI,PABA,70.134003,-143.582001,2.0,yes,medium_airport,no,https://en.wikipedia.org/wiki/Barter_Island_LRRS_Airport
Bartolomeu Lisandro Airport,BR,BR-RJ,SA,Campos dos Goytacazes,CAW,SBCP,-21.698299,-41.301701,59.0,yes,medium_airport,no,https://en.wikipedia.org/wiki/Bartolomeu_Lysandro_Airport
Basco Airport,PH,PH-BTN,AS,Basco,BSO,RPUO,20.4513,121.980003,291.0,yes,medium_airport,no,https://en.wikipedia.org/wiki/Basco_Airport
Basra International Airport,IQ,IQ-BA,AS,Basra,BSR,ORMM,30.549101,47.662102,11.0,yes,large_airport,yes,https://en.wikipedia.org/wiki/Basra_International_Airport
Bastia-Poretta International airport,FR,FR-COR,EU,Bastia,BIA,LFKB,42.5527,9.48373,26.0,yes,large_airport,yes,https://en.wikipedia.org/wiki/Bastia_-_Poretta_Airport
Bata International Airport,GQ,GQ-LI,AF,Bata,BSG,FGBT,1.90547,9.80568,13.0,yes,large_airport,no,https://en.wikipedia.org/wiki/Bata_Airport
Bathurst Airport,AU,AU-NSW,OC,Bathurst,BHS,YBTH,-33.406817,149.651161,2435.0,yes,medium_airport,no,https://en.wikipedia.org/wiki/Bathurst_Airport_(New_South_Wales)
Bathurst Airport,CA,CA-NB,NA,South Tetagouche,ZBF,CZBF,47.6297,-65.738899,193.0,yes,medium_airport,no,https://en.wikipedia.org/wiki/Bathurst_Airport_(New_Brunswick)
Batman Airport,TR,TR-72,AS,Batman,BAL,LTCJ,37.929001,41.1166,1822.0,yes,medium_airport,no,https://en.wikipedia.org/wiki/Batman_Airport
Batna Mostefa Ben Boulaid Airport,DZ,DZ-05,AF,Batna,BLJ,DABT,35.752102,6.30859,2697.0,yes,large_airport,yes,https://en.wikipedia.org/wiki/Batna_Airport
Baton Rouge Metropolitan Airport,US,US-LA,NA,Baton Rouge,BTR,KBTR,30.533199,-91.149597,70.0,yes,medium_airport,no,https://en.wikipedia.org/wiki/Baton_Rouge_Metropolitan_Airport
Batticaloa International Airport,LK,LK-5,AS,Batticaloa,BTC,VCCB,7.705073,81.677163,20.0,yes,medium_airport,yes,https://en.wikipedia.org/wiki/Batticaloa_Airport
Bauerfield International Airport,VU,VU-SEE,OC,Port Vila,VLI,NVVV,-17.699301,168.320007,70.0,yes,large_airport,yes,https://en.wikipedia.org/wiki/Bauerfield_International_Airport
Bauru/Arealva–Moussa Nakhal Tobias State Airport,BR,BR-SP,SA,Bauru,JTC,SBAE,-22.160755,-49.070325,1962.0,yes,medium_airport,no,https://en.wikipedia.org/wiki/Bauru-Arealva_Airport
Bayankhongor Airport,MN,MN-069,AS,Bayankhongor,BYN,ZMBH,46.1633,100.704002,6085.0,yes,medium_airport,no,https://en.wikipedia.org/wiki/Bayankhongor_Airport
Bayannur Tianjitai Airport,CN,CN-15,AS,Bayannur,RLK,ZBYZ,40.926358,107.74093,3400.0,yes,medium_airport,no,https://en.wikipedia.org/wiki/Bayannur_Tianjitai_Airport
Bearskin Lake Airport,CA,CA-ON,NA,Bearskin Lake,XBE,,53.965599060058594,-91.0271987915039,800.0,yes,small_airport,no,https://en.wikipedia.org/wiki/Bearskin_Lake_Airport
Beauvais-Tillé airport,FR,FR-HDF,EU,Beauvais,BVA,LFOB,49.454399,2.11278,359.0,yes,large_airport,yes,https://en.wikipedia.org/wiki/Paris_Beauvais_Till%C3%A9_Airport
Beaver Airport,US,US-AK,NA,Beaver,WBQ,PAWB,66.362198,-147.406998,359.0,yes,small_airport,no,https://en.wikipedia.org/wiki/Beaver_Airport
Bedourie Airport,AU,AU-QLD,OC,Bedourie,BEU,YBIE,-24.3461,139.460007,300.0,yes,medium_airport,no,https://en.wikipedia.org/wiki/Bedourie_Airport
Begishevo Airport,RU,RU-TA,AS,Nizhnekamsk,NBC,UWKE,55.564701,52.092499,643.0,yes,medium_airport,yes,https://en.wikipedia.org/wiki/Begishevo_Airport
Begum Nusrat Bhutto International Airport Sukkur,PK,PK-SD,AS,Sukkur,SKZ,OPSK,27.722,68.791702,196.0,yes,medium_airport,no,https://en.wikipedia.org/wiki/Begum_Nusrat_Bhutto_International_Airport
Beihai Fucheng Airport,CN,CN-45,AS,Beihai,BHY,ZGBH,21.538659,109.293683,75.0,yes,medium_airport,yes,https://en.wikipedia.org/wiki/Beihai_Fucheng_Airport
Beijing Capital International Airport,CN,CN-11,AS,Beijing,PEK,ZBAA,40.077349,116.596702,116.0,yes,large_airport,yes,https://en.wikipedia.org/wiki/Beijing_Capital_International_Airport
Beijing Nanyuan Airport,CN,CN-11,AS,Beijing,NAY,ZBNY,39.782158,116.386299,96.0,no,small_airport,no,https://en.wikipedia.org/wiki/Beijing_Nanyuan_Airport
Beira International Airport,MZ,MZ-S,AF,Beira,BEW,FQBR,-19.7964,34.9076,33.0,yes,large_airport,yes,https://en.wikipedia.org/wiki/Beira_Airport
Beirut Rafic Hariri International Airport,LB,LB-JL,AS,Beirut,BEY,OLBA,33.819833,35.487443,87.0,yes,large_airport,yes,https://en.wikipedia.org/wiki/Beirut_Rafic_Hariri_International_Airport
Belagavi Airport,IN,IN-KA,AS,Belgaum,IXG,VOBM,15.8593,74.618301,2487.0,yes,medium_airport,no,https://en.wikipedia.org/wiki/Belgaum_Airport
Belfast International Airport,GB,GB-NIR,EU,Belfast,BFS,EGAA,54.6575012207,-6.2158298492399995,268.0,yes,large_airport,yes,https://en.wikipedia.org/wiki/Belfast_International_Airport
Belgorod International Airport,RU,RU-BEL,EU,Belgorod,EGO,UUOB,50.643798828125,36.5900993347168,735.0,yes,medium_airport,yes,https://en.wikipedia.org/wiki/Belgorod_Airport
Belgrade Nikola Tesla Airport,RS,RS-00,EU,Belgrade,BEG,LYBE,44.818401,20.309099,335.0,yes,large_airport,yes,https://en.wikipedia.org/wiki/Belgrade_Nikola_Tesla_Airport
Bella Bella (Campbell Island) Airport,CA,CA-BC,NA,Bella Bella,ZEL,CBBC,52.185001,-128.156994,141.0,yes,medium_airport,no,https://en.wikipedia.org/wiki/Bella_Bella_(Campbell_Island)_Airport
Bella Coola Airport,CA,CA-BC,NA,Bella Coola,QBC,CYBD,52.387501,-126.596001,117.0,yes,medium_airport,no,https://en.wikipedia.org/wiki/Bella_Coola_Airport
Bellingham International Airport,US,US-WA,NA,Bellingham,BLI,KBLI,48.79280090332031,-122.53800201416016,170.0,yes,medium_airport,yes,https://en.wikipedia.org/wiki/Bellingham_International_Airport
Bellona/Anua Airport,SB,SB-RB,OC,Anua,BNY,AGGB,-11.3022222222,159.798333333,60.0,yes,small_airport,no,https://en.wikipedia.org/wiki/Bellona/Anua_Airport
Beloyarskiy Airport,RU,RU-KHM,EU,,EYK,USHQ,63.686901,66.698601,82.0,yes,medium_airport,no,https://en.wikipedia.org/wiki/Beloyarsk_Airport
Bemidji Regional Airport,US,US-MN,NA,Bemidji,BJI,KBJI,47.50939941,-94.93370056,1391.0,no,medium_airport,no,https://en.wikipedia.org/wiki/Bemidji_Regional_Airport
Ben Gurion International Airport,IL,IL-M,AS,Tel Aviv,TLV,LLBG,32.011398,34.8867,135.0,yes,large_airport,yes,https://en.wikipedia.org/wiki/Ben_Gurion_International_Airport
Benbecula Airport,GB,GB-SCT,EU,Balivanich,BEB,EGPL,57.481098,-7.36278,19.0,yes,medium_airport,no,https://en.wikipedia.org/wiki/Benbecula_Airport
Bender Qassim International Airport,SO,SO-BR,AF,Bosaso,BSA,HCMF,11.275235,49.139231,3.0,yes,large_airport,yes,https://en.wikipedia.org/wiki/Bosaso_Airport
Beni Airport,CD,CD-NK,AF,Beni,BNC,FZNP,0.575,29.4739,3517.0,no,small_airport,no,https://en.wikipedia.org/wiki/Beni_Airport
Benin Airport,NG,NG-ED,AF,Benin,BNI,DNBE,6.316979885101318,5.5995001792907715,258.0,yes,medium_airport,no,https://en.wikipedia.org/wiki/Benin_Airport
Benina International Airport,LY,LY-BA,AF,Benina,BEN,HLLB,32.096802,20.269501,433.0,yes,large_airport,yes,https://en.wikipedia.org/wiki/Benina_International_Airport
Benito Salas Airport,CO,CO-HUI,SA,Neiva,NVA,SKNV,2.95015,-75.294,1464.0,yes,medium_airport,yes,https://en.wikipedia.org/wiki/Benito_Salas_Airport
Benjamin Rivera Noriega Airport,PR,PR-U-A,NA,Culebra,CPX,TJCP,18.312954,-65.303893,49.0,yes,medium_airport,no,https://en.wikipedia.org/wiki/Benjam%C3%ADn_Rivera_Noriega_Airport
Berbera Airport,SO,SO-WO,AF,Berbera,BBO,HCMI,10.385035,44.936723,30.0,yes,medium_airport,no,https://en.wikipedia.org/wiki/Berbera_Airport
"Bergen Airport, Flesland",NO,NO-46,EU,Bergen,BGO,ENBR,60.2934,5.21814,170.0,yes,large_airport,yes,https://en.wikipedia.org/wiki/Bergen_Airport%2C_Flesland
Bergerac Dordogne-Périgord airport,FR,FR-NAQ,EU,Bergerac,EGC,LFBE,44.825298,0.518611,171.0,yes,medium_airport,yes,https://en.wikipedia.org/wiki/Bergerac_Dordogne_P%C3%A9rigord_Airport
Berlevåg Airport,NO,NO-56,EU,Berlevåg,BVG,ENBV,70.871517,29.034097,42.0,yes,medium_airport,no,https://en.wikipedia.org/wiki/Berlev%C3%A5g_Airport
Bern Airport,CH,CH-BE,EU,Bern,BRN,LSZB,46.912736,7.498819,1671.0,yes,medium_airport,yes,https://en.wikipedia.org/wiki/Bern_Airport
Bert Mooney Airport,US,US-MT,NA,Butte,BTM,KBTM,45.95479965209961,-112.49700164794922,5550.0,yes,medium_airport,no,https://en.wikipedia.org/wiki/Bert_Mooney_Airport
Bethel Airport,US,US-AK,NA,Bethel,BET,PABE,60.77980042,-161.8379974,126.0,yes,medium_airport,no,https://en.wikipedia.org/wiki/Bethel_Airport
Betoambari Airport,ID,ID-SG,AS,Bau Bau,BUW,WAWB,-5.486037,122.569823,164.0,no,small_airport,no,https://en.wikipedia.org/wiki/Betoambari_Airport
Bettles Airport,US,US-AK,NA,Bettles,BTT,PABT,66.913902,-151.529007,647.0,yes,small_airport,no,https://en.wikipedia.org/wiki/Bettles_Airport
Bhadrapur Airport,NP,NP-P1,AS,Bhadrapur,BDP,VNCG,26.5708007812,88.07959747310001,300.0,yes,small_airport,no,https://en.wikipedia.org/wiki/Bhadrapur_Airport
Bharatpur Airport,NP,NP-P3,AS,Bharatpur,BHR,VNBP,27.678101,84.429398,600.0,yes,small_airport,no,https://en.wikipedia.org/wiki/Bharatpur_Airport
Bhavnagar Airport,IN,IN-GJ,AS,Bhavnagar,BHU,VABV,21.752199173,72.1852035522,44.0,yes,medium_airport,no,https://en.wikipedia.org/wiki/Bhavnagar_Airport
Bhuj Airport,IN,IN-GJ,AS,Bhuj,BHJ,VABJ,23.2877998352,69.6701965332,268.0,yes,medium_airport,no,https://en.wikipedia.org/wiki/Bhuj_Airport
Biarritz Pays Basque airport,FR,FR-NAQ,EU,Biarritz,BIQ,LFBZ,43.468372,-1.523223,245.0,yes,medium_airport,yes,https://en.wikipedia.org/wiki/Biarritz_-_Anglet_-_Bayonne_Airport
Big Trout Lake Airport,CA,CA-ON,NA,Big Trout Lake,YTL,CYTL,53.817799,-89.896896,729.0,yes,small_airport,no,https://en.wikipedia.org/wiki/Big_Trout_Lake_Airport
Bijie Feixiong Airport,CN,CN-52,AS,Bijie,BFJ,ZUBJ,27.267066,105.472097,4751.0,yes,medium_airport,no,https://en.wikipedia.org/wiki/Bijie_Feixiong_Airport
Biju Patnaik International Airport,IN,IN-OR,AS,Bhubaneswar,BBI,VEBS,20.251021,85.814747,138.0,yes,large_airport,yes,https://en.wikipedia.org/wiki/Biju_Patnaik_Airport
Bilbao Airport,ES,ES-PV,EU,Bilbao,BIO,LEBB,43.301102,-2.91061,138.0,yes,large_airport,yes,https://en.wikipedia.org/wiki/Bilbao_Airport
Bill & Hillary Clinton National Airport/Adams Field,US,US-AR,NA,Little Rock,LIT,KLIT,34.729222,-92.223591,262.0,yes,medium_airport,yes,https://en.wikipedia.org/wiki/Little_Rock_National_Airport
Billings Logan International Airport,US,US-MT,NA,Billings,BIL,KBIL,45.808932,-108.541242,3652.0,yes,medium_airport,no,https://en.wikipedia.org/wiki/Billings_Logan_International_Airport
Billund Airport,DK,DK-83,EU,Billund,BLL,EKBI,55.740335,9.157019,247.0,yes,large_airport,yes,https://en.wikipedia.org/wiki/Billund_Airport
Billy Bishop Toronto City Airport,CA,CA-ON,NA,Toronto,YTZ,CYTZ,43.627852,-79.39553,252.0,yes,medium_airport,yes,https://en.wikipedia.org/wiki/Billy_Bishop_Toronto_City_Airport
Biloela Airport,AU,AU-QLD,OC,Biloela,ZBL,,-24.320816,150.509627,643.0,no,small_airport,no,https://en.wikipedia.org/wiki/Biloela_Airport
Bingöl Airport,TR,TR-12,AS,Bingöl,BGG,LTCU,38.860131,40.594489,3506.0,yes,small_airport,no,https://en.wikipedia.org/wiki/Bing%C3%B6l_Airport
Bintulu Airport,MY,MY-13,AS,Bintulu,BTU,WBGB,3.12385010719,113.019996643,74.0,yes,medium_airport,no,https://en.wikipedia.org/wiki/Bintulu_Airport
Bir Tikendrajit International Airport,IN,IN-MN,AS,Imphal,IMF,VEIM,24.76,93.896698,2540.0,yes,large_airport,yes,https://en.wikipedia.org/wiki/Imphal_Airport
Biratnagar Airport,NP,NP-P1,AS,Biratnagar,BIR,VNVT,26.48150062561035,87.26399993896484,236.0,yes,medium_airport,no,https://en.wikipedia.org/wiki/Biratnagar_Airport
Birch Creek Airport,US,US-AK,NA,Birch Creek,KBC,,66.2740020752,-145.824005127,450.0,yes,small_airport,no,https://en.wikipedia.org/wiki/Birch_Creek_Airport
Birdsville Airport,AU,AU-QLD,OC,,BVI,YBDV,-25.897499084472656,139.34800720214844,159.0,yes,medium_airport,no,https://en.wikipedia.org/wiki/Birdsville_Airport
Birjand International Airport,IR,IR-29,AS,Birjand,XBJ,OIMB,32.896525,59.281258,4952.0,yes,large_airport,yes,https://en.wikipedia.org/wiki/Birjand_Airport
Birmingham Airport,GB,GB-ENG,EU,"Birmingham, West Midlands",BHX,EGBB,52.453899,-1.74803,327.0,yes,large_airport,yes,https://en.wikipedia.org/wiki/Birmingham_Airport
Birmingham-Shuttlesworth International Airport,US,US-AL,NA,Birmingham,BHM,KBHM,33.562877,-86.750712,650.0,yes,large_airport,yes,https://en.wikipedia.org/wiki/Birmingham_International_Airport_(US)
Birsa Munda Airport,IN,IN-JH,AS,Ranchi,IXR,VERC,23.314300537100003,85.3217010498,2148.0,yes,medium_airport,yes,https://en.wikipedia.org/wiki/Birsa_Munda_Airport
Bisha Airport,SA,SA-14,AS,Bisha,BHH,OEBH,19.9844,42.620899,3887.0,yes,medium_airport,no,https://en.wikipedia.org/wiki/Bisha_Domestic_Airport
Bishop International Airport,US,US-MI,NA,Flint,FNT,KFNT,42.969294,-83.743355,782.0,yes,medium_airport,no,https://en.wikipedia.org/wiki/Bishop_International_Airport
Biskra - Mohamed Khider Airport,DZ,DZ-07,AF,Biskra,BSK,DAUB,34.79318,5.738899,289.0,yes,large_airport,yes,https://en.wikipedia.org/wiki/Biskra_Airport
Bismarck Municipal Airport,US,US-ND,NA,Bismarck,BIS,KBIS,46.772734,-100.746874,1661.0,yes,medium_airport,no,https://en.wikipedia.org/wiki/Bismarck_Municipal_Airport
Blackall Airport,AU,AU-QLD,OC,Blackall,BKQ,YBCK,-24.431678,145.429716,928.0,yes,medium_airport,no,https://en.wikipedia.org/wiki/Blackall_Airport
Blackpool Airport,GB,GB-ENG,EU,Blackpool,BLK,EGNH,53.771702,-3.02861,34.0,no,medium_airport,no,https://en.wikipedia.org/wiki/Blackpool_International_Airport
Blue Grass Airport,US,US-KY,NA,Lexington,LEX,KLEX,38.035066,-84.606738,979.0,yes,medium_airport,no,https://en.wikipedia.org/wiki/Blue_Grass_Airport
Bob Baker Memorial Airport,US,US-AK,NA,Kiana,IAN,PAIK,66.976128,-160.439014,166.0,yes,medium_airport,no,https://en.wikipedia.org/wiki/Bob_Baker_Memorial_Airport
Bobo Dioulasso Airport,BF,BF-HOU,AF,Bobo Dioulasso,BOY,DFOO,11.1601,-4.33097,1511.0,yes,large_airport,yes,https://en.wikipedia.org/wiki/Bobo_Dioulasso_Airport
"Bocas del Toro ""Isla Colón"" International Airport",PA,PA-1,NA,Isla Colón,BOC,MPBO,9.34085,-82.250801,10.0,yes,medium_airport,yes,https://en.wikipedia.org/wiki/Bocas_del_Toro_%22Isla_Colón%22_International_Airport
Bodaybo Airport,RU,RU-IRK,AS,Bodaybo,ODO,UIKB,57.866100311299995,114.242996216,919.0,yes,small_airport,no,https://en.wikipedia.org/wiki/Bodaybo_Airport
Bodensee Airport Friedrichshafen,DE,DE-BW,EU,Friedrichshafen,FDH,EDNY,47.671299,9.51149,1367.0,yes,large_airport,yes,https://en.wikipedia.org/wiki/Friedrichshafen_Airport
Bodø Airport,NO,NO-18,EU,Bodø,BOO,ENBO,67.269203,14.3653,42.0,yes,large_airport,yes,https://en.wikipedia.org/wiki/Bod%C3%B8_Airport
Boende Airport,CD,CD-TU,AF,Boende,BNB,FZGN,-0.286652,20.883551,1168.0,yes,small_airport,no,https://en.wikipedia.org/wiki/Boende_Airport
Bohol-Panglao International Airport,PH,PH-BOH,AS,Panglao,TAG,RPSP,9.573045,123.770143,42.0,yes,large_airport,yes,https://en.wikipedia.org/wiki/Bohol%E2%80%93Panglao_International_Airport
Boise Air Terminal/Gowen Field,US,US-ID,NA,Boise,BOI,KBOI,43.5644,-116.223,2871.0,yes,large_airport,yes,https://en.wikipedia.org/wiki/Boise_Airport
Bojnord Airport,IR,IR-28,AS,Bojnord,BJB,OIMN,37.49300003051758,57.30820083618164,3499.0,yes,medium_airport,no,https://en.wikipedia.org/wiki/Bojnourd_Airport
Bokhtar International Airport,TJ,TJ-KT,AS,Bokhtar,KQT,UTDT,37.866315,68.864475,1473.0,yes,large_airport,yes,https://en.wikipedia.org/wiki/Bokhtar_International_Airport
Bole Alashankou Airport,CN,CN-65,AS,Bole,BPL,ZWBL,44.895461,82.30007,1253.0,yes,medium_airport,no,https://en.wikipedia.org/wiki/Bole_Alashankou_Airport
Bologna Guglielmo Marconi Airport,IT,IT-45,EU,Bologna,BLQ,LIPE,44.5354,11.2887,123.0,yes,large_airport,yes,https://en.wikipedia.org/wiki/Bologna_Airport
Bolzano Airport,IT,IT-32,EU,Bolzano (BZ),BZO,LIPB,46.459245,11.326125,789.0,yes,medium_airport,no,https://en.wikipedia.org/wiki/Bolzano_Airport
Bom Jesus da Lapa Airport,BR,BR-BA,SA,Bom Jesus da Lapa,LAZ,SBLP,-13.2621,-43.4081,1454.0,no,medium_airport,no,https://en.wikipedia.org/wiki/Bom_Jesus_da_Lapa_Airport
Bonaventure Airport,CA,CA-QC,NA,Bonaventure,YVB,CYVB,48.071098,-65.460297,123.0,yes,medium_airport,no,https://en.wikipedia.org/wiki/Bonaventure_Airport
Bonito Airport,BR,BR-MS,SA,Bonito,BYO,SBDB,-21.2473,-56.452399,1180.0,yes,small_airport,no,https://en.wikipedia.org/wiki/Bonito_Airport
Bonriki International Airport,KI,KI-G,OC,South Tarawa,TRW,NGTA,1.38164,173.147003,9.0,yes,large_airport,yes,https://en.wikipedia.org/wiki/Bonriki_International_Airport
Boone County Airport,US,US-AR,NA,Harrison,HRO,KHRO,36.26150131225586,-93.15470123291016,1365.0,yes,medium_airport,no,https://en.wikipedia.org/wiki/Boone_County_Airport
Bora Bora Airport,PF,PF-U-A,OC,Motu Mute,BOB,NTTB,-16.444400787353516,-151.75100708007812,10.0,yes,medium_airport,no,https://en.wikipedia.org/wiki/Bora_Bora_Airport
Bordeaux–Mérignac Airport,FR,FR-NAQ,EU,Bordeaux,BOD,LFBD,44.82865,-0.715356,162.0,yes,large_airport,yes,https://en.wikipedia.org/wiki/Bordeaux%E2%80%93M%C3%A9rignac_Airport
Bordj Badji Mokhtar Airport,DZ,DZ-52,AF,Bordj Badji Mokhtar,BMW,DATM,21.3778,0.92698,1303.0,yes,medium_airport,no,https://en.wikipedia.org/wiki/Bordj_Mokhtar_Airport
Bornholm Airport,DK,DK-84,EU,Rønne,RNN,EKRN,55.063301,14.7596,52.0,yes,medium_airport,no,https://en.wikipedia.org/wiki/Bornholm_Airport
Boryspil International Airport,UA,UA-32,EU,Boryspil,KBP,UKBB,50.345001,30.894699,427.0,no,medium_airport,yes,https://en.wikipedia.org/wiki/Boryspil_International_Airport
Boston Logan International Airport,US,US-MA,NA,Boston,BOS,KBOS,42.36197,-71.0079,20.0,yes,large_airport,yes,https://en.wikipedia.org/wiki/Logan_International_Airport
Boulder City Municipal Airport,US,US-NV,NA,Boulder City,BLD,KBVU,35.947161,-114.858799,2201.0,yes,medium_airport,no,https://en.wikipedia.org/wiki/Boulder_City_Municipal_Airport
Boulia Airport,AU,AU-QLD,OC,,BQL,YBOU,-22.913299560546875,139.89999389648438,542.0,yes,medium_airport,no,https://en.wikipedia.org/wiki/Boulia_Airport
Bournemouth Airport,GB,GB-ENG,EU,Bournemouth,BOH,EGHH,50.780483,-1.839576,38.0,yes,medium_airport,yes,https://en.wikipedia.org/wiki/Bournemouth_Airport
Bozeman Yellowstone International Airport,US,US-MT,NA,Bozeman,BZN,KBZN,45.778853,-111.153711,4473.0,yes,medium_airport,no,https://en.wikipedia.org/wiki/Bozeman_Yellowstone_International_Airport
Bradford Regional Airport,US,US-PA,NA,Bradford,BFD,KBFD,41.8031005859375,-78.64009857177734,2143.0,yes,medium_airport,no,https://en.wikipedia.org/wiki/Bradford_Regional_Airport
Bradley International Airport,US,US-CT,NA,Hartford,BDL,KBDL,41.938555,-72.688016,173.0,yes,large_airport,yes,https://en.wikipedia.org/wiki/Bradley_International_Airport
Brainerd Lakes Regional Airport,US,US-MN,NA,Brainerd,BRD,KBRD,46.402861,-94.129727,1232.0,yes,medium_airport,no,https://en.wikipedia.org/wiki/Brainerd_Lakes_Regional_Airport
Bram Fischer International Airport,ZA,ZA-FS,AF,Bloemfontein,BFN,FABL,-29.092699,26.302401,4457.0,yes,large_airport,yes,https://en.wikipedia.org/wiki/Bram_Fischer_International_Airport
Brandon Municipal Airport,CA,CA-MB,NA,Brandon,YBR,CYBR,49.91,-99.951897,1343.0,yes,medium_airport,no,https://en.wikipedia.org/wiki/Brandon_Airport
Branson Airport,US,US-MO,NA,Branson,BKG,KBBG,36.532082,-93.200544,1302.0,yes,medium_airport,no,https://en.wikipedia.org/wiki/Branson_Airport
Bratsk Airport,RU,RU-IRK,AS,Bratsk,BTK,UIBB,56.3696,101.701822,1610.0,yes,medium_airport,yes,https://en.wikipedia.org/wiki/Bratsk_Airport
Brač Airport,HR,HR-17,EU,Gornji Humac,BWK,LDSB,43.284454,16.678362,1776.0,yes,medium_airport,yes,https://en.wikipedia.org/wiki/Bra%C4%8D_Airport
Bremen Airport,DE,DE-HB,EU,Bremen,BRE,EDDW,53.046786,8.78932,14.0,yes,large_airport,yes,https://en.wikipedia.org/wiki/Bremen_Airport
Brest Bretagne airport,FR,FR-BRE,EU,Brest,BES,LFRB,48.447899,-4.41854,325.0,yes,large_airport,yes,https://en.wikipedia.org/wiki/Brest_Bretagne_Airport
Breves Airport,BR,BR-PA,SA,Breves,BVS,SNVS,-1.63653,-50.4436,98.0,yes,small_airport,no,https://en.wikipedia.org/wiki/Breves_Airport
Brevig Mission Airport,US,US-AK,NA,Brevig Mission,KTS,PFKT,65.331826,-166.467848,38.0,yes,small_airport,no,https://en.wikipedia.org/wiki/Brevig_Mission_Airport
Brigadeiro Camarão Airport,BR,BR-RO,SA,Vilhena,BVH,SBVH,-12.6944,-60.098301,2018.0,yes,medium_airport,no,https://en.wikipedia.org/wiki/Vilhena_Airport
Brigadeiro Lysias Rodrigues Airport,BR,BR-TO,SA,Palmas,PMW,SBPJ,-10.2915,-48.356998,774.0,yes,medium_airport,no,https://en.wikipedia.org/wiki/Palmas_Airport
Brigadier Mayor D Cesar Raul Ojeda Airport,AR,AR-D,SA,San Luis,LUQ,SAOU,-33.273201,-66.3564,2328.0,yes,medium_airport,no,https://en.wikipedia.org/wiki/Brigadier_Mayor_C%C3%A9sar_Ra%C3%BAl_Ojeda_Airport
Brindisi Airport,IT,IT-75,EU,Brindisi,BDS,LIBR,40.6576,17.947001,47.0,yes,large_airport,yes,https://en.wikipedia.org/wiki/Brindisi_Airport
Brisbane International Airport,AU,AU-QLD,OC,Brisbane,BNE,YBBN,-27.384199142456055,153.11700439453125,13.0,yes,large_airport,yes,https://en.wikipedia.org/wiki/Brisbane_Airport
Bristol Airport,GB,GB-ENG,EU,Bristol,BRS,EGGD,51.382326,-2.716453,622.0,yes,large_airport,yes,https://en.wikipedia.org/wiki/Bristol_Airport
Brive Souillac airport,FR,FR-NAQ,EU,Brive,BVE,LFSL,45.039722,1.485556,1016.0,yes,medium_airport,no,https://fr.wikipedia.org/wiki/Aéroport_de_Brive-Souillac
Brno-Tuřany Airport,CZ,CZ-JM,EU,Brno,BRQ,LKTB,49.151276,16.693972,778.0,yes,medium_airport,yes,https://en.wikipedia.org/wiki/Brno-Tu%C5%99any_Airport
Broken Hill Airport,AU,AU-NSW,OC,Broken Hill,BHQ,YBHI,-32.0013999939,141.472000122,958.0,yes,medium_airport,no,https://en.wikipedia.org/wiki/Broken_Hill_Airport
Broome International Airport,AU,AU-WA,OC,Broome,BME,YBRM,-17.949194,122.2283,56.0,yes,large_airport,yes,https://en.wikipedia.org/wiki/Broome_International_Airport
Brownsville South Padre Island International Airport,US,US-TX,NA,Brownsville,BRO,KBRO,25.907238,-97.425235,22.0,yes,medium_airport,yes,https://en.wikipedia.org/wiki/Brownsville/South_Padre_Island_International_Airport
Brunei International Airport,BN,BN-BM,AS,Bandar Seri Begawan,BWN,WBSB,4.9442,114.928001,73.0,yes,large_airport,yes,https://en.wikipedia.org/wiki/Brunei_International_Airport
Brunswick Golden Isles Airport,US,US-GA,NA,Brunswick,BQK,KBQK,31.258801,-81.466499,26.0,yes,medium_airport,no,https://en.wikipedia.org/wiki/Brunswick_Golden_Isles_Airport
Brussels Airport,BE,BE-VBR,EU,Zaventem,BRU,EBBR,50.901402,4.48444,175.0,yes,large_airport,yes,https://en.wikipedia.org/wiki/Brussels_Airport
Brussels South Charleroi Airport,BE,BE-WHT,EU,Charleroi,CRL,EBCI,50.461963,4.459562,614.0,yes,large_airport,yes,https://en.wikipedia.org/wiki/Brussels_South_Charleroi_Airport
"Brønnøysund Airport, Brønnøy",NO,NO-18,EU,Brønnøy,BNN,ENBN,65.461098,12.2175,25.0,yes,medium_airport,no,https://en.wikipedia.org/wiki/Br%C3%B8nn%C3%B8ysund_Airport%2C_Br%C3%B8nn%C3%B8y
Bucharest Henri Coandă International Airport,RO,RO-IF,EU,Otopeni,OTP,LROP,44.571792,26.103285,314.0,yes,large_airport,yes,https://en.wikipedia.org/wiki/Henri_Coand%C4%83_International_Airport
Bucholz Army Air Field,MH,MH-KWA,OC,Kwajalein,KWA,PKWA,8.720120429992676,167.73199462890625,9.0,yes,medium_airport,yes,https://en.wikipedia.org/wiki/Bucholz_Army_Airfield
Buckland Airport,US,US-AK,NA,Buckland,BKC,PABL,65.981598,-161.149002,31.0,yes,small_airport,no,https://en.wikipedia.org/wiki/Buckland_Airport
Budapest Liszt Ferenc International Airport,HU,HU-BU,EU,Budapest,BUD,LHBP,47.43018,19.262393,495.0,yes,large_airport,yes,https://en.wikipedia.org/wiki/Budapest_Ferenc_Liszt_International_Airport
Buffalo Niagara International Airport,US,US-NY,NA,Buffalo,BUF,KBUF,42.940498,-78.732201,728.0,yes,large_airport,yes,https://en.wikipedia.org/wiki/Buffalo_Niagara_International_Airport
Bugulma Airport,RU,RU-TA,AS,Bugulma,UUA,UWKB,54.641184,52.800229,991.0,yes,medium_airport,no,https://en.wikipedia.org/wiki/Bugulma_Airport
Bujumbura Melchior Ndadaye International Airport,BI,BI-BM,AF,Bujumbura,BJM,HBBA,-3.32402,29.318501,2582.0,yes,large_airport,yes,https://en.wikipedia.org/wiki/Bujumbura_International_Airport
Buka Airport,PG,PG-NSB,OC,Buka Island,BUA,AYBK,-5.422299,154.672698,11.0,yes,medium_airport,no,https://en.wikipedia.org/wiki/Buka_Airport
Bukavu Kavumu Airport,CD,CD-SK,AF,Kamakombe,BKY,FZMA,-2.30898,28.8088,5643.0,no,medium_airport,no,https://en.wikipedia.org/wiki/Kavumu_Airport
Bukhara International Airport,UZ,UZ-BU,AS,Bukhara,BHK,UZSB,39.775319,64.482279,751.0,yes,large_airport,yes,https://en.wikipedia.org/wiki/Bukhara_International_Airport
Bukoba Airport,TZ,TZ-05,AF,Bukoba,BKZ,HTBU,-1.332,31.8212,3784.0,yes,small_airport,no,https://en.wikipedia.org/wiki/Bukoba_Airport
Bulolo Airport,PG,PG-MPL,OC,Bulolo,BUL,AYBU,-7.216286671410001,146.649541855,2240.0,no,small_airport,no,https://en.wikipedia.org/wiki/Bulolo_Airport
Bundaberg Airport,AU,AU-QLD,OC,Bundaberg,BDB,YBUD,-24.905039,152.322612,107.0,yes,medium_airport,no,https://en.wikipedia.org/wiki/Bundaberg_Airport
Bunia Airport,CD,CD-IT,AF,Bunia,BUX,FZKA,1.565743,30.220685,4045.0,yes,medium_airport,no,https://en.wikipedia.org/wiki/Bunia_Airport
Buon Ma Thuot Airport,VN,VN-CH,AS,Buon Ma Thuot,BMV,VVBM,12.668299675,108.120002747,1729.0,yes,medium_airport,no,https://en.wikipedia.org/wiki/Buon_Ma_Thuot_Airport
Burevestnik Airport,RU,RU-SAK,AS,Kurilsk,BVV,UHSB,44.919998,147.621994,79.0,no,small_airport,no,https://en.wikipedia.org/wiki/Burevestnik_Airport
Burgas Airport,BG,BG-02,EU,Burgas,BOJ,LBBG,42.569917,27.515173,135.0,yes,large_airport,yes,https://en.wikipedia.org/wiki/Burgas_Airport
Burgos Airport,ES,ES-CL,EU,Burgos,RGS,LEBG,42.357601,-3.62076,2962.0,no,medium_airport,no,https://en.wikipedia.org/wiki/Burgos_Airport
Buri Ram Airport,TH,TH-31,AS,Buriram,BFV,VTUO,15.2295,103.252998,590.0,yes,medium_airport,no,https://en.wikipedia.org/wiki/Buriram_Airport
Burketown Airport,AU,AU-QLD,OC,,BUC,YBKT,-17.748600006103516,139.53399658203125,21.0,yes,small_airport,no,https://en.wikipedia.org/wiki/Burketown_Airport
Bushehr Airport,IR,IR-18,AS,Bushehr,BUZ,OIBB,28.9447994232,50.8345985413,68.0,yes,medium_airport,yes,https://en.wikipedia.org/wiki/Bushehr_Airport
Busselton Margaret River Regional Airport,AU,AU-WA,OC,Busselton,BQB,YBLN,-33.687222,115.400278,55.0,yes,small_airport,no,https://en.wikipedia.org/wiki/Busselton_Regional_Airport
Buyant-Ukhaa International Airport,MN,MN-1,AS,Ulaanbaatar,ULN,ZMUB,47.843102,106.766998,4364.0,no,large_airport,no,https://en.wikipedia.org/wiki/Buyant-Ukhaa_International_Airport
Båtsfjord Airport,NO,NO-56,EU,Båtsfjord,BJF,ENBS,70.60025,29.692612,490.0,yes,medium_airport,no,https://en.wikipedia.org/wiki/B%C3%A5tsfjord_Airport
Béchar Boudghene Ben Ali Lotfi Airport,DZ,DZ-08,AF,Béchar,CBH,DAOR,31.64570045471191,-2.269860029220581,2661.0,yes,medium_airport,no,https://en.wikipedia.org/wiki/B%C3%A9char_Ouakda_Airport
Béziers Vias airport,FR,FR-OCC,EU,Béziers,BZR,LFMU,43.323502,3.3539,56.0,yes,medium_airport,yes,https://en.wikipedia.org/wiki/B%C3%A9ziers-Agde-Vias_Airport
Cabinda Airport,AO,AO-CAB,AF,Cabinda,CAB,FNCA,-5.59839,12.188145,66.0,yes,medium_airport,no,https://en.wikipedia.org/wiki/Cabinda_Airport
Cabo Frio Airport,BR,BR-RJ,SA,Cabo Frio,CFB,SBCB,-22.921485,-42.071874,22.0,yes,small_airport,no,https://en.wikipedia.org/wiki/Cabo_Frio_International_Airport
Cacique Aramare Airport,VE,VE-Z,SA,Puerto Ayacucho,PYH,SVPA,5.61999,-67.606102,245.0,no,medium_airport,no,https://en.wikipedia.org/wiki/Cacique_Aramare_Airport
Cacoal Airport,BR,BR-RO,SA,Cacoal,OAL,SSKW,-11.496,-61.4508,778.0,yes,small_airport,no,https://en.wikipedia.org/wiki/Cacoal_Airport
Cadete FAP Guillermo Del Castillo Paredes Airport,PE,PE-SAM,SA,Tarapoto,TPP,SPST,-6.508739948272705,-76.37319946289062,869.0,yes,medium_airport,no,https://en.wikipedia.org/wiki/Cad._FAP_Guillermo_del_Castillo_Paredes_Airport
Caen Carpiquet airport,FR,FR-NOR,EU,Caen,CFR,LFRK,49.17678,-0.454883,256.0,yes,medium_airport,no,https://en.wikipedia.org/wiki/Caen_-_Carpiquet_Airport
Cagliari Elmas Airport,IT,IT-88,EU,Cagliari,CAG,LIEE,39.251499,9.05428,13.0,yes,large_airport,yes,https://en.wikipedia.org/wiki/Cagliari_Elmas_Airport
Cairns International Airport,AU,AU-QLD,OC,Cairns,CNS,YBCS,-16.878921,145.74948,10.0,yes,large_airport,yes,https://en.wikipedia.org/wiki/Cairns_International_Airport
Cairo International Airport,EG,EG-C,AF,Cairo,CAI,HECA,30.111534,31.396694,322.0,yes,large_airport,yes,https://en.wikipedia.org/wiki/Cairo_International_Airport
Calbayog Airport,PH,PH-WSA,AS,Calbayog City,CYP,RPVC,12.072574,124.54508,12.0,yes,medium_airport,no,https://en.wikipedia.org/wiki/Calbayog_Airport
Calgary International Airport,CA,CA-AB,NA,Calgary,YYC,CYYC,51.118822,-114.009933,3557.0,yes,large_airport,yes,https://en.wikipedia.org/wiki/Calgary_International_Airport
Calicut International Airport,IN,IN-KL,AS,Calicut,CCJ,VOCL,11.135996,75.955152,342.0,yes,large_airport,yes,https://en.wikipedia.org/wiki/Calicut_International_Airport
California Redwood Coast-Humboldt County Airport,US,US-CA,NA,Arcata/Eureka,ACV,KACV,40.978101,-124.109,221.0,yes,medium_airport,no,https://en.wikipedia.org/wiki/Arcata-Eureka_Airport
Calvi Sainte Catherine Airport,FR,FR-COR,EU,Calvi,CLY,LFKC,42.530422,8.792984,209.0,yes,medium_airport,no,https://en.wikipedia.org/wiki/Calvi_-_Sainte-Catherine_Airport
Cam Ranh International Airport / Cam Ranh Air Base,VN,VN-SCC,AS,Nha Trang/nha Trang aiurportCam Ranh,CXR,VVCR,11.9982,109.219002,40.0,yes,large_airport,yes,https://en.wikipedia.org/wiki/Cam_Ranh_International_Airport
Cambridge Bay Airport,CA,CA-NU,NA,Cambridge Bay,YCB,CYCB,69.1081008911,-105.138000488,90.0,yes,medium_airport,no,https://en.wikipedia.org/wiki/Cambridge_Bay_Airport
Camiguin Airport,PH,PH-CAM,AS,Mambajao,CGM,RPMH,9.253894,124.709115,53.0,yes,medium_airport,no,https://en.wikipedia.org/wiki/Camiguin_Airport
Camilo Daza International Airport,CO,CO-NSA,SA,Cúcuta,CUC,SKCC,7.92757,-72.5115,1096.0,yes,medium_airport,yes,https://en.wikipedia.org/wiki/Camilo_Daza_International_Airport
Campbell River Airport,CA,CA-BC,NA,Campbell River,YBL,CYBL,49.950802,-125.271004,346.0,yes,medium_airport,no,https://en.wikipedia.org/wiki/Campbell_River_Airport
Campbeltown Airport,GB,GB-SCT,EU,Campbeltown,CAL,EGEC,55.437199,-5.68639,42.0,yes,medium_airport,no,https://en.wikipedia.org/wiki/Campbeltown_Airport
Campo Grande Airport,BR,BR-MS,SA,Campo Grande,CGR,SBCG,-20.469998,-54.673988,1833.0,yes,medium_airport,yes,https://en.wikipedia.org/wiki/Campo_Grande_International_Airport
Can Tho International Airport,VN,VN-SW,AS,Can Tho,VCA,VVCT,10.083397,105.709371,9.0,yes,large_airport,yes,https://en.wikipedia.org/wiki/Can_Tho_International_Airport
Canaima Airport,VE,VE-F,SA,Canaima,CAJ,SVCN,6.231989,-62.85485,1450.0,yes,medium_airport,no,https://en.wikipedia.org/wiki/Canaima_Airport
Canberra Airport,AU,AU-ACT,OC,Canberra,CBR,YSCB,-35.3069,149.195007,1886.0,yes,medium_airport,yes,https://en.wikipedia.org/wiki/Canberra_Airport
Cancún International Airport,MX,MX-ROO,NA,Cancún,CUN,MMUN,21.040817,-86.87347,22.0,yes,large_airport,yes,https://en.wikipedia.org/wiki/Cancun_International_Airport
Canyonlands Regional Airport,US,US-UT,NA,Moab,CNY,KCNY,38.755001,-109.754997,4557.0,yes,medium_airport,no,https://en.wikipedia.org/wiki/Canyonlands_Field
Cap FAP David Abenzur Rengifo International Airport,PE,PE-UCA,SA,Pucallpa,PCL,SPCL,-8.378064,-74.574495,513.0,yes,large_airport,no,https://en.wikipedia.org/wiki/Captain_Rolden_International_Airport
Cap Haitien International Airport,HT,HT-ND,NA,Cap Haitien,CAP,MTCH,19.725547,-72.20071,10.0,yes,large_airport,yes,https://en.wikipedia.org/wiki/Cap-Ha%C3%AFtien_International_Airport
Cap Skirring Airport,SN,SN-ZG,AF,Cap Skirring,CSK,GOGS,12.39533,-16.748,52.0,yes,medium_airport,no,https://en.wikipedia.org/wiki/Cap_Skirring_Airport
Cape Cod Gateway Airport,US,US-MA,NA,Hyannis,HYA,KHYA,41.6693,-70.280403,54.0,yes,medium_airport,no,https://en.wikipedia.org/wiki/Barnstable_Municipal_Airport
Cape Dorset Airport,CA,CA-NU,NA,Kinngait,YTE,CYTE,64.230003,-76.526703,164.0,yes,small_airport,no,https://en.wikipedia.org/wiki/Cape_Dorset_Airport
Cape Girardeau Regional Airport,US,US-MO,NA,Cape Girardeau,CGI,KCGI,37.2253,-89.570801,342.0,yes,medium_airport,no,https://en.wikipedia.org/wiki/Cape_Girardeau_Regional_Airport
Cape Lisburne LRRS Airport,US,US-AK,NA,Cape Lisburne,LUR,PALU,68.875099,-166.110001,16.0,yes,medium_airport,no,https://en.wikipedia.org/wiki/Cape_Lisburne_LRRS_Airport
Cape Town International Airport,ZA,ZA-WC,AF,Cape Town,CPT,FACT,-33.97403,18.604333,151.0,yes,large_airport,yes,https://en.wikipedia.org/wiki/Cape_Town_International_Airport
Capital Region International Airport,US,US-MI,NA,Lansing,LAN,KLAN,42.777582,-84.585721,861.0,yes,medium_airport,yes,https://en.wikipedia.org/wiki/Lansing_Capital_City_Airport
Capitan Corbeta CA Curbelo International Airport,UY,UY-MA,SA,Punta del Este,PDP,SULS,-34.855099,-55.094299,95.0,yes,medium_airport,yes,https://en.wikipedia.org/wiki/Capitan_Corbeta_CA_Curbelo_International_Airport
Capitan Nicolas Rojas Airport,BO,BO-P,SA,Potosí,POI,SLPO,-19.543331,-65.723734,12922.0,no,medium_airport,no,https://en.wikipedia.org/wiki/Cap._Nicolas_Rojas_Airport
Capitan Oriel Lea Plaza Airport,BO,BO-T,SA,Tarija,TJA,SLTJ,-21.5557,-64.701302,6079.0,yes,medium_airport,no,https://en.wikipedia.org/wiki/Cap._Oriel_Lea_Plaza_Airport
Capitan V A Almonacid Airport,AR,AR-F,SA,La Rioja,IRJ,SANL,-29.381599,-66.795799,1437.0,yes,medium_airport,no,https://en.wikipedia.org/wiki/Capit%C3%A1n_Vicente_Almandos_Almonacid_Airport
Capitán Aníbal Arab Airport,BO,BO-N,SA,Cobija,CIJ,SLCO,-11.039109,-68.782774,889.0,yes,medium_airport,no,https://en.wikipedia.org/wiki/Cap._Anibal_Arab_Airport
Capitán Av. Selin Zeitun Lopez Airport,BO,BO-B,SA,Riberalta,RIB,SLRI,-11.009355,-66.075468,462.0,yes,medium_airport,no,https://en.wikipedia.org/wiki/Cap._Av._Selin_Zeitun_Lopez_Airport
Capitán FAP Carlos Martínez de Pinillos International Airport,PE,PE-LAL,SA,Trujillo,TRU,SPRU,-8.082382,-79.108821,106.0,yes,large_airport,yes,https://en.wikipedia.org/wiki/Cap._FAP_Carlos_Mart%C3%ADnez_de_Pinillos_International_Airport
Capitán FAP José A. Quiñones González International Airport,PE,PE-LAM,SA,Chiclayo,CIX,SPHI,-6.789223,-79.828254,97.0,yes,large_airport,yes,https://en.wikipedia.org/wiki/Cap._FAP_Jos%C3%A9_A._Qui%C3%B1ones_Gonzales_International_Airport
Captain Pedro Canga Rodríguez International Airport,PE,PE-TUM,SA,Tumbes,TBP,SPME,-3.552074,-80.381086,115.0,yes,medium_airport,no,https://en.wikipedia.org/wiki/Cap._FAP_Pedro_Canga_Rodr%C3%ADguez_Airport
Carajás Airport,BR,BR-PA,SA,Parauapebas,CKS,SBCJ,-6.117841,-50.003372,2064.0,yes,medium_airport,no,https://en.wikipedia.org/wiki/Caraj%C3%A1s_Airport
Carcassonne Salvaza Airport,FR,FR-OCC,EU,Carcassonne,CCF,LFMK,43.216,2.30632,433.0,yes,medium_airport,yes,https://en.wikipedia.org/wiki/Carcassonne_Salvaza_Airport
Cardiff International Airport,GB,GB-WLS,EU,Cardiff,CWL,EGFF,51.396702,-3.34333,220.0,yes,large_airport,yes,https://en.wikipedia.org/wiki/Cardiff_Airport
Carlos Concha Torres International Airport,EC,EC-E,SA,Tachina,ESM,SETN,0.978519,-79.626602,32.0,yes,large_airport,yes,https://en.wikipedia.org/wiki/Colonel_Carlos_Concha_Torres_Airport
Carlos Rovirosa Pérez International Airport,MX,MX-TAB,NA,Villahermosa,VSA,MMVA,17.994283,-92.818199,46.0,yes,large_airport,yes,https://en.wikipedia.org/wiki/Villahermosa_International_Airport
Carrasco General Cesáreo L. Berisso International Airport,UY,UY-CA,SA,Ciudad de la Costa,MVD,SUMU,-34.835647,-56.026497,105.0,yes,large_airport,yes,https://en.wikipedia.org/wiki/Carrasco_International_Airport
Carriel Sur International Airport,CL,CL-BI,SA,Concepcion,CCP,SCIE,-36.77235,-73.062828,26.0,yes,large_airport,yes,https://en.wikipedia.org/wiki/Carriel_Sur_International_Airport
Casa De Campo International Airport,DO,DO-12,NA,La Romana,LRM,MDLR,18.452222,-68.911111,213.0,yes,large_airport,yes,https://en.wikipedia.org/wiki/La_Romana_International_Airport
Casper-Natrona County International Airport,US,US-WY,NA,Casper,CPR,KCPR,42.907381,-106.461609,5350.0,yes,medium_airport,no,https://en.wikipedia.org/wiki/Natrona_County_International_Airport
Cassidy International Airport,KI,KI-L,OC,Kiritimati,CXI,PLCH,1.986278,-157.350011,5.0,yes,large_airport,yes,https://en.wikipedia.org/wiki/Cassidy_International_Airport
Castlegar/West Kootenay Regional Airport,CA,CA-BC,NA,Castlegar,YCG,CYCG,49.296398,-117.632004,1624.0,yes,medium_airport,no,https://en.wikipedia.org/wiki/Castlegar_Airport
Castres Mazamet Airport,FR,FR-OCC,EU,Castres,DCM,LFCK,43.556301,2.28918,788.0,yes,medium_airport,no,https://en.wikipedia.org/wiki/Castres-Mazamet_Airport
Cat Bi International Airport,VN,VN-RRD,AS,Haiphong (Hai An),HPH,VVCI,20.817428,106.724315,6.0,yes,large_airport,yes,https://en.wikipedia.org/wiki/Cat_Bi_Airport
Cat Lake Airport,CA,CA-ON,NA,Cat Lake,YAC,CYAC,51.7272,-91.824402,1344.0,yes,small_airport,no,https://en.wikipedia.org/wiki/Cat_Lake_Airport
Catania-Fontanarossa Airport,IT,IT-82,EU,Catania,CTA,LICC,37.466801,15.0664,39.0,yes,large_airport,yes,https://en.wikipedia.org/wiki/Catania-Fontanarossa_Airport
Cataratas Del Iguazú International Airport,AR,AR-N,SA,Puerto Iguazu,IGR,SARI,-25.737301,-54.4734,916.0,yes,medium_airport,yes,https://en.wikipedia.org/wiki/Cataratas_del_Iguaz%C3%BA_International_Airport
Cataratas International Airport,BR,BR-PR,SA,Foz do Iguaçu,IGU,SBFI,-25.594167,-54.489444,786.0,yes,large_airport,yes,https://en.wikipedia.org/wiki/Foz_do_Igua%C3%A7u_International_Airport
Catarman National Airport,PH,PH-NSA,AS,Catarman,CRM,RPVF,12.50161,124.635258,6.0,yes,medium_airport,no,https://en.wikipedia.org/wiki/Catarman_National_Airport
Catumbela Airport,AO,AO-BGU,AF,Catumbela,CBT,FNCT,-12.4792,13.4869,23.0,yes,medium_airport,yes,https://en.wikipedia.org/wiki/Catumbela_Airport
Cauayan Airport,PH,PH-ISA,AS,Cauayan City,CYZ,RPUY,16.9298992157,121.752998352,200.0,yes,medium_airport,no,https://en.wikipedia.org/wiki/Cauayan_Airport
Caucaya Airport,CO,CO-PUT,SA,Puerto Leguízamo,LQM,SKLG,-0.182278,-74.7708,573.0,yes,small_airport,no,https://en.wikipedia.org/wiki/Caucay%C3%A1_Airport
Cavern City Air Terminal,US,US-NM,NA,Carlsbad,CNM,KCNM,32.337501525878906,-104.26300048828124,3295.0,yes,medium_airport,no,https://en.wikipedia.org/wiki/Cavern_City_Air_Terminal
Caye Caulker Airport,BZ,BZ-BZ,NA,Caye Caulker,CUK,MZCK,17.735015,-88.032862,2.0,yes,medium_airport,no,https://en.wikipedia.org/wiki/Caye_Caulker_Airport
Cayenne – Félix Eboué Airport,GF,GF-CY,SA,Matoury,CAY,SOCA,4.819964,-52.361326,26.0,yes,large_airport,yes,https://en.wikipedia.org/wiki/Cayenne_%E2%80%93_F%C3%A9lix_Ebou%C3%A9_Airport
Cañal Bajo Carlos Hott Siebert Airport,CL,CL-LL,SA,Osorno,ZOS,SCJO,-40.611198,-73.060997,187.0,yes,medium_airport,no,https://en.wikipedia.org/wiki/Canal_Bajo_Carlos_Hott_Siebert_Airport
Cedar City Regional Airport,US,US-UT,NA,Cedar City,CDC,KCDC,37.70100021362305,-113.0989990234375,5622.0,yes,medium_airport,no,https://en.wikipedia.org/wiki/Cedar_City_Regional_Airport
Ceduna Airport,AU,AU-SA,OC,,CED,YCDU,-32.13059997558594,133.7100067138672,77.0,yes,medium_airport,no,https://en.wikipedia.org/wiki/Ceduna_Airport
Cengiz Topel Airport,TR,TR-41,AS,Kartepe,KCO,LTBQ,40.735001,30.0833,182.0,no,medium_airport,no,https://en.wikipedia.org/wiki/Cengiz_Topel_Naval_Air_Station
Central Airport,US,US-AK,NA,Central,CEM,PACE,65.573815,-144.780707,937.0,yes,small_airport,no,https://en.wikipedia.org/wiki/Central_Airport
Central Illinois Regional Airport at Bloomington-Normal,US,US-IL,NA,Bloomington/Normal,BMI,KBMI,40.4771,-88.915901,871.0,yes,medium_airport,no,https://en.wikipedia.org/wiki/Central_Illinois_Regional_Airport
Central Nebraska Regional Airport,US,US-NE,NA,Grand Island,GRI,KGRI,40.967498779296875,-98.30960083007812,1847.0,yes,medium_airport,no,https://en.wikipedia.org/wiki/Central_Nebraska_Regional_Airport
Central Wisconsin Airport,US,US-WI,NA,Mosinee,CWA,KCWA,44.777448,-89.670238,1277.0,yes,medium_airport,no,https://en.wikipedia.org/wiki/Central_Wisconsin_Airport
Central Wyoming Regional Airport,US,US-WY,NA,Riverton,RIW,KRIW,43.064201,-108.459999,5525.0,yes,medium_airport,no,https://en.wikipedia.org/wiki/Central_Wyoming_Regional_Airport
Cesaria Evora International Airport,CV,CV-B,AF,São Pedro,VXE,GVSV,16.833363,-25.055308,66.0,yes,large_airport,yes,https://en.wikipedia.org/wiki/S%C3%A3o_Pedro_Airport
Chabahar Konarak International Airport,IR,IR-11,AS,Konarak,ZBR,OIZC,25.44319,60.382167,13.0,yes,medium_airport,yes,https://en.wikipedia.org/wiki/Chabahar_Konarak_Airport
Chacalluta International Airport,CL,CL-AP,SA,Arica,ARI,SCAR,-18.348499,-70.338699,167.0,yes,medium_airport,no,https://en.wikipedia.org/wiki/Chacalluta_International_Airport
Chadron Municipal Airport,US,US-NE,NA,Chadron,CDR,KCDR,42.837601,-103.095001,3297.0,yes,medium_airport,no,https://en.wikipedia.org/wiki/Chadron_Municipal_Airport
Chalkyitsik Airport,US,US-AK,NA,Chalkyitsik,CIK,PACI,66.644997,-143.740005,544.0,yes,small_airport,no,https://en.wikipedia.org/wiki/Chalkyitsik_Airport
Chalons Vatry airport,FR,FR-GES,EU,Chalons en Champagne,XCR,LFOK,48.77333,4.20611,587.0,yes,medium_airport,yes,https://en.wikipedia.org/wiki/Ch%C3%A2lons_Vatry_Airport
Changbaishan Airport,CN,CN-22,AS,Baishan,NBS,ZYBS,42.066944,127.602222,2874.0,yes,medium_airport,no,https://en.wikipedia.org/wiki/Changbaishan_Airport
Changchun Longjia International Airport,CN,CN-22,AS,Changchun,CGQ,ZYCC,43.996201,125.684998,706.0,yes,large_airport,yes,https://en.wikipedia.org/wiki/Changchun_Longjia_International_Airport
Changde Taohuayuan Airport,CN,CN-43,AS,Changde (Dingcheng),CGD,ZGCD,28.9189,111.639999,128.0,yes,medium_airport,no,https://en.wikipedia.org/wiki/Changde_Taohuayuan_Airport
Changsha Huanghua International Airport,CN,CN-43,AS,Changsha (Changsha),CSX,ZGHA,28.189199,113.220001,217.0,yes,large_airport,yes,https://en.wikipedia.org/wiki/Changsha_Huanghua_International_Airport
Changuinola Captain Manuel Niño International Airport,PA,PA-1,NA,Changuinola,CHX,MPCH,9.458962,-82.515062,19.0,yes,medium_airport,no,https://en.wikipedia.org/wiki/Changuinola_%22Capit%C3%A1n_Manuel_Ni%C3%B1o%22_International_Airport
Changzhi Wangcun Airport,CN,CN-14,AS,Changzhi,CIH,ZBCZ,36.247501,113.125999,,yes,small_airport,no,https://en.wikipedia.org/wiki/Changzhi_Wangcun_Airport
Changzhou Benniu International Airport,CN,CN-32,AS,Changzhou,CZX,ZSCG,31.920485,119.77546,33.0,yes,medium_airport,yes,https://en.wikipedia.org/wiki/Changzhou_Benniu_International_Airport
Chania International Airport,GR,GR-M,AS,Souda,CHQ,LGSA,35.531207,24.150673,490.0,yes,large_airport,yes,https://en.wikipedia.org/wiki/Chania_International_Airport
Chaoyang Airport,CN,CN-21,AS,"Shuangta, Chaoyang",CHG,ZYCY,41.538101,120.434998,568.0,yes,medium_airport,no,https://en.wikipedia.org/wiki/Chaoyang_Airport
Chapais Airport,CA,CA-QC,NA,Chibougamau,YMT,CYMT,49.77190017700195,-74.5280990600586,1270.0,yes,medium_airport,no,https://en.wikipedia.org/wiki/Chibougamau/Chapais_Airport
Charles Kirkconnell International Airport,KY,KY-CB,NA,West End,CYB,MWCB,19.687,-79.882797,8.0,yes,medium_airport,yes,https://en.wikipedia.org/wiki/Gerrard_Smith_International_Airport
Charles M. Schulz Sonoma County Airport,US,US-CA,NA,Santa Rosa,STS,KSTS,38.50899887,-122.8130035,128.0,yes,medium_airport,no,https://en.wikipedia.org/wiki/Charles_M._Schulz_-_Sonoma_County_Airport
Charles de Gaulle International Airport,FR,FR-IDF,EU,"Paris (Roissy-en-France, Val-d'Oise)",CDG,LFPG,49.00896,2.554117,392.0,yes,large_airport,yes,https://en.wikipedia.org/wiki/Charles_de_Gaulle_Airport
Charleston International Airport,US,US-SC,NA,Charleston,CHS,KCHS,32.896159,-80.038151,46.0,yes,large_airport,yes,https://en.wikipedia.org/wiki/Charleston_International_Airport
Charleville Airport,AU,AU-QLD,OC,Charleville,CTL,YBCV,-26.4132995605,146.261993408,1003.0,yes,medium_airport,no,https://en.wikipedia.org/wiki/Charleville_Airport
Charlo Airport,CA,CA-NB,NA,Charlo,YCL,CYCL,47.990799,-66.330299,132.0,yes,medium_airport,no,https://en.wikipedia.org/wiki/Charlo_Airport
Charlotte Amalie Harbor Seaplane Base,VI,VI-ST,NA,Charlotte Amalie,SPB,,18.338204,-64.939675,,yes,seaplane_base,no,https://en.wikipedia.org/wiki/Charlotte_Amalie_Harbor_Seaplane_Base
Charlotte Douglas International Airport,US,US-NC,NA,Charlotte,CLT,KCLT,35.2140007019043,-80.94309997558594,748.0,yes,large_airport,yes,https://en.wikipedia.org/wiki/Charlotte/Douglas_International_Airport
Charlottesville Albemarle Airport,US,US-VA,NA,Charlottesville,CHO,KCHO,38.13859939575195,-78.4529037475586,639.0,yes,medium_airport,no,https://en.wikipedia.org/wiki/Charlottesville-Albemarle_Airport
Charlottetown Airport,CA,CA-PE,NA,Charlottetown,YYG,CYYG,46.288911,-63.125174,160.0,yes,medium_airport,yes,https://en.wikipedia.org/wiki/Charlottetown_Airport
Chattanooga Metropolitan Airport (Lovell Field),US,US-TN,NA,Chattanooga,CHA,KCHA,35.035301,-85.203796,683.0,yes,medium_airport,no,https://en.wikipedia.org/wiki/Chattanooga_Metropolitan_Airport
Chaudhary Charan Singh International Airport,IN,IN-UP,AS,Lucknow,LKO,VILK,26.760599,80.889297,410.0,yes,large_airport,yes,https://en.wikipedia.org/wiki/Amausi_Airport
Chautauqua County-Jamestown Airport,US,US-NY,NA,Jamestown,JHW,KJHW,42.15425,-79.254008,1723.0,no,medium_airport,no,https://en.wikipedia.org/wiki/Chautauqua_County-Jamestown_Airport
Cheboksary Airport,RU,RU-CU,AS,Cheboksary,CSY,UWKS,56.090302,47.347301,558.0,yes,medium_airport,yes,https://en.wikipedia.org/wiki/Cheboksary_Airport
Cheddi Jagan International Airport,GY,GY-DE,SA,Georgetown,GEO,SYCJ,6.49855,-58.254101,95.0,yes,large_airport,yes,https://en.wikipedia.org/wiki/Cheddi_Jagan_International_Airport
Chefornak Airport,US,US-AK,NA,Chefornak,CYF,PACK,60.136667,-164.279167,49.0,yes,small_airport,no,https://en.wikipedia.org/wiki/Chefornak_Airport
Cheikh Larbi Tébessi Airport,DZ,DZ-12,AF,Tébessi,TEE,DABS,35.4315986633,8.12071990967,2661.0,yes,medium_airport,no,https://en.wikipedia.org/wiki/T%C3%A9bessa_Airport
Chengdu Shuangliu International Airport,CN,CN-51,AS,Chengdu (Shuangliu),CTU,ZUUU,30.558257,103.945966,1625.0,yes,large_airport,yes,https://en.wikipedia.org/wiki/Chengdu_Shuangliu_International_Airport
Chennai International Airport,IN,IN-TN,AS,Chennai,MAA,VOMM,12.990005,80.169296,52.0,yes,large_airport,yes,https://en.wikipedia.org/wiki/Chennai_International_Airport
Cheongju International Airport/Cheongju Air Base (K-59/G-513),KR,KR-43,AS,Cheongju,CJJ,RKTU,36.71556,127.500289,191.0,yes,large_airport,yes,https://en.wikipedia.org/wiki/Cheongju_Airport
Cherepovets Airport,RU,RU-VLG,EU,Cherepovets,CEE,ULWC,59.273601532,38.0158004761,377.0,yes,medium_airport,yes,https://en.wikipedia.org/wiki/Cherepovets_Airport
Cherif Al Idrissi Airport,MA,MA-01,AF,Al Hoceima,AHU,GMTA,35.177101,-3.83952,95.0,yes,medium_airport,no,https://en.wikipedia.org/wiki/Cherif_Al_Idrissi_Airport
Cherry Capital Airport,US,US-MI,NA,Traverse City,TVC,KTVC,44.741402,-85.582199,624.0,yes,medium_airport,no,https://en.wikipedia.org/wiki/Cherry_Capital_Airport
Cherskiy Airport,RU,RU-SA,AS,Cherskiy,CYX,UESS,68.740601,161.337997,20.0,yes,medium_airport,no,https://en.wikipedia.org/wiki/Chersky_Airport
Chesterfield Inlet Airport,CA,CA-NU,NA,Chesterfield Inlet,YCS,CYCS,63.346901,-90.731102,32.0,yes,small_airport,no,https://en.wikipedia.org/wiki/Chesterfield_Inlet_Airport
Chetumal International Airport,MX,MX-ROO,NA,Chetumal,CTM,MMCM,18.504985,-88.328018,39.0,yes,medium_airport,no,https://en.wikipedia.org/wiki/Chetumal_International_Airport
Chevak Airport,US,US-AK,NA,Chevak,VAK,PAVA,61.5409,-165.6005,75.0,yes,small_airport,no,https://en.wikipedia.org/wiki/Chevak_Airport
Chevery Airport,CA,CA-QC,NA,Chevery,YHR,CYHR,50.468322,-59.637823,39.0,yes,small_airport,no,https://en.wikipedia.org/wiki/Chevery_Airport
Cheyenne Regional Jerry Olson Field,US,US-WY,NA,Cheyenne,CYS,KCYS,41.155701,-104.811997,6159.0,yes,medium_airport,no,https://en.wikipedia.org/wiki/Cheyenne_Regional_Airport
Chhatrapati Shivaji Maharaj International Airport,IN,IN-MM,AS,Mumbai,BOM,VABB,19.088699,72.867897,39.0,yes,large_airport,yes,https://en.wikipedia.org/wiki/Chhatrapati_Shivaji_International_Airport
Chiang Mai International Airport,TH,TH-50,AS,Chiang Mai,CNX,VTCC,18.766799926799997,98.962600708,1036.0,yes,large_airport,yes,https://en.wikipedia.org/wiki/Chiang_Mai_International_Airport
Chicago Midway International Airport,US,US-IL,NA,Chicago,MDW,KMDW,41.785999,-87.752403,620.0,yes,large_airport,yes,https://en.wikipedia.org/wiki/Midway_International_Airport
Chicago O'Hare International Airport,US,US-IL,NA,Chicago,ORD,KORD,41.9786,-87.9048,680.0,yes,large_airport,no,https://en.wikipedia.org/wiki/O'Hare_International_Airport
Chicago Rockford International Airport,US,US-IL,NA,Chicago/Rockford,RFD,KRFD,42.1954,-89.097198,742.0,yes,medium_airport,yes,https://en.wikipedia.org/wiki/Chicago/Rockford_International_Airport
Chicken Airport,US,US-AK,NA,Chicken,CKX,,64.066495,-141.951342,1640.0,yes,small_airport,no,https://en.wikipedia.org/wiki/Chicken_Airport
Chico Regional Airport,US,US-CA,NA,Chico,CIC,KCIC,39.795595,-121.857716,240.0,no,small_airport,no,https://en.wikipedia.org/wiki/Chico_Municipal_Airport
Chief Dawid Stuurman International Airport,ZA,ZA-EC,AF,Gqeberha (Port Elizabeth),PLZ,FAPE,-33.989715,25.617353,226.0,yes,large_airport,no,https://en.wikipedia.org/wiki/Chief_Dawid_Stuurman_International_Airport
Chifeng Yulong Airport,CN,CN-15,AS,Chifeng,CIF,ZBCF,42.159723,118.840971,2018.0,yes,medium_airport,no,https://en.wikipedia.org/wiki/Chifeng_Yulong_Airport
Chignik Airport,US,US-AK,NA,Chignik,KCG,PAJC,56.311501,-158.373001,18.0,yes,small_airport,no,https://en.wikipedia.org/wiki/Chignik_Airport
Chignik Lagoon Airport,US,US-AK,NA,Chignik Flats,KCL,,56.310776,-158.534818,25.0,no,small_airport,no,https://en.wikipedia.org/wiki/Chignik_Lagoon_Airport
Chignik Lake Airport,US,US-AK,NA,Chignik Lake,KCQ,,56.255001,-158.774994,50.0,yes,small_airport,no,https://en.wikipedia.org/wiki/Chignik_Lake_Airport
Chileka International Airport,MW,MW-BL,AF,Blantyre,BLZ,FWCL,-15.677189,34.972319,2555.0,yes,large_airport,yes,https://en.wikipedia.org/wiki/Chileka_International_Airport
Chimbu Airport,PG,PG-CPK,OC,Kundiawa,CMU,AYCH,-6.024290084838867,144.9709930419922,4974.0,yes,medium_airport,no,https://en.wikipedia.org/wiki/Chimbu_Airport
Chimoio Airport,MZ,MZ-B,AF,Chimoio,VPY,FQCH,-19.15130043029785,33.42900085449219,2287.0,yes,medium_airport,no,https://en.wikipedia.org/wiki/Chimoio_Airport
China Bay Airport,LK,LK-5,AS,Trincomalee,TRR,VCCT,8.539159,81.18128,6.0,yes,medium_airport,no,https://en.wikipedia.org/wiki/China_Bay_Airport
Chios Island National Airport,GR,GR-K,EU,Chios Island,JKH,LGHI,38.34320068359375,26.140600204467773,15.0,yes,medium_airport,yes,https://en.wikipedia.org/wiki/Chios_Island_National_Airport
Chipata Airport,ZM,ZM-03,AF,Chipata,CIP,FLCP,-13.5583,32.5872,3360.0,no,small_airport,no,https://en.wikipedia.org/wiki/Chipata_Airport
Chippewa County International Airport,US,US-MI,NA,Kincheloe,CIU,KCIU,46.242038,-84.462082,800.0,yes,medium_airport,no,https://en.wikipedia.org/wiki/Chippewa_County_International_Airport
Chippewa Valley Regional Airport,US,US-WI,NA,Eau Claire,EAU,KEAU,44.86579895019531,-91.48429870605467,913.0,yes,medium_airport,no,https://en.wikipedia.org/wiki/Chippewa_Valley_Regional_Airport
Chisasibi Airport,CA,CA-QC,NA,Chisasibi,YKU,,53.80559921264648,-78.91690063476562,43.0,yes,small_airport,no,https://en.wikipedia.org/wiki/Chisasibi_Airport
Chita-Kadala International Airport,RU,RU-ZAB,AS,Chita,HTA,UIAA,52.024841,113.305839,2272.0,yes,large_airport,yes,https://en.wikipedia.org/wiki/Kadala_Airport
Chitral Airport,PK,PK-KP,AS,Chitral,CJL,OPCH,35.886213,71.799922,4920.0,yes,medium_airport,no,https://en.wikipedia.org/wiki/Chitral_Airport
Chizhou Jiuhuashan Airport,CN,CN-34,AS,Chizhou,JUH,ZSJH,30.7403,117.6856,60.0,yes,small_airport,no,https://en.wikipedia.org/wiki/Chizhou_Jiuhuashan_Airport
Chlef Aboubakr Belkaid International Airport,DZ,DZ-02,AF,Chlef,CFK,DAOI,36.216614,1.341114,463.0,yes,large_airport,yes,https://en.wikipedia.org/wiki/Chlef_International_Airport
Choibalsan Airport,MN,MN-061,AS,,COQ,ZMCD,48.135381,114.647231,2457.0,yes,medium_airport,no,https://en.wikipedia.org/wiki/Choibalsan_airport
Choiseul Bay Airport,SB,SB-CH,OC,Choiseul Bay,CHY,AGGC,-6.711944,156.396111,,yes,small_airport,no,https://en.wikipedia.org/wiki/Choiseul_Bay_Airport
Chokurdakh Airport,RU,RU-SA,AS,Chokurdah,CKH,UESO,70.6231,147.901993,151.0,yes,medium_airport,no,https://en.wikipedia.org/wiki/Chokurdakh_Airport
Chongqing Jiangbei International Airport,CN,CN-50,AS,Chongqing,CKG,ZUCK,29.712254,106.651895,1365.0,yes,large_airport,yes,https://en.wikipedia.org/wiki/Chongqing_Jiangbei_International_Airport
Chris Hadfield Airport,CA,CA-ON,NA,Sarnia,YZR,CYZR,42.999401,-82.308899,594.0,no,medium_airport,no,https://en.wikipedia.org/wiki/Sarnia_(Chris_Hadfield)_Airport
Christchurch International Airport,NZ,NZ-CAN,OC,Christchurch,CHC,NZCH,-43.489029,172.532065,123.0,yes,large_airport,yes,https://en.wikipedia.org/wiki/Christchurch_International_Airport
Christiansted Harbor Seaplane Base,VI,VI-SC,NA,Christiansted,SSB,,17.747908,-64.707928,,yes,seaplane_base,no,https://en.wikipedia.org/wiki/Christiansted_Harbor_Seaplane_Base
Christmas Island International Airport,CX,CX-U-A,AS,Flying Fish Cove,XCH,YPXM,-10.450387,105.6911,916.0,yes,medium_airport,yes,https://en.wikipedia.org/wiki/Christmas_Island_Airport
Chu Lai Airport,VN,VN-SCC,AS,Tam Nghĩa,VCL,VVCA,15.4033,108.706001,10.0,yes,small_airport,yes,https://en.wikipedia.org/wiki/Chu_Lai_Airport
Chuathbaluk Airport,US,US-AK,NA,Chuathbaluk,CHU,PACH,61.579102,-159.216003,244.0,yes,small_airport,no,https://en.wikipedia.org/wiki/Chuathbaluk_Airport
Chubu Centrair International Airport,JP,JP-23,AS,Tokoname,NGO,RJGG,34.858398,136.804993,15.0,yes,large_airport,yes,https://en.wikipedia.org/wiki/Ch%C5%ABbu_Centrair_International_Airport
Chulman Airport,RU,RU-SA,AS,Neryungri,NER,UELL,56.913898468018,124.91400146484,2812.0,yes,medium_airport,no,https://en.wikipedia.org/wiki/Chulman_Airport
Chumphon Airport,TH,TH-86,AS,Chumphon,CJM,VTSE,10.7112,99.361702,18.0,yes,medium_airport,no,https://en.wikipedia.org/wiki/Chumphon_Airport
Churchill Airport,CA,CA-MB,NA,Churchill,YYQ,CYYQ,58.739200592041016,-94.06500244140624,94.0,yes,medium_airport,no,https://en.wikipedia.org/wiki/Churchill_Airport
Churchill Falls Airport,CA,CA-NL,NA,Churchill Falls,ZUM,CZUM,53.5619010925293,-64.10639953613281,1442.0,yes,small_airport,no,https://en.wikipedia.org/wiki/Churchill_Falls_Airport
Chuuk International Airport,FM,FM-TRK,OC,Weno Island,TKK,PTKK,7.46187,151.843002,11.0,yes,large_airport,yes,https://en.wikipedia.org/wiki/Chuuk_International_Airport
Ciampino–G. B. Pastine International Airport,IT,IT-62,EU,Rome,CIA,LIRA,41.798769,12.595331,427.0,yes,large_airport,no,https://en.wikipedia.org/wiki/Ciampino%E2%80%93G._B._Pastine_International_Airport
Cibao International Airport,DO,DO-25,NA,Santiago,STI,MDST,19.40406,-70.604431,565.0,yes,large_airport,yes,https://en.wikipedia.org/wiki/Cibao_International_Airport
Cicia Airport,FJ,FJ-E,OC,Cicia,ICI,NFCI,-17.7432994843,-179.341995239,13.0,yes,small_airport,no,https://en.wikipedia.org/wiki/Cicia_Airport
Cincinnati Municipal Airport Lunken Field,US,US-OH,NA,Cincinnati,LUK,KLUK,39.102357,-84.418945,483.0,yes,medium_airport,no,https://en.wikipedia.org/wiki/Cincinnati_Municipal_Airport
Cincinnati Northern Kentucky International Airport,US,US-KY,NA,Cincinnati / Covington,CVG,KCVG,39.048801,-84.667801,896.0,yes,large_airport,yes,https://en.wikipedia.org/wiki/Cincinnati/Northern_Kentucky_International_Airport
Circle City (New) Airport,US,US-AK,NA,Circle,IRC,PACR,65.827673,-144.076195,613.0,yes,small_airport,no,https://en.wikipedia.org/wiki/Circle_City_Airport
City of Colorado Springs Municipal Airport,US,US-CO,NA,Colorado Springs,COS,KCOS,38.805801,-104.700996,6187.0,yes,large_airport,no,https://en.wikipedia.org/wiki/Colorado_Springs_Airport
City of Derry Airport,GB,GB-NIR,EU,"Derry, Derry and Strabane",LDY,EGAE,55.042801,-7.16111,22.0,yes,medium_airport,yes,https://en.wikipedia.org/wiki/City_of_Derry_Airport
Ciudad Obregón International Airport,MX,MX-SON,NA,Ciudad Obregón,CEN,MMCN,27.39259910583496,-109.83300018310548,243.0,yes,medium_airport,no,https://en.wikipedia.org/wiki/Ciudad_Obreg%C3%B3n_International_Airport
Ciudad de Catamayo Airport,EC,EC-L,SA,La Toma (Catamayo),LOH,SECA,-3.995606,-79.371902,4056.0,yes,small_airport,no,https://en.wikipedia.org/wiki/Ciudad_de_Catamayo_Airport
Ciudad del Carmen International Airport,MX,MX-CAM,NA,Ciudad del Carmen,CME,MMCE,18.651516,-91.799355,10.0,yes,medium_airport,yes,https://en.wikipedia.org/wiki/Ciudad_del_Carmen_International_Airport
Clarence Valley Regional Airport,AU,AU-NSW,OC,Grafton,GFN,YGFN,-29.754795,153.031234,110.0,no,medium_airport,no,https://en.wikipedia.org/wiki/Clarence_Valley_Regional_Airport
Clark International Airport / Clark Air Base,PH,PH-PAM,AS,Mabalacat,CRK,RPLC,15.186,120.559998,484.0,yes,large_airport,yes,https://en.wikipedia.org/wiki/Clark_International_Airport
Clayton J. Lloyd International Airport,AI,AI-U-A,NA,The Valley,AXA,TQPF,18.204773,-63.05383,127.0,yes,medium_airport,yes,https://en.wikipedia.org/wiki/Clayton_J._Lloyd_International_Airport
Clermont-Ferrand Auvergne airport,FR,FR-ARA,EU,Clermont-Ferrand,CFE,LFLC,45.786701,3.16917,1090.0,yes,large_airport,no,https://en.wikipedia.org/wiki/Clermont-Ferrand_Auvergne_Airport
Cleveland Hopkins International Airport,US,US-OH,NA,Cleveland,CLE,KCLE,41.411701,-81.8498,791.0,yes,large_airport,yes,https://en.wikipedia.org/wiki/Cleveland_Hopkins_International_Airport
Cloncurry Airport,AU,AU-QLD,OC,Cloncurry,CNJ,YCCY,-20.6686000824,140.503997803,616.0,yes,medium_airport,no,https://en.wikipedia.org/wiki/Cloncurry_Airport
Clyde River Airport,CA,CA-NU,NA,Clyde River,YCY,CYCY,70.486099,-68.516701,87.0,yes,small_airport,no,https://en.wikipedia.org/wiki/Clyde_River_Airport
Coastal Carolina Regional Airport,US,US-NC,NA,New Bern,EWN,KEWN,35.0730018616,-77.04290008539999,18.0,yes,medium_airport,no,https://en.wikipedia.org/wiki/Craven_County_Regional_Airport
Cochin International Airport,IN,IN-KL,AS,Kochi,COK,VOCI,10.151047,76.400838,30.0,yes,large_airport,yes,https://en.wikipedia.org/wiki/Cochin_International_Airport
Cocos (Keeling) Islands Airport,CC,CC-U-A,AS,West Island,CCK,YPCC,-12.192218,96.834103,10.0,yes,large_airport,yes,https://en.wikipedia.org/wiki/Cocos_(Keeling)_Island_International_Airport
Coen Airport,AU,AU-QLD,OC,Coen,CUQ,YCOE,-13.761133,143.113311,532.0,yes,medium_airport,no,https://en.wikipedia.org/wiki/Coen_Airport
Coffman Cove Seaplane Base,US,US-AK,NA,Coffman Cove,KCC,PAKC,56.012586,-132.835093,,yes,seaplane_base,no,https://en.wikipedia.org/wiki/Coffman_Cove_Seaplane_Base
Coffs Harbour Airport,AU,AU-NSW,OC,Coffs Harbour,CFS,YCFS,-30.320601,153.115997,18.0,yes,medium_airport,no,https://en.wikipedia.org/wiki/Coffs_Harbour_Airport
Coimbatore International Airport,IN,IN-TN,AS,Coimbatore,CJB,VOCB,11.03,77.043404,1324.0,yes,large_airport,yes,https://en.wikipedia.org/wiki/Coimbatore_Airport
Cold Bay Airport,US,US-AK,NA,Cold Bay,CDB,PACD,55.207871,-162.725029,96.0,yes,medium_airport,no,https://en.wikipedia.org/wiki/Cold_Bay_Airport
Coldfoot Airport,US,US-AK,NA,Coldfoot,CXF,PACX,67.25219726559999,-150.203994751,1042.0,no,small_airport,no,https://en.wikipedia.org/wiki/Coldfoot_Airport
Cologne Bonn Airport,DE,DE-NW,EU,Köln (Cologne),CGN,EDDK,50.865898,7.14274,302.0,yes,large_airport,yes,https://en.wikipedia.org/wiki/Cologne_Bonn_Airport
Colonel Hill Airport,BS,BS-CK,NA,Colonel Hill,CRI,MYCI,22.7456,-74.182404,5.0,yes,medium_airport,no,https://en.wikipedia.org/wiki/Colonial_Hill_Airport
Columbia Metropolitan Airport,US,US-SC,NA,Columbia,CAE,KCAE,33.938172,-81.123022,236.0,yes,medium_airport,yes,https://en.wikipedia.org/wiki/Columbia_Metropolitan_Airport
Columbia Regional Airport,US,US-MO,NA,Columbia,COU,KCOU,38.8181,-92.219597,889.0,yes,medium_airport,no,https://en.wikipedia.org/wiki/Columbia_Regional_Airport
Columbus Airport,US,US-GA,NA,Columbus,CSG,KCSG,32.516415,-84.939602,397.0,yes,medium_airport,no,https://en.wikipedia.org/wiki/Columbus_Metropolitan_Airport
Comandante Espora Airport,AR,AR-B,SA,Bahía Blanca,BHI,SAZB,-38.725,-62.1693,246.0,yes,medium_airport,no,https://en.wikipedia.org/wiki/Comandante_Espora_Airport
Comandante FAP German Arias Graziani Airport,PE,PE-ANC,SA,Anta,ATA,SPHZ,-9.347439765930176,-77.59839630126953,9097.0,no,medium_airport,no,https://en.wikipedia.org/wiki/Comandante_FAP_Germ%C3%A1n_Arias_Graziani_Airport
Comiso Airport,IT,IT-82,EU,Comiso,CIY,LICB,36.99583,14.60889,756.0,yes,medium_airport,no,https://en.wikipedia.org/wiki/Comiso_Airport
Comodoro Arturo Merino Benítez International Airport,CL,CL-RM,SA,Santiago,SCL,SCEL,-33.393001556396484,-70.78579711914062,1555.0,yes,large_airport,yes,https://en.wikipedia.org/wiki/Comodoro_Arturo_Merino_Ben%C3%ADtez_International_Airport
Comox Valley International Airport / CFB Comox,CA,CA-BC,NA,Comox,YQQ,CYQQ,49.7108,-124.887001,84.0,yes,medium_airport,no,https://en.wikipedia.org/wiki/CFB_Comox
Con Dao Airport,VN,VN-SE,AS,Con Dao,VCS,VVCS,8.73183,106.633003,20.0,yes,medium_airport,no,https://en.wikipedia.org/wiki/Con_Dao_Airport
Conceição do Araguaia Airport,BR,BR-PA,SA,Conceição do Araguaia,CDJ,SBAA,-8.34835,-49.301498,653.0,no,medium_airport,no,https://en.wikipedia.org/wiki/Concei%C3%A7%C3%A3o_do_Araguaia_Airport
Congonhas–Deputado Freitas Nobre Airport,BR,BR-SP,SA,São Paulo,CGH,SBSP,-23.627657,-46.654601,2631.0,yes,large_airport,yes,https://en.wikipedia.org/wiki/Congonhas-S%C3%A3o_Paulo_International_Airport
Coober Pedy Airport,AU,AU-SA,OC,Coober Pedy,CPD,YCBP,-29.038312,134.722166,740.0,yes,medium_airport,no,https://en.wikipedia.org/wiki/Coober_Pedy_Airport
Copenhagen Kastrup Airport,DK,DK-84,EU,Copenhagen,CPH,EKCH,55.617900848389,12.656000137329,17.0,yes,large_airport,yes,https://en.wikipedia.org/wiki/Copenhagen_Airport
Copernicus Wrocław Airport,PL,PL-DS,EU,Wrocław,WRO,EPWR,51.103719,16.882096,404.0,yes,large_airport,yes,https://en.wikipedia.org/wiki/Copernicus_Airport_Wroc%C5%82aw
Coral Harbour Airport,CA,CA-NU,NA,Coral Harbour,YZS,CYZS,64.1932983398,-83.3593978882,210.0,yes,medium_airport,no,https://en.wikipedia.org/wiki/Coral_Harbour_Airport
Corfu Ioannis Kapodistrias International Airport,GR,GR-F,EU,Kerkyra (Corfu),CFU,LGKR,39.60145,19.912179,6.0,yes,large_airport,yes,https://en.wikipedia.org/wiki/Corfu_International_Airport
Cork International Airport,IE,IE-CO,EU,Cork,ORK,EICK,51.841301,-8.49111,502.0,yes,large_airport,yes,https://en.wikipedia.org/wiki/Cork_Airport
Cornwall Airport Newquay,GB,GB-ENG,EU,Newquay,NQY,EGHQ,50.440601,-4.99541,390.0,yes,medium_airport,yes,https://en.wikipedia.org/wiki/Newquay_Airport
Coronel Adalberto Mendes da Silva Airport,BR,BR-PR,SA,Cascavel,CAC,SBCA,-25.000323,-53.501208,2481.0,yes,medium_airport,no,https://en.wikipedia.org/wiki/Cascavel_Airport
Coronel Altino Machado Airport,BR,BR-MG,SA,Governador Valadares,GVR,SBGV,-18.895882,-41.982869,561.0,yes,medium_airport,no,https://en.wikipedia.org/wiki/Governador_Valadares_Airport
Coronel E Carvajal Airport,EC,EC-S,SA,Macas,XMS,SEMC,-2.2991700172424316,-78.12079620361328,3452.0,yes,medium_airport,no,https://en.wikipedia.org/wiki/Macas_Airport
Coronel FAP Carlos Ciriani Santa Rosa International Airport,PE,PE-TAC,SA,Tacna,TCQ,SPTN,-18.0533008575,-70.2758026123,1538.0,yes,medium_airport,no,https://en.wikipedia.org/wiki/Crnl._FAP_Carlos_Ciriani_Santa_Rosa_International_Airport
Coronel FAP Francisco Secada Vignetta International Airport,PE,PE-LOR,SA,Iquitos,IQT,SPQT,-3.78474,-73.3088,306.0,yes,large_airport,no,https://en.wikipedia.org/wiki/Crnl._FAP_Francisco_Secada_Vignetta_International_Airport
Coronel Felipe Varela International Airport,AR,AR-K,SA,Catamarca,CTC,SANC,-28.593117,-65.7512,1522.0,yes,medium_airport,no,https://en.wikipedia.org/wiki/Coronel_Felipe_Varela_International_Airport
Coronel Horácio de Mattos Airport,BR,BR-BA,SA,Lençóis,LEC,SBLE,-12.4823,-41.277,1676.0,yes,small_airport,no,https://en.wikipedia.org/wiki/Len%C3%A7%C3%B3is_Airport
Corozal Airport,BZ,BZ-CZL,NA,Corozal,CZH,MZCZ,18.3822,-88.411903,40.0,yes,medium_airport,no,https://en.wikipedia.org/wiki/Corozal_Airport
Corpus Christi International Airport,US,US-TX,NA,Corpus Christi,CRP,KCRP,27.770399,-97.501198,44.0,yes,medium_airport,yes,https://en.wikipedia.org/wiki/Corpus_Christi_International_Airport
Cortez Municipal Airport,US,US-CO,NA,Cortez,CEZ,KCEZ,37.303001,-108.627998,5918.0,yes,medium_airport,no,https://en.wikipedia.org/wiki/Cortez_Municipal_Airport
Corumbá International Airport,BR,BR-MS,SA,Corumbá,CMG,SBCR,-19.01193,-57.672772,463.0,yes,medium_airport,no,https://en.wikipedia.org/wiki/Corumb%C3%A1_International_Airport
Corvo Airport,PT,PT-20,EU,Corvo,CVU,LPCR,39.671501,-31.1136,62.0,yes,small_airport,no,https://en.wikipedia.org/wiki/Corvo_Airport
Cotabato (Awang) Airport,PH,PH-MDN,AS,Datu Odin Sinsuat,CBO,RPMC,7.164753,124.209938,189.0,yes,medium_airport,no,https://en.wikipedia.org/wiki/Cotabato_Airport
Cotonou Cadjehoun International Airport,BJ,BJ-AQ,AF,Cotonou,COO,DBBB,6.35723,2.38435,19.0,yes,large_airport,yes,https://en.wikipedia.org/wiki/Cadjehoun_Airport
Cotopaxi International Airport,EC,EC-X,SA,Latacunga,LTX,SELT,-0.906833,-78.615799,9205.0,yes,medium_airport,no,https://en.wikipedia.org/wiki/Cotopaxi_International_Airport
Cox's Bazar Airport,BD,BD-B,AS,Cox's Bazar,CXB,VGCB,21.457517,91.963263,12.0,yes,medium_airport,yes,https://en.wikipedia.org/wiki/Cox's_Bazar_Airport
Cozumel International Airport,MX,MX-ROO,NA,Cozumel,CZM,MMCZ,20.514922,-86.928538,15.0,yes,large_airport,yes,https://en.wikipedia.org/wiki/Cozumel_International_Airport
Craig Cove Airport,VU,VU-MAP,OC,Craig Cove,CCV,NVSF,-16.264999,167.923996,69.0,yes,small_airport,no,https://en.wikipedia.org/wiki/Craig_Cove_Airport
Craig Seaplane Base,US,US-AK,NA,Craig,CGA,,55.478802,-133.147995,,yes,seaplane_base,no,https://en.wikipedia.org/wiki/Craig_Seaplane_Base
Craiova International Airport,RO,RO-DJ,EU,Craiova,CRA,LRCV,44.3181,23.888599,626.0,yes,large_airport,yes,https://en.wikipedia.org/wiki/Craiova_International_Airport
Cranbrook/Canadian Rockies International Airport,CA,CA-BC,NA,Cranbrook,YXC,CYXC,49.610802,-115.781998,3082.0,yes,medium_airport,no,https://en.wikipedia.org/wiki/Cranbrook/Canadian_Rockies_International_Airport
Crater Lake-Klamath Regional Airport,US,US-OR,NA,Klamath Falls,LMT,KLMT,42.156101,-121.733002,4095.0,no,medium_airport,no,https://en.wikipedia.org/wiki/Klamath_Falls_Airport
Cristiano Ronaldo International Airport,PT,PT-30,EU,Funchal,FNC,LPMA,32.697812,-16.774613,192.0,yes,large_airport,yes,https://en.wikipedia.org/wiki/Madeira_Airport
Crooked Creek Airport,US,US-AK,NA,Crooked Creek,CKD,PACJ,61.870315,-158.137636,178.0,yes,small_airport,no,https://en.wikipedia.org/wiki/Crooked_Creek_Airport
Cruzeiro do Sul Airport,BR,BR-AC,SA,Cruzeiro Do Sul,CZS,SBCZ,-7.59991,-72.769501,637.0,yes,medium_airport,no,https://en.wikipedia.org/wiki/Cruzeiro_do_Sul_International_Airport
Cuneo International Airport,IT,IT-21,EU,Levaldigi (CN),CUF,LIMZ,44.547458,7.623045,1267.0,yes,medium_airport,yes,https://en.wikipedia.org/wiki/Cuneo_International_Airport
Cunnamulla Airport,AU,AU-QLD,OC,,CMA,YCMU,-28.030000686645508,145.6219940185547,630.0,yes,medium_airport,no,https://en.wikipedia.org/wiki/Cunnamulla_Airport
Curitiba-Afonso Pena International Airport,BR,BR-PR,SA,Curitiba,CWB,SBCT,-25.5285,-49.1758,2988.0,yes,large_airport,yes,https://en.wikipedia.org/wiki/Afonso_Pena_International_Airport
Cyril E. King Airport,VI,VI-ST,NA,Charlotte Amalie,STT,TIST,18.337091,-64.977251,23.0,yes,large_airport,yes,https://en.wikipedia.org/wiki/Cyril_E._King_Airport
Cà Mau Airport,VN,VN-SW,AS,Ca Mau City,CAH,VVCM,9.177667,105.177778,6.0,yes,medium_airport,no,https://en.wikipedia.org/wiki/C%C3%A0_Mau_Airport
César Manrique-Lanzarote Airport,ES,ES-CN,AF,San Bartolomé,ACE,GCRR,28.945499,-13.6052,46.0,yes,large_airport,yes,https://en.wikipedia.org/wiki/Lanzarote_Airport
Da Nang International Airport,VN,VN-SCC,AS,Da Nang,DAD,VVDN,16.0439,108.198997,33.0,yes,large_airport,yes,https://en.wikipedia.org/wiki/Da_Nang_International_Airport
Dachuan Airport,CN,CN-51,AS,Dazhou (Daxian),DAX,ZUDX,31.1302,107.4295,,yes,small_airport,no,https://en.wikipedia.org/wiki/Daxian_Airport
Daegu International Airport,KR,KR-27,AS,Daegu,TAE,RKTN,35.894394,128.656989,116.0,yes,large_airport,yes,https://en.wikipedia.org/wiki/Daegu_Airport
Dakhla Airport,EH,EH-U-A,AF,Dakhla,VIL,GMMH,23.7183,-15.932,36.0,yes,large_airport,yes,https://en.wikipedia.org/wiki/Dakhla_Airport
Dala Airport,SE,SE-W,EU,Borlange,BLE,ESSD,60.422001,15.5152,503.0,yes,medium_airport,no,https://en.wikipedia.org/wiki/Borl%C3%A4nge_Airport
Dalaman International Airport,TR,TR-48,AS,Dalaman,DLM,LTBS,36.7131,28.7925,20.0,yes,large_airport,yes,https://en.wikipedia.org/wiki/Dalaman_Airport
Dalanzadgad Airport,MN,MN-053,AS,Dalanzadgad,DLZ,ZMDZ,43.608628,104.367734,4787.0,yes,medium_airport,no,https://en.wikipedia.org/wiki/Dalanzadgad_Airport
Dalbandin Airport,PK,PK-BA,AS,Dalbandin,DBA,OPDB,28.8782997131,64.3998031616,2800.0,yes,small_airport,no,https://en.wikipedia.org/wiki/Dalbandin_Airport
Dali Fengyi Airport,CN,CN-53,AS,Dali (Xiaguan),DLU,ZPDL,25.649401,100.319,7050.0,yes,medium_airport,no,https://en.wikipedia.org/wiki/Dali_Airport
Dalian Zhoushuizi International Airport,CN,CN-21,AS,Dalian (Ganjingzi),DLC,ZYTL,38.965719,121.538477,107.0,yes,large_airport,yes,https://en.wikipedia.org/wiki/Dalian_Zhoushuizi_International_Airport
Dallas Fort Worth International Airport,US,US-TX,NA,Dallas-Fort Worth,DFW,KDFW,32.896801,-97.038002,607.0,yes,large_airport,yes,https://en.wikipedia.org/wiki/Dallas/Fort_Worth_International_Airport
Dallas Love Field,US,US-TX,NA,Dallas,DAL,KDAL,32.844776,-96.847653,487.0,yes,large_airport,yes,https://en.wikipedia.org/wiki/Dallas_Love_Field
Dandong Langtou International Airport,CN,CN-21,AS,Dandong (Zhenxing),DDG,ZYDD,40.025453,124.28669,30.0,yes,medium_airport,yes,https://en.wikipedia.org/wiki/Dandong_Airport
Dane County Regional Truax Field,US,US-WI,NA,Madison,MSN,KMSN,43.1399,-89.337502,887.0,yes,medium_airport,yes,https://en.wikipedia.org/wiki/Dane_County_Regional_Airport
Dangriga Airport,BZ,BZ-SC,NA,Dangriga,DGA,MZPB,16.98251,-88.230988,10.0,yes,medium_airport,no,https://en.wikipedia.org/wiki/Dangriga_Airport
Daniel K. Inouye International Airport,US,US-HI,OC,"Honolulu, Oahu",HNL,PHNL,21.318387,-157.92567,13.0,yes,large_airport,yes,https://en.wikipedia.org/wiki/Daniel_K._Inouye_International_Airport
Daniel Oduber Quirós International Airport,CR,CR-G,NA,Liberia,LIR,MRLB,10.5933,-85.544403,270.0,yes,large_airport,yes,https://en.wikipedia.org/wiki/Guanacaste_Airport
Daniel Z. Romualdez Airport,PH,PH-LEY,AS,Tacloban City,TAC,RPVA,11.227761,125.027783,10.0,yes,medium_airport,no,https://en.wikipedia.org/wiki/Daniel_Z._Romualdez_Airport
Danilson Municipal Airport,BR,BR-AM,SA,Coari,CIZ,SWKO,-4.13406,-63.132599,151.0,no,small_airport,no,https://en.wikipedia.org/wiki/Coari_Airport
Daocheng Yading Airport,CN,CN-51,AS,Garzê (Daocheng),DCY,ZUDC,29.31632,100.060317,14472.0,yes,medium_airport,no,https://en.wikipedia.org/wiki/Daocheng_Yading_Airport
Daqing Sartu Airport,CN,CN-23,AS,Daqing,DQA,ZYDQ,46.750883,125.138642,496.0,yes,small_airport,no,https://en.wikipedia.org/wiki/Daqing_Sartu_Airport
Daru Airport,PG,PG-WPD,OC,Daru,DAU,AYDU,-9.08676,143.207993,20.0,yes,medium_airport,yes,https://en.wikipedia.org/wiki/Daru_Airport
Darwin International Airport / RAAF Darwin,AU,AU-NT,OC,Darwin,DRW,YPDN,-12.41497,130.88185,103.0,yes,large_airport,yes,https://en.wikipedia.org/wiki/Darwin_International_Airport
Datong Yungang International Airport,CN,CN-14,AS,Datong,DAT,ZBDT,40.06139,113.480509,3442.0,yes,large_airport,yes,https://en.wikipedia.org/wiki/Datong_Yungang_Airport
David the Builder Kutaisi International Airport,GE,GE-IM,AS,Kopitnari,KUT,UGKO,42.177448,42.485353,223.0,yes,large_airport,yes,https://en.wikipedia.org/wiki/David_the_Builder_Kutaisi_International_Airport
Dawadmi Domestic Airport,SA,SA-01,AS,Dawadmi,DWD,OEDM,24.4499,44.121201,3026.0,yes,medium_airport,no,https://en.wikipedia.org/wiki/Dawadmi_Domestic_Airport
Dawei Airport,MM,MM-05,AS,Dawei,TVY,VYDW,14.1039,98.203598,84.0,yes,medium_airport,no,https://en.wikipedia.org/wiki/Dawei_Airport
Dawson Community Airport,US,US-MT,NA,Glendive,GDV,KGDV,47.137658,-104.80691,2458.0,yes,medium_airport,no,https://en.wikipedia.org/wiki/Dawson_Community_Airport
Dawson Creek Airport,CA,CA-BC,NA,Dawson Creek,YDQ,CYDQ,55.741245,-120.183263,2148.0,no,medium_airport,no,https://en.wikipedia.org/wiki/Dawson_Creek_Airport
Daxing'anling Elunchun Airport,CN,CN-23,AS,Jiagedaqi,JGD,ZYJD,50.371389,124.1175,1205.0,yes,medium_airport,no,https://en.wikipedia.org/wiki/Daxing%27anling_Elunchun_Airport
Daytona Beach International Airport,US,US-FL,NA,Daytona Beach,DAB,KDAB,29.18255,-81.059464,34.0,yes,medium_airport,no,https://en.wikipedia.org/wiki/Daytona_Beach_International_Airport
Deadhorse Airport,US,US-AK,NA,Deadhorse,SCC,PASC,70.19470215,-148.4649963,65.0,yes,medium_airport,no,https://en.wikipedia.org/wiki/Deadhorse_Airport
Deadman's Cay Airport,BS,BS-LI,NA,Deadman's Cay,LGI,MYLD,23.1790008545,-75.09359741210001,9.0,yes,medium_airport,no,https://en.wikipedia.org/wiki/Deadman's_Cay_Airport
Deauville Normandie airport,FR,FR-NOR,EU,Deauville,DOL,LFRG,49.365237,0.154481,479.0,yes,medium_airport,no,https://en.wikipedia.org/wiki/Deauville_%E2%80%93_Normandie_Airport
Debrecen International Airport,HU,HU-HB,EU,Debrecen,DEB,LHDC,47.489469,21.616278,359.0,yes,large_airport,yes,https://en.wikipedia.org/wiki/Debrecen_International_Airport
Decatur Airport,US,US-IL,NA,Decatur,DEC,KDEC,39.834598541259766,-88.8656997680664,682.0,yes,medium_airport,no,https://en.wikipedia.org/wiki/Decatur_Airport
Deer Harbor SPB,US,US-WA,NA,Deer Harbor,DHB,,48.616667,-123.002778,0.0,yes,seaplane_base,no,https://en.wikipedia.org/wiki/Deer_Harbor_Sea_Plane_Base
Deer Lake Airport,CA,CA-NL,NA,Deer Lake,YDF,CYDF,49.208159,-57.396147,72.0,yes,medium_airport,no,https://en.wikipedia.org/wiki/Deer_Lake_Airport_(Newfoundland)
Deer Lake Airport,CA,CA-ON,NA,Deer Lake,YVZ,CYVZ,52.655613,-94.061208,1092.0,yes,small_airport,no,https://en.wikipedia.org/wiki/Deer_Lake_Airport_(Ontario)
Deering Airport,US,US-AK,NA,Deering,DRG,PADE,66.068901,-162.766914,21.0,yes,medium_airport,no,https://en.wikipedia.org/wiki/Deering_Airport
Dehong Mangshi International Airport,CN,CN-53,AS,Dehong (Mangshi),LUM,ZPMS,24.4011,98.5317,2890.0,yes,medium_airport,yes,https://en.wikipedia.org/wiki/Dehong_Mangshi_Airport
Dehradun Jolly Grant Airport,IN,IN-UT,AS,Dehradun (Jauligrant),DED,VIDN,30.189243,78.176651,1831.0,yes,medium_airport,no,https://en.wikipedia.org/wiki/Jolly_Grant_Airport
Del Caribe Santiago Mariño International Airport,VE,VE-O,NA,Isla Margarita,PMV,SVMG,10.912603,-63.966599,74.0,yes,large_airport,no,https://en.wikipedia.org/wiki/Del_Caribe_International_General_Santiago_Marino_Airport
Delma Airport,AE,AE-AZ,AS,Delma Island,ZDY,OMDL,24.51,52.3352,30.0,yes,small_airport,no,https://en.wikipedia.org/wiki/Dalma_Airport
Delta County Airport,US,US-MI,NA,Escanaba,ESC,KESC,45.723199,-87.088623,609.0,yes,medium_airport,no,https://en.wikipedia.org/wiki/Delta_County_Airport
Denpasar I Gusti Ngurah Rai International Airport,ID,ID-BA,AS,"Kuta, Badung",DPS,WADD,-8.748409,115.167123,14.0,yes,large_airport,yes,https://en.wikipedia.org/wiki/Ngurah_Rai_International_Airport
Denver International Airport,US,US-CO,NA,Denver,DEN,KDEN,39.860027,-104.673792,5431.0,yes,large_airport,yes,https://en.wikipedia.org/wiki/Denver_International_Airport
Depati Amir Airport,ID,ID-BB,AS,Pangkal Pinang,PGK,WIKK,-2.1622,106.139,109.0,yes,medium_airport,no,https://en.wikipedia.org/wiki/Pangkalpinang_Airport
Deputado Luiz Eduardo Magalhães International Airport,BR,BR-BA,SA,Salvador,SSA,SBSV,-12.908611,-38.322498,64.0,yes,large_airport,yes,https://en.wikipedia.org/wiki/Deputado_Lu%C3%ADs_Eduardo_Magalh%C3%A3es_International_Airport
Dera Ghazi Khan Airport,PK,PK-PB,AS,Dera Ghazi Khan,DEA,OPDG,29.961000442504883,70.48590087890625,492.0,yes,medium_airport,no,https://en.wikipedia.org/wiki/Dera_Ghazi_Khan_Airport
Dera Ismael Khan Airport [IN-ACTIVE],PK,PK-KP,AS,Dera Ismael Khan,DSK,OPDI,31.909401,70.896599,594.0,no,medium_airport,no,https://en.wikipedia.org/wiki/Dera_Ismail_Khan_Airport
Des Moines International Airport,US,US-IA,NA,Des Moines,DSM,KDSM,41.534027,-93.656719,958.0,yes,large_airport,yes,https://en.wikipedia.org/wiki/Des_Moines_International_Airport
Desierto de Atacama Airport,CL,CL-AT,SA,Copiapo,CPO,SCAT,-27.2612,-70.779198,670.0,yes,medium_airport,no,https://en.wikipedia.org/wiki/Desierto_de_Atacama_Airport
Destin-Fort Walton Beach Airport,US,US-FL,NA,Valparaiso,VPS,KVPS,30.481315,-86.515839,87.0,yes,medium_airport,no,https://en.wikipedia.org/wiki/Destin%E2%80%93Fort_Walton_Beach_Airport
Detroit Metropolitan Wayne County Airport,US,US-MI,NA,Detroit,DTW,KDTW,42.21377,-83.353786,645.0,yes,large_airport,yes,https://en.wikipedia.org/wiki/Detroit_Metropolitan_Airport
Devi Ahilya Bai Holkar International Airport,IN,IN-MP,AS,Indore,IDR,VAID,22.721404,75.80051,1850.0,yes,large_airport,yes,https://en.wikipedia.org/wiki/Devi_Ahilyabai_Holkar_International_Airport
Devonport Airport,AU,AU-TAS,OC,Devonport,DPO,YDPO,-41.1697006226,146.429992676,33.0,yes,medium_airport,no,https://en.wikipedia.org/wiki/Devonport_Airport
Dezful Airport,IR,IR-06,AS,Dezful,DEF,OIAD,32.434399,48.397598,474.0,yes,medium_airport,no,https://en.wikipedia.org/wiki/Dezful_Airport
Dhangarhi Airport,NP,NP-P7,AS,Dhangarhi,DHI,VNDH,28.755283,80.583398,690.0,no,small_airport,no,https://en.wikipedia.org/wiki/Dhangadhi_Airport
Dharavandhoo Airport,MV,MV-20,AS,Baa Atoll,DRV,VRMD,5.1561,73.1302,6.0,yes,small_airport,no,https://en.wikipedia.org/wiki/Dharavandhoo_Airport
Dibrugarh Airport,IN,IN-AS,AS,Dibrugarh,DIB,VEMN,27.4839000702,95.0168991089,362.0,yes,medium_airport,no,https://en.wikipedia.org/wiki/Dibrugarh_Airport
Dickinson Theodore Roosevelt Regional Airport,US,US-ND,NA,Dickinson,DIK,KDIK,46.797533,-102.801905,2592.0,yes,medium_airport,no,https://en.wikipedia.org/wiki/Dickinson_Theodore_Roosevelt_Regional_Airport
Diego Aracena International Airport,CL,CL-TA,SA,Iquique,IQQ,SCDA,-20.536273,-70.181373,155.0,yes,large_airport,no,https://en.wikipedia.org/wiki/Diego_Aracena_International_Airport
Dien Bien Phu Airport,VN,VN-NW,AS,Dien Bien Phu,DIN,VVDB,21.3974990845,103.008003235,1611.0,yes,medium_airport,no,https://en.wikipedia.org/wiki/Dien_Bien_Phu_Airport
Dijon Longvic airport,FR,FR-BFC,EU,Dijon,DIJ,LFSD,47.268902,5.09,726.0,yes,medium_airport,no,https://fr.wikipedia.org/wiki/A%C3%A9roport_de_Dijon-Bourgogne
Dillingham Airport,US,US-AK,NA,Dillingham,DLG,PADL,59.04470062,-158.5050049,81.0,yes,medium_airport,no,https://en.wikipedia.org/wiki/Dillingham_Airport
Dillon's Bay Airport,VU,VU-TAE,OC,Dillon's Bay,DLY,NVVD,-18.7694,169.001007,630.0,no,small_airport,no,https://en.wikipedia.org/wiki/Dillon's_Bay_Airport
Dimapur Airport,IN,IN-NL,AS,Dimapur,DMU,VEMR,25.8838996887,93.7711029053,487.0,yes,medium_airport,no,https://en.wikipedia.org/wiki/Dimapur_Airport
Dinard Pleurtuit Saint-Malo airport,FR,FR-BRE,EU,Dinard,DNR,LFRD,48.5877,-2.07996,219.0,yes,medium_airport,yes,https://en.wikipedia.org/wiki/Dinard_-_Pleurtuit_-_Saint-Malo_Airport
Diori Hamani International Airport,NE,NE-8,AF,Niamey,NIM,DRRN,13.4815,2.18361,732.0,yes,large_airport,yes,https://en.wikipedia.org/wiki/Diori_Hamani_International_Airport
Dipolog Airport,PH,PH-ZAN,AS,Dipolog,DPL,RPMG,8.601983,123.341875,12.0,yes,medium_airport,no,https://en.wikipedia.org/wiki/Dipolog_Airport
Diqing Shangri-La Airport,CN,CN-53,AS,Diqing (Shangri-La),DIG,ZPDQ,27.7936,99.6772,10761.0,yes,medium_airport,no,https://en.wikipedia.org/wiki/Diqing_Shangri-La_Airport
Diu Airport,IN,IN-DH,AS,Diu,DIU,VADU,20.714185,70.921855,31.0,yes,small_airport,no,https://en.wikipedia.org/wiki/Diu_Airport
Diyarbakır Airport,TR,TR-21,AS,Diyarbakır,DIY,LTCC,37.893902,40.201,2251.0,yes,medium_airport,yes,https://en.wikipedia.org/wiki/Diyarbak%C4%B1r_Airport
Djerba Zarzis International Airport,TN,TN-82,AF,Mellita,DJE,DTTJ,33.873719,10.7773,19.0,yes,large_airport,yes,https://en.wikipedia.org/wiki/Djerba-Zarzis_Airport
Djibouti-Ambouli Airport,DJ,DJ-DJ,AF,Djibouti City,JIB,HDAM,11.5473,43.1595,49.0,yes,large_airport,yes,https://en.wikipedia.org/wiki/Djibouti-Ambouli_International_Airport
Dnipro International Airport,UA,UA-12,EU,Dnipro,DNK,UKDD,48.357201,35.100601,481.0,yes,medium_airport,no,https://en.wikipedia.org/wiki/Dnipro_International_Airport
Doctor Carlos Alberto da Costa Neves Airport,BR,BR-SC,SA,Caçador,CFC,SBCD,-26.787423,-50.939942,3376.0,no,small_airport,no,https://en.wikipedia.org/wiki/Ca%C3%A7ador_Airport
Dodge City Regional Airport,US,US-KS,NA,Dodge City,DDC,KDDC,37.76340103149414,-99.9655990600586,2594.0,yes,medium_airport,no,https://en.wikipedia.org/wiki/Dodge_City_Regional_Airport
Dole Tavaux Airport,FR,FR-BFC,EU,Dole,DLE,LFGJ,47.038955,5.427589,645.0,yes,medium_airport,no,https://en.wikipedia.org/wiki/Dole%E2%80%93Jura_Airport
Dom Ricardo Weberberger Airport,BR,BR-BA,SA,Barreiras,BRA,SNBR,-12.0789,-45.008999,2451.0,yes,small_airport,no,https://en.wikipedia.org/wiki/Barreiras_Airport
Domine Eduard Osok Airport,ID,ID-PB,AS,Sorong,SOQ,WASS,-0.894,131.287,10.0,yes,medium_airport,yes,https://en.wikipedia.org/wiki/Domine_Eduard_Osok_Airport
Domingo Faustino Sarmiento Airport,AR,AR-J,SA,San Juan,UAQ,SANU,-31.571501,-68.418198,1958.0,yes,medium_airport,no,https://en.wikipedia.org/wiki/Domingo_Faustino_Sarmiento_Airport
Domodedovo International Airport,RU,RU-MOS,EU,Moscow,DME,UUDD,55.408798,37.9063,588.0,yes,large_airport,yes,https://en.wikipedia.org/wiki/Domodedovo_International_Airport
Don Mueang International Airport,TH,TH-10,AS,Bangkok,DMK,VTBD,13.9126,100.607002,9.0,yes,large_airport,no,https://en.wikipedia.org/wiki/Don_Mueang_International_Airport
Donegal Airport,IE,IE-DL,EU,Donegal,CFN,EIDL,55.0442008972168,-8.340999603271484,30.0,yes,medium_airport,no,https://en.wikipedia.org/wiki/Donegal_Airport
Dong Hoi Airport,VN,VN-NC,AS,Dong Hoi,VDH,VVDH,17.515,106.590556,59.0,yes,medium_airport,no,https://en.wikipedia.org/wiki/Dong_Hoi_Airport
Dong Tac Airport,VN,VN-SCC,AS,Tuy Hoa,TBB,VVTH,13.0496,109.334,20.0,yes,medium_airport,no,https://en.wikipedia.org/wiki/%C4%90%C3%B4ng_T%C3%A1c_(Tuy_Hoa)_Airport
Dongying Shengli Airport,CN,CN-37,AS,Dongying (Kenli),DOY,ZSDY,37.50137,118.789863,15.0,yes,medium_airport,no,https://en.wikipedia.org/wiki/Dongying_Shengli_Airport
Donoi Airport,MN,MN-057,AS,Uliastai,ULZ,ZMDN,47.7093,96.5258,5800.0,yes,small_airport,no,https://en.wikipedia.org/wiki/Donoi_Airport
Donskoye Airport,RU,RU-TAM,EU,Tambov,TBW,UUOT,52.806099,41.4828,413.0,no,medium_airport,no,https://en.wikipedia.org/wiki/Tambov_Donskoye_Airport
Doomadgee Airport,AU,AU-QLD,OC,,DMD,YDMG,-17.9403,138.822006,153.0,yes,small_airport,no,https://en.wikipedia.org/wiki/Doomadgee_Airport
Dortheys Hiyo Eluay International Airport,ID,ID-PA,AS,Sentani,DJJ,WAJJ,-2.579627,140.519857,289.0,yes,large_airport,yes,https://en.wikipedia.org/wiki/Dortheys_Hiyo_Eluay_International_Airport
Dortmund Airport,DE,DE-NW,EU,Dortmund,DTM,EDLW,51.518299,7.61224,425.0,yes,large_airport,yes,https://en.wikipedia.org/wiki/Dortmund_Airport
Dothan Regional Airport,US,US-AL,NA,Dothan,DHN,KDHN,31.321300506591797,-85.44960021972656,401.0,yes,medium_airport,no,https://en.wikipedia.org/wiki/Dothan_Regional_Airport
Douala International Airport,CM,CM-LT,AF,Douala,DLA,FKKD,4.00608,9.71948,33.0,yes,large_airport,yes,https://en.wikipedia.org/wiki/Douala_International_Airport
Douglas-Charles Airport,DM,DM-02,NA,Marigot,DOM,TDPD,15.546673,-61.301082,73.0,yes,medium_airport,yes,https://en.wikipedia.org/wiki/Douglas%E2%80%93Charles_Airport
Dourados Airport,BR,BR-MS,SA,Dourados,DOU,,-22.2019,-54.926601,1503.0,no,small_airport,no,https://en.wikipedia.org/wiki/Dourados_Airport
Douw Aturure Airport,ID,ID-PT,OC,Nabire,NBX,WABI,-3.397973,135.393071,22.0,no,medium_airport,no,https://en.wikipedia.org/wiki/Douw_Aturure_Airport
Dr. Antonio Nicolás Briceño Airport,VE,VE-T,SA,Valera,VLV,SVVL,9.340478,-70.584061,2060.0,yes,medium_airport,no,https://en.wikipedia.org/wiki/Dr._Antonio_Nicol%C3%A1s_Brice%C3%B1o_Airport
Dr. Babasaheb Ambedkar International Airport,IN,IN-MM,AS,Nagpur,NAG,VANP,21.092199,79.047203,1033.0,yes,large_airport,yes,https://en.wikipedia.org/wiki/Dr._Babasaheb_Ambedkar_International_Airport
Drake Bay Airport,CR,CR-P,NA,Puntarenas,DRK,MRDK,8.71889019012,-83.6417007446,12.0,no,small_airport,no,https://en.wikipedia.org/wiki/Drake_Bay_Airport
Dresden Airport,DE,DE-SN,EU,Dresden,DRS,EDDC,51.134123,13.767831,755.0,yes,large_airport,no,https://en.wikipedia.org/wiki/Dresden_Airport
Dryden Regional Airport,CA,CA-ON,NA,Dryden,YHD,CYHD,49.831699,-92.744202,1354.0,no,medium_airport,no,https://en.wikipedia.org/wiki/Dryden_Regional_Airport
DuBois Regional Airport,US,US-PA,NA,Dubois,DUJ,KDUJ,41.17829895,-78.8986969,1817.0,yes,medium_airport,no,https://en.wikipedia.org/wiki/DuBois_Regional_Airport
Dubai International Airport,AE,AE-DU,AS,Dubai,DXB,OMDB,25.24979,55.370992,62.0,yes,large_airport,no,https://en.wikipedia.org/wiki/Dubai_International_Airport
Dubbo City Regional Airport,AU,AU-NSW,OC,Dubbo,DBO,YSDU,-32.2167015076,148.574996948,935.0,yes,medium_airport,no,https://en.wikipedia.org/wiki/Dubbo_Airport
Dublin Airport,IE,IE-D,EU,Dublin,DUB,EIDW,53.428713,-6.262121,242.0,yes,large_airport,yes,https://en.wikipedia.org/wiki/Dublin_Airport
Dubrovnik Ruđer Bošković Airport,HR,HR-19,EU,Dubrovnik,DBV,LDDU,42.562247,18.265543,527.0,yes,large_airport,yes,https://en.wikipedia.org/wiki/Dubrovnik_Airport
Dubuque Regional Airport,US,US-IA,NA,Dubuque,DBQ,KDBQ,42.402,-90.709503,1077.0,yes,medium_airport,no,https://en.wikipedia.org/wiki/Dubuque_Regional_Airport
Duluth International Airport,US,US-MN,NA,Duluth,DLH,KDLH,46.841873,-92.198746,1428.0,yes,medium_airport,yes,https://en.wikipedia.org/wiki/Duluth_International_Airport
Dundee Airport,GB,GB-SCT,EU,Dundee,DND,EGPN,56.452499,-3.02583,17.0,yes,medium_airport,no,https://en.wikipedia.org/wiki/Dundee_Airport
Dunedin International Airport,NZ,NZ-OTA,OC,Dunedin,DUD,NZDN,-45.929017,170.197758,4.0,yes,medium_airport,yes,https://en.wikipedia.org/wiki/Dunedin_International_Airport
Dunhuang Mogao International Airport,CN,CN-62,AS,Dunhuang,DNH,ZLDH,40.161953,94.812827,,yes,large_airport,yes,https://en.wikipedia.org/wiki/Dunhuang_Airport
Durango La Plata County Airport,US,US-CO,NA,Durango,DRO,KDRO,37.151501,-107.753998,6685.0,yes,medium_airport,no,https://en.wikipedia.org/wiki/Durango-La_Plata_County_Airport
Dushanbe International Airport,TJ,TJ-DU,AS,Dushanbe,DYU,UTDD,38.543746,68.822977,2575.0,yes,large_airport,yes,https://en.wikipedia.org/wiki/Dushanbe_International_Airport
Dzaoudzi Pamandzi International Airport,YT,YT-U-A,AF,Dzaoudzi,DZA,FMCZ,-12.809319,45.281815,23.0,yes,large_airport,yes,https://en.wikipedia.org/wiki/Dzaoudzi_Pamandzi_International_Airport
Déline Airport,CA,CA-NT,NA,Déline,YWJ,CYWJ,65.211098,-123.435997,703.0,yes,small_airport,no,https://en.wikipedia.org/wiki/Deline_Airport
Düsseldorf Airport,DE,DE-NW,EU,Düsseldorf,DUS,EDDL,51.289501,6.76678,147.0,yes,large_airport,yes,https://en.wikipedia.org/wiki/D%C3%BCsseldorf_Airport
Eagle County Regional Airport,US,US-CO,NA,Eagle,EGE,KEGE,39.64260101,-106.9179993,6548.0,yes,medium_airport,no,https://en.wikipedia.org/wiki/Eagle_County_Regional_Airport
East Kimberley Regional (Kununurra) Airport,AU,AU-WA,OC,Kununurra,KNX,YPKU,-15.7781,128.707993,145.0,yes,medium_airport,no,https://en.wikipedia.org/wiki/Kununurra_Airport
East Midlands Airport,GB,GB-ENG,EU,"Nottingham, Leicestershire",EMA,EGNX,52.8311,-1.32806,306.0,yes,large_airport,yes,https://en.wikipedia.org/wiki/East_Midlands_Airport
East Texas Regional Airport,US,US-TX,NA,Longview,GGG,KGGG,32.38399887084961,-94.71150207519533,365.0,yes,medium_airport,no,https://en.wikipedia.org/wiki/East_Texas_Regional_Airport
Eastern Oregon Regional Airport at Pendleton,US,US-OR,NA,Pendleton,PDT,KPDT,45.695099,-118.841003,1497.0,yes,medium_airport,no,https://en.wikipedia.org/wiki/Eastern_Oregon_Regional_Airport
Easterwood Field,US,US-TX,NA,College Station,CLL,KCLL,30.5886,-96.3638,320.0,yes,medium_airport,no,https://en.wikipedia.org/wiki/Easterwood_Airport
Eastgate Airport / Air Force Base Hoedspruit,ZA,ZA-NP,AF,Hoedspruit,HDS,FAHS,-24.361864,31.052921,1801.0,yes,medium_airport,no,https://en.wikipedia.org/wiki/Air_Force_Base_Hoedspruit
Eastmain River Airport,CA,CA-QC,NA,Eastmain River,ZEM,CZEM,52.226398,-78.522499,24.0,yes,small_airport,no,https://en.wikipedia.org/wiki/Eastmain_River_Airport
Eday Airport,GB,GB-SCT,EU,Eday,EOI,EGED,59.19060134887695,-2.7722198963165283,10.0,yes,medium_airport,no,https://en.wikipedia.org/wiki/Eday_Airport
Edinburgh Airport,GB,GB-SCT,EU,"Ingliston, Edinburgh",EDI,EGPH,55.950145,-3.372288,135.0,yes,large_airport,yes,https://en.wikipedia.org/wiki/Edinburgh_Airport
Edmonton International Airport,CA,CA-AB,NA,Edmonton,YEG,CYEG,53.3097,-113.580002,2373.0,yes,large_airport,yes,https://en.wikipedia.org/wiki/Edmonton_International_Airport
Edna Bay Seaplane Base,US,US-AK,NA,Edna Bay,EDA,,55.949653,-133.661012,,yes,seaplane_base,no,
Eduardo Falla Solano Airport,CO,CO-CAQ,SA,San Vicente Del Caguán,SVI,SKSV,2.15217,-74.7663,920.0,yes,medium_airport,no,https://en.wikipedia.org/wiki/Eduardo_Falla_Solano_Airport
Eduardo Gomes International Airport,BR,BR-AM,SA,Manaus,MAO,SBEG,-3.03861,-60.049702,264.0,yes,large_airport,yes,https://en.wikipedia.org/wiki/Eduardo_Gomes_International_Airport
Edward Bodden Little Cayman Airfield,KY,KY-LC,NA,Blossom Village,LYB,MWCL,19.660161,-80.088826,3.0,no,medium_airport,no,https://en.wikipedia.org/wiki/Edward_Bodden_Airfield
Edward G. Pitka Sr Airport,US,US-AK,NA,Galena,GAL,PAGA,64.736198,-156.936997,153.0,yes,medium_airport,no,https://en.wikipedia.org/wiki/Edward_G._Pitka_Sr._Airport
Eek Airport,US,US-AK,NA,Eek,EEK,PAEE,60.213173,-162.044048,12.0,yes,small_airport,no,https://en.wikipedia.org/wiki/Eek_Airport
Egal International Airport,SO,SO-WO,AF,Hargeisa,HGA,HCMH,9.514082,44.083469,4471.0,yes,large_airport,yes,https://en.wikipedia.org/wiki/Hargeisa_International_Airport
Egegik Airport,US,US-AK,NA,Egegik,EGX,PAII,58.184386,-157.374873,92.0,yes,medium_airport,no,https://en.wikipedia.org/wiki/Egegik_Airport
Egilsstaðir Airport,IS,IS-7,EU,Egilsstaðir,EGS,BIEG,65.2833023071289,-14.401399612426758,76.0,yes,medium_airport,yes,https://en.wikipedia.org/wiki/Egilssta%C3%B0ir_Airport
Eindhoven Airport,NL,NL-NB,EU,Eindhoven,EIN,EHEH,51.4500999451,5.37452983856,74.0,yes,large_airport,yes,https://en.wikipedia.org/wiki/Eindhoven_Airport
Eirunepé Airport,BR,BR-AM,SA,Eirunepé,ERN,SWEI,-6.639533,-69.879709,400.0,no,small_airport,no,https://en.wikipedia.org/wiki/Eirunep%C3%A9_Airport
El Alcaravan - Yopal Airport,CO,CO-CAS,SA,Yopal,EYP,SKYP,5.31911,-72.384,1028.0,yes,medium_airport,yes,https://en.wikipedia.org/wiki/El_Alcarav%C3%A1n_Airport
El Alto International Airport,BO,BO-L,SA,La Paz / El Alto,LPB,SLLP,-16.510272,-68.189416,13355.0,yes,large_airport,yes,https://en.wikipedia.org/wiki/El_Alto_International_Airport
El Bayadh Airport,DZ,DZ-32,AF,El Bayadh,EBH,DAOY,33.721667,1.0925,4493.0,yes,small_airport,no,https://en.wikipedia.org/wiki/El_Bayadh_Airport
El Calafate - Commander Armando Tola International Airport,AR,AR-Z,SA,El Calafate,FTE,SAWC,-50.280267,-72.053401,669.0,yes,medium_airport,yes,https://en.wikipedia.org/wiki/Comandante_Armando_Tola_International_Airport
El Caraño Airport,CO,CO-CHO,SA,Quibdó,UIB,SKUI,5.69076,-76.6412,204.0,yes,medium_airport,yes,https://en.wikipedia.org/wiki/El_Cara%C3%B1o_Airport
El Dorado International Airport,CO,CO-DC,SA,Bogota,BOG,SKBO,4.70159,-74.1469,8361.0,yes,large_airport,yes,https://en.wikipedia.org/wiki/El_Dorado_International_Airport
El Eden Airport,CO,CO-QUI,SA,Armenia,AXM,SKAR,4.45278,-75.7664,3990.0,yes,medium_airport,yes,https://en.wikipedia.org/wiki/El_Ed%C3%A9n_Airport
El Embrujo Airport,CO,CO-SAP,NA,Providencia,PVA,SKPV,13.357461,-81.357977,10.0,yes,medium_airport,yes,https://en.wikipedia.org/wiki/El_Embrujo_Airport
El Fasher Airport,SD,SD-02,AF,El Fasher,ELF,HSFS,13.61489963531494,25.32460021972656,2393.0,yes,medium_airport,no,https://en.wikipedia.org/wiki/El_Fasher_Airport
El Golea Airport,DZ,DZ-50,AF,El Menia,ELG,DAUE,30.580732,2.861595,1306.0,yes,medium_airport,no,https://en.wikipedia.org/wiki/El_Golea_Airport
El Hierro Airport,ES,ES-CN,AF,El Hierro Island,VDE,GCHI,27.8148,-17.8871,103.0,yes,medium_airport,no,https://en.wikipedia.org/wiki/El_Hierro_Airport
El Lencero Airport,MX,MX-VER,NA,Emiliano Zapata,JAL,MMJA,19.475107,-96.797008,3127.0,no,medium_airport,no,https://en.wikipedia.org/wiki/El_Lencero_Airport
El Loa Airport,CL,CL-AN,SA,Calama,CJC,SCCF,-22.498199,-68.903603,7543.0,yes,medium_airport,no,https://en.wikipedia.org/wiki/El_Loa_Airport
El Paso International Airport,US,US-TX,NA,El Paso,ELP,KELP,31.809908,-106.375607,3959.0,yes,large_airport,yes,https://en.wikipedia.org/wiki/El_Paso_International_Airport
El Salvador International Airport Saint Óscar Arnulfo Romero y Galdámez,SV,SV-PA,NA,San Salvador (San Luis Talpa),SAL,MSLP,13.44447,-89.055784,101.0,yes,large_airport,yes,https://en.wikipedia.org/wiki/El_Salvador_International_Airport
El Tajín National Airport,MX,MX-VER,NA,Poza Rica,PAZ,MMPA,20.6026992798,-97.4608001709,497.0,yes,medium_airport,no,https://en.wikipedia.org/wiki/El_Taj%C3%ADn_National_Airport
El Tari Airport,ID,ID-NT,AS,Kupang,KOE,WATT,-10.1716,123.670998,335.0,yes,medium_airport,no,https://en.wikipedia.org/wiki/El_Tari_Airport
El Tehuelche Airport,AR,AR-U,SA,Puerto Madryn,PMY,SAVY,-42.7592,-65.1027,427.0,yes,medium_airport,no,https://en.wikipedia.org/wiki/El_Tehuelche_Airport
El Tepual International Airport,CL,CL-LL,SA,Puerto Montt,PMC,SCTE,-41.443093,-73.094065,294.0,yes,large_airport,yes,https://en.wikipedia.org/wiki/El_Tepual_Airport
El Trompillo Airport,BO,BO-S,SA,Santa Cruz,SRZ,SLET,-17.8115997314,-63.1715011597,1371.0,yes,medium_airport,no,https://en.wikipedia.org/wiki/El_Trompillo_Airport
Elazığ Airport,TR,TR-23,AS,Elazığ,EZS,LTCA,38.597974,39.28348,2927.0,yes,medium_airport,yes,https://en.wikipedia.org/wiki/Elaz%C4%B1%C4%9F_Airport
Elcho Island Airport,AU,AU-NT,OC,Elcho Island,ELC,YELD,-12.019399642899998,135.570999146,101.0,yes,medium_airport,no,https://en.wikipedia.org/wiki/Elcho_Island_Airport
Eldoret International Airport,KE,KE-27,AF,Eldoret,EDL,HKEL,0.404458,35.238899,6941.0,yes,large_airport,yes,https://en.wikipedia.org/wiki/Eldoret_International_Airport
Elfin Cove Seaplane Base,US,US-AK,NA,Elfin Cove,ELV,PAEL,58.195201873799995,-136.347000122,0.0,yes,seaplane_base,no,https://en.wikipedia.org/wiki/Elfin_Cove_Seaplane_Base
Elim Airport,US,US-AK,NA,Elim,ELI,PFEL,64.6147,-162.272003,162.0,yes,small_airport,no,https://en.wikipedia.org/wiki/Elim_Airport
Elista Airport,RU,RU-KL,EU,Elista,ESL,URWI,46.373901,44.330898,501.0,yes,medium_airport,yes,https://en.wikipedia.org/wiki/Elista_Airport
Elko Regional Airport,US,US-NV,NA,Elko,EKO,KEKO,40.82490158081055,-115.79199981689452,5140.0,yes,medium_airport,no,https://en.wikipedia.org/wiki/Elko_Regional_Airport
Ellison Onizuka Kona International Airport at Keāhole,US,US-HI,OC,Kailua-Kona,KOA,PHKO,19.738783,-156.045603,47.0,yes,large_airport,yes,https://en.wikipedia.org/wiki/Kona_International_Airport
Ellisras Matimba Airport,ZA,ZA-NP,AF,Ellisras,ELL,FAER,-23.72669982910156,27.68829917907715,2799.0,no,small_airport,no,
Elmira Corning Regional Airport,US,US-NY,NA,Elmira/Corning,ELM,KELM,42.1599006652832,-76.8916015625,954.0,yes,medium_airport,no,https://en.wikipedia.org/wiki/Elmira-Corning_Regional_Airport
Eloy Alfaro International Airport,EC,EC-M,SA,Manta,MEC,SEMT,-0.9460780024528505,-80.67880249023438,48.0,yes,medium_airport,yes,https://en.wikipedia.org/wiki/Manta_Air_Base
Emerald Airport,AU,AU-QLD,OC,Emerald,EMD,YEML,-23.5674991608,148.179000854,624.0,yes,medium_airport,no,https://en.wikipedia.org/wiki/Emerald_Airport
Emmonak Airport,US,US-AK,NA,Emmonak,EMK,PAEM,62.78609848,-164.4909973,13.0,yes,medium_airport,no,https://en.wikipedia.org/wiki/Emmonak_Airport
Emperor Nicholas II Murmansk Airport,RU,RU-MUR,EU,Murmansk,MMK,ULMM,68.7817,32.750801,266.0,yes,large_airport,yes,https://en.wikipedia.org/wiki/Murmansk_Airport
Enfidha - Hammamet International Airport,TN,TN-51,AF,Enfidha,NBE,DTNH,36.075833,10.438611,21.0,yes,medium_airport,yes,https://en.wikipedia.org/wiki/Enfidha%E2%80%93Hammamet_International_Airport
Enrique Malek International Airport,PA,PA-4,NA,David,DAV,MPDA,8.388983,-82.436425,89.0,yes,medium_airport,yes,https://en.wikipedia.org/wiki/Enrique_Malek_International_Airport
Enrique Olaya Herrera Airport,CO,CO-ANT,SA,Medellín,EOH,SKMD,6.219686,-75.590597,4949.0,yes,medium_airport,no,https://en.wikipedia.org/wiki/Enrique_Olaya_Herrera_International_Airport
Enshi Xujiaping Airport,CN,CN-42,AS,Enshi (Enshi),ENH,ZHES,30.320299,109.485001,1605.0,yes,medium_airport,yes,https://en.wikipedia.org/wiki/Enshi_Xujiaping_Airport
Entebbe International Airport,UG,UG-C,AF,Entebbe,EBB,HUEN,0.042386,32.443501,3782.0,yes,large_airport,yes,https://en.wikipedia.org/wiki/Entebbe_International_Airport
Enua Airport,CK,CK-U-A,OC,Atiu Island,AIU,NCAT,-19.96780014038086,-158.11900329589844,36.0,yes,small_airport,no,https://en.wikipedia.org/wiki/Enua_Airport
Eppley Airfield,US,US-NE,NA,Omaha,OMA,KOMA,41.3032,-95.894096,984.0,yes,large_airport,yes,https://en.wikipedia.org/wiki/Eppley_Airfield
Eqalugaarsuit Heliport,GL,GL-KU,NA,Eqalugaarsuit,QFG,,60.61972,-45.914062,9.0,yes,heliport,no,https://en.wikipedia.org/wiki/Eqalugaarsuit_Heliport
Erbil International Airport,IQ,IQ-AR,AS,Arbil,EBL,ORER,36.236047,43.946615,1341.0,yes,large_airport,yes,https://en.wikipedia.org/wiki/Erbil_International_Airport
Ercan International Airport,CY,CY-02,AS,Tymbou (Kirklar),ECN,LCEN,35.153064,33.507352,404.0,yes,large_airport,yes,https://en.wikipedia.org/wiki/Ercan_International_Airport
Erechim Airport,BR,BR-RS,SA,Erechim,ERM,SSER,-27.663614,-52.271489,2498.0,no,small_airport,no,https://en.wikipedia.org/wiki/Erechim_Airport
Erenhot Saiwusu International Airport,CN,CN-15,AS,Erenhot,ERL,ZBER,43.424079,112.091081,3301.0,yes,medium_airport,no,https://en.wikipedia.org/wiki/Erenhot_Saiwusu_International_Airport
Erfurt-Weimar Airport,DE,DE-TH,EU,Erfurt,ERF,EDDE,50.978281,10.960713,1036.0,yes,large_airport,no,https://en.wikipedia.org/wiki/Erfurt_Airport
Erie International Tom Ridge Field,US,US-PA,NA,Erie,ERI,KERI,42.083127,-80.173867,732.0,yes,medium_airport,yes,https://en.wikipedia.org/wiki/Erie_International_Airport
Ernesto Cortissoz International Airport,CO,CO-ATL,SA,Barranquilla,BAQ,SKBQ,10.8896,-74.7808,98.0,yes,large_airport,yes,https://en.wikipedia.org/wiki/Ernesto_Cortissoz_International_Airport
Eros Airport,NA,NA-KH,AF,Windhoek,ERS,FYWE,-22.60492,17.079002,5575.0,yes,medium_airport,no,https://en.wikipedia.org/wiki/Eros_Airport
Erzincan Airport,TR,TR-24,AS,Erzincan,ERC,LTCD,39.7102012634,39.527000427199994,3783.0,yes,medium_airport,no,https://en.wikipedia.org/wiki/Erzincan_Airport
Erzurum International Airport,TR,TR-25,AS,Erzurum,ERZ,LTCE,39.956501,41.1702,5763.0,yes,medium_airport,no,https://en.wikipedia.org/wiki/Erzurum_Airport
Esbjerg Airport,DK,DK-83,EU,Esbjerg,EBJ,EKEB,55.525902,8.5534,97.0,yes,medium_airport,no,https://en.wikipedia.org/wiki/Esbjerg_Airport
Esenboğa International Airport,TR,TR-06,AS,Ankara,ESB,LTAC,40.128101,32.995098,3125.0,yes,large_airport,yes,https://en.wikipedia.org/wiki/Esenbo%C4%9Fa_International_Airport
Esperance Airport,AU,AU-WA,OC,Esperance,EPR,YESP,-33.684399,121.822998,470.0,yes,medium_airport,no,https://en.wikipedia.org/wiki/Esperance_Airport
Esquel Brigadier Antonio Parodi International Airport,AR,AR-U,SA,Esquel,EQS,SAVE,-42.908001,-71.139503,2621.0,yes,medium_airport,yes,https://en.wikipedia.org/wiki/Esquel_Airport
Essaouira-Mogador Airport,MA,MA-07,AF,Essaouira,ESU,GMMI,31.397499,-9.68167,384.0,yes,medium_airport,yes,https://en.wikipedia.org/wiki/Essaouira-Mogador_Airport
Eugene Airport,US,US-OR,NA,Eugene,EUG,KEUG,44.124599,-123.211998,374.0,yes,medium_airport,no,https://en.wikipedia.org/wiki/Eugene_Airport
Eugene F. Correia International Airport,GY,GY-DE,SA,Ogle,OGL,SYEC,6.805881,-58.107657,10.0,yes,medium_airport,no,https://en.wikipedia.org/wiki/Ogle_Airport
Eugene F. Kranz Toledo Express Airport,US,US-OH,NA,Toledo,TOL,KTOL,41.5868,-83.8078,683.0,yes,medium_airport,no,https://en.wikipedia.org/wiki/Toledo_Express_Airport
Eugenio Maria De Hostos Airport,PR,PR-U-A,NA,Mayaguez,MAZ,TJMZ,18.255699157714844,-67.14849853515625,28.0,yes,medium_airport,no,https://en.wikipedia.org/wiki/Eugenio_Mar%C3%ADa_de_Hostos_Airport
Eurico de Aguiar Salles International Airport,BR,BR-ES,SA,Vitória,VIX,SBVT,-20.258,-40.285,34.0,yes,large_airport,yes,https://en.wikipedia.org/wiki/Eurico_de_Aguiar_Salles_Airport
EuroAirport Basel–Mulhouse–Freiburg,FR,FR-GES,EU,Bâle / Mulhouse,BSL,LFSB,47.60068,7.521117,885.0,yes,large_airport,yes,https://en.wikipedia.org/wiki/EuroAirport_Basel-Mulhouse-Freiburg
Evansville Regional Airport,US,US-IN,NA,Evansville,EVV,KEVV,38.0369987488,-87.5324020386,418.0,yes,medium_airport,no,https://en.wikipedia.org/wiki/Evansville_Regional_Airport
Excursion Inlet Seaplane Base,US,US-AK,NA,Excursion Inlet,EXI,,58.420502,-135.449005,0.0,yes,seaplane_base,no,https://en.wikipedia.org/wiki/Excursion_Inlet_Seaplane_Base
Exeter International Airport,GB,GB-ENG,EU,"Exeter, Devon",EXT,EGTE,50.734261,-3.413984,102.0,yes,medium_airport,yes,https://en.wikipedia.org/wiki/Exeter_International_Airport
Exuma International Airport,BS,BS-EX,NA,Moss Town,GGT,MYEF,23.562599,-75.877998,9.0,yes,medium_airport,yes,https://en.wikipedia.org/wiki/Exuma_International_Airport
Ezeiza International Airport - Ministro Pistarini,AR,AR-B,SA,Buenos Aires (Ezeiza),EZE,SAEZ,-34.8222,-58.5358,67.0,yes,large_airport,yes,https://en.wikipedia.org/wiki/Ministro_Pistarini_International_Airport
F. D. Roosevelt Airport,BQ,BQ-SE,NA,Oranjestad,EUX,TNCE,17.4965,-62.979401,129.0,yes,medium_airport,yes,https://en.wikipedia.org/wiki/F.D._Roosevelt_Airport
F.G.L. Airport Granada-Jaén Airport,ES,ES-AN,EU,Granada,GRX,LEGR,37.188702,-3.77736,1860.0,yes,medium_airport,yes,https://en.wikipedia.org/wiki/Federico_Garc%C3%ADa_Lorca_Airport
Fa'a'ā International Airport,PF,PF-U-A,OC,Papeete,PPT,NTAA,-17.553472,-149.606936,5.0,yes,large_airport,yes,https://en.wikipedia.org/wiki/Faa'a_International_Airport
Fabio Alberto Leon Bentley Airport,CO,CO-VAU,SA,Mitú,MVP,SKMU,1.25366,-70.2339,680.0,yes,medium_airport,yes,https://en.wikipedia.org/wiki/Fabio_Alberto_Le%C3%B3n_Bentley_Airport
Fairbanks International Airport,US,US-AK,NA,Fairbanks,FAI,PAFA,64.815102,-147.856003,439.0,yes,medium_airport,yes,https://en.wikipedia.org/wiki/Fairbanks_International_Airport
Faisalabad International Airport,PK,PK-PB,AS,Faisalabad,LYP,OPFA,31.364923,72.995319,591.0,yes,large_airport,yes,https://en.wikipedia.org/wiki/Faisalabad_International_Airport
Fakarava Airport,PF,PF-U-A,OC,,FAV,NTGF,-16.054100036621094,-145.65699768066406,13.0,yes,medium_airport,no,https://en.wikipedia.org/wiki/Fakarava_Airport
Fakfak Airport,ID,ID-PB,AS,Fakfak,FKQ,WASF,-2.920508,132.267011,462.0,yes,medium_airport,no,https://en.wikipedia.org/wiki/Fakfak_Airport
Falcone–Borsellino Airport,IT,IT-82,EU,Palermo,PMO,LICJ,38.175999,13.091,65.0,yes,large_airport,yes,https://en.wikipedia.org/wiki/Falcone%E2%80%93Borsellino_Airport
Faleolo International Airport,WS,WS-AA,OC,Apia,APW,NSFA,-13.83,-172.007996,58.0,yes,large_airport,yes,https://en.wikipedia.org/wiki/Faleolo_International_Airport
Falls International Airport,US,US-MN,NA,International Falls,INL,KINL,48.566200256347656,-93.4030990600586,1185.0,yes,medium_airport,yes,https://en.wikipedia.org/wiki/Falls_International_Airport
False Pass Airport,US,US-AK,NA,False Pass,KFP,PAKF,54.84751,-163.407168,20.0,yes,small_airport,no,https://en.wikipedia.org/wiki/False_Pass_Airport
Faro - Gago Coutinho International Airport,PT,PT-08,EU,Faro,FAO,LPFR,37.015909,-7.970939,24.0,yes,large_airport,yes,https://en.wikipedia.org/wiki/Faro_Airport_(Portugal)
Fatmawati Soekarno Airport,ID,ID-BE,AS,Bengkulu,BKS,WIGG,-3.8637,102.338997,50.0,yes,medium_airport,no,https://en.wikipedia.org/wiki/Fatmawati_Soekarno_Airport
Fayetteville Regional Airport - Grannis Field,US,US-NC,NA,Fayetteville,FAY,KFAY,34.991199,-78.880302,189.0,yes,medium_airport,no,https://en.wikipedia.org/wiki/Fayetteville_Regional_Airport
Federico Fellini International Airport,IT,IT-45,EU,Rimini (RN),RMI,LIPR,44.020024,12.612198,40.0,yes,large_airport,yes,https://en.wikipedia.org/wiki/Federico_Fellini_International_Airport
Fera/Maringe Airport,SB,SB-IS,OC,Fera Island,FRE,AGGF,-8.1075,159.576996,9.0,yes,small_airport,no,https://en.wikipedia.org/wiki/Fera_Airport
Fergana International Airport,UZ,UZ-FA,AS,Fergana,FEG,UZFF,40.358799,71.745003,1980.0,yes,medium_airport,yes,https://en.wikipedia.org/wiki/Fergana_International_Airport
Fernando de Noronha Airport,BR,BR-PE,SA,Fernando de Noronha,FEN,SBFN,-3.854534,-32.423017,193.0,yes,medium_airport,no,https://en.wikipedia.org/wiki/Fernando_de_Noronha_Airport
Fes Saïss International Airport,MA,MA-03,AF,Saïss,FEZ,GMFF,33.927299,-4.97796,1900.0,yes,large_airport,yes,https://en.wikipedia.org/wiki/Sa%C3%AFss_Airport
Figari Sud-Corse Airport,FR,FR-COR,EU,Figari,FSC,LFKF,41.50185,9.097092,85.0,yes,large_airport,yes,https://en.wikipedia.org/wiki/Figari_Sud-Corse_Airport
Flagstaff Pulliam Airport,US,US-AZ,NA,Flagstaff,FLG,KFLG,35.139757,-111.669826,7014.0,yes,medium_airport,no,https://en.wikipedia.org/wiki/Flagstaff_Pulliam_Airport
Flamingo International Airport,BQ,BQ-BO,NA,Kralendijk,BON,TNCB,12.131,-68.268501,20.0,yes,large_airport,yes,https://en.wikipedia.org/wiki/Flamingo_International_Airport
Flin Flon Airport,CA,CA-MB,NA,Flin Flon,YFO,CYFO,54.678101,-101.681999,997.0,yes,small_airport,no,https://en.wikipedia.org/wiki/Flin_Flon_Airport
Flinders Island Airport,AU,AU-TAS,OC,Whitemark,FLS,YFLI,-40.091702,147.992996,10.0,yes,small_airport,no,https://en.wikipedia.org/wiki/Flinders_Island_Airport
"Florence Airport, Peretola",IT,IT-52,EU,Firenze (FI),FLR,LIRQ,43.808558,11.202822,142.0,yes,large_airport,yes,https://en.wikipedia.org/wiki/Florence_Airport
Florence Regional Airport,US,US-SC,NA,Florence,FLO,KFLO,34.18539810180664,-79.7238998413086,146.0,yes,medium_airport,no,https://en.wikipedia.org/wiki/Florence_Regional_Airport
Flores Airport,PT,PT-20,EU,Santa Cruz das Flores,FLW,LPFL,39.455299377441406,-31.13139915466309,112.0,yes,medium_airport,no,https://en.wikipedia.org/wiki/Flores_Airport
Florø Airport,NO,NO-46,EU,Florø,FRO,ENFL,61.583599090576,5.0247201919556,37.0,yes,medium_airport,no,https://en.wikipedia.org/wiki/Flor%C3%B8_Airport
Ford Airport,US,US-MI,NA,Kingsford,IMT,KIMT,45.81911,-88.114557,1182.0,yes,medium_airport,no,https://en.wikipedia.org/wiki/Ford_Airport_(Iron_Mountain)
Formosa National Airport,AR,AR-P,SA,Formosa,FMA,SARF,-26.2127,-58.2281,193.0,yes,medium_airport,yes,https://en.wikipedia.org/wiki/Formosa_International_Airport
Forquilhinha - Criciúma  Airport,BR,BR-SC,SA,Criciúma,CCM,SSIM,-28.725743,-49.424475,92.0,no,medium_airport,no,https://en.wikipedia.org/wiki/Diom%C3%ADcio_Freitas_Airport
Fort Albany Airport,CA,CA-ON,NA,Fort Albany,YFA,CYFA,52.203451,-81.695194,48.0,yes,small_airport,no,https://en.wikipedia.org/wiki/Fort_Albany_Airport
Fort Chipewyan Airport,CA,CA-AB,NA,Fort Chipewyan,YPY,CYPY,58.7672004699707,-111.11699676513672,761.0,yes,medium_airport,no,https://en.wikipedia.org/wiki/Fort_Chipewyan_Airport
Fort Frances Municipal Airport,CA,CA-ON,NA,Fort Frances,YAG,CYAG,48.655749,-93.44349,1125.0,yes,medium_airport,no,https://en.wikipedia.org/wiki/Fort_Frances_Municipal_Airport
Fort Good Hope Airport,CA,CA-NT,NA,Fort Good Hope,YGH,CYGH,66.240658,-128.647757,268.0,yes,small_airport,no,https://en.wikipedia.org/wiki/Fort_Good_Hope_Airport
Fort Hope Airport,CA,CA-ON,NA,Fort Hope,YFH,CYFH,51.561901,-87.907799,899.0,yes,small_airport,no,https://en.wikipedia.org/wiki/Fort_Hope_Airport
Fort Lauderdale Hollywood International Airport,US,US-FL,NA,Fort Lauderdale,FLL,KFLL,26.072599,-80.152702,9.0,yes,large_airport,yes,https://en.wikipedia.org/wiki/Fort_Lauderdale–Hollywood_International_Airport
Fort McMurray International Airport,CA,CA-AB,NA,Fort McMurray,YMM,CYMM,56.653301,-111.222,1211.0,yes,medium_airport,no,https://en.wikipedia.org/wiki/Fort_McMurray_Airport
Fort Mcpherson Airport,CA,CA-NT,NA,Fort Mcpherson,ZFM,CZFM,67.406993,-134.860182,116.0,yes,small_airport,no,https://en.wikipedia.org/wiki/Fort_McPherson_Airport
Fort Nelson Airport,CA,CA-BC,NA,Fort Nelson,YYE,CYYE,58.8363990784,-122.597000122,1253.0,yes,medium_airport,no,https://en.wikipedia.org/wiki/Fort_Nelson_Airport
Fort Severn Airport,CA,CA-ON,NA,Fort Severn,YER,CYER,56.018902,-87.676102,48.0,yes,small_airport,no,https://en.wikipedia.org/wiki/Fort_Severn_Airport
Fort Simpson Airport,CA,CA-NT,NA,Fort Simpson,YFS,CYFS,61.76020050048828,-121.23699951171876,555.0,yes,medium_airport,no,https://en.wikipedia.org/wiki/Fort_Simpson_Airport
Fort Smith Airport,CA,CA-NT,NA,Fort Smith,YSM,CYSM,60.020302,-111.961998,671.0,yes,medium_airport,no,https://en.wikipedia.org/wiki/Fort_Smith_Airport
Fort Smith Regional Airport,US,US-AR,NA,Fort Smith,FSM,KFSM,35.336601,-94.367401,469.0,yes,medium_airport,no,https://en.wikipedia.org/wiki/Fort_Smith_Regional_Airport
Fort St John / North Peace Regional Airport,CA,CA-BC,NA,Fort Saint John,YXJ,CYXJ,56.238098,-120.739998,2280.0,yes,medium_airport,no,https://en.wikipedia.org/wiki/Fort_St._John_Airport
Fort Wayne International Airport,US,US-IN,NA,Fort Wayne,FWA,KFWA,40.978896,-85.194465,814.0,yes,medium_airport,no,https://en.wikipedia.org/wiki/Fort_Wayne_International_Airport
Fort Yukon Airport,US,US-AK,NA,Fort Yukon,FYU,PFYU,66.571651,-145.249987,433.0,yes,medium_airport,no,https://en.wikipedia.org/wiki/Fort_Yukon_Airport
Foshan Shadi Airport,CN,CN-44,AS,Foshan (Nanhai),FUO,ZGFS,23.0825,113.070833,6.0,yes,medium_airport,no,https://en.wikipedia.org/wiki/Foshan_Shadi_Airport
Four Corners Regional Airport,US,US-NM,NA,Farmington,FMN,KFMN,36.741199,-108.230003,5506.0,no,medium_airport,no,https://en.wikipedia.org/wiki/Four_Corners_Regional_Airport
Francisco B. Reyes (Busuanga) Airport,PH,PH-PLW,AS,Coron,USU,RPVV,12.121865,120.100801,148.0,yes,medium_airport,no,https://en.wikipedia.org/wiki/Busuanga_Airport
Francisco Bangoy International Airport,PH,PH-DVO,AS,Davao,DVO,RPMD,7.12552,125.646004,96.0,yes,large_airport,yes,https://en.wikipedia.org/wiki/Francisco_Bangoy_International_Airport
Francisco Carle Airport,PE,PE-JUN,SA,Jauja,JAU,SPJJ,-11.7831001282,-75.47339630130001,11034.0,yes,medium_airport,no,https://en.wikipedia.org/wiki/Francisco_Carle_Airport
Francisco De Orellana Airport,EC,EC-D,SA,Coca,OCC,SECO,-0.462886,-76.986801,834.0,yes,medium_airport,no,https://en.wikipedia.org/wiki/Francisco_de_Orellana_Airport
Francisco Sarabia Tinoco International Airport,MX,MX-COA,NA,Torreón,TRC,MMTC,25.562265,-103.404608,3688.0,yes,medium_airport,yes,https://en.wikipedia.org/wiki/Francisco_Sarabia_International_Airport
Francisco de Sá Carneiro Airport,PT,PT-13,EU,Porto,OPO,LPPR,41.2481002808,-8.68138980865,228.0,yes,large_airport,yes,https://en.wikipedia.org/wiki/Francisco_S%C3%A1_Carneiro_Airport
Frank Miloye Milenkowichi–Marília State Airport,BR,BR-SP,SA,Marília,MII,SBML,-22.196899,-49.926485,2134.0,yes,medium_airport,no,https://en.wikipedia.org/wiki/Mar%C3%ADlia_Airport
Frank Pais International Airport,CU,CU-11,NA,Holguin,HOG,MUHG,20.785148,-76.315526,361.0,yes,large_airport,yes,https://en.wikipedia.org/wiki/Frank_Pa%C3%ADs_Airport
Frankfurt Main Airport,DE,DE-HE,EU,Frankfurt am Main,FRA,EDDF,50.026706,8.55835,364.0,yes,large_airport,yes,https://en.wikipedia.org/wiki/Frankfurt_Airport
Frankfurt-Hahn Airport,DE,DE-RP,EU,Frankfurt am Main (Lautzenhausen),HHN,EDFH,49.946353,7.261734,1649.0,yes,large_airport,no,https://en.wikipedia.org/wiki/Frankfurt-Hahn_Airport
Frans Kaisiepo Airport,ID,ID-PA,AS,Biak,BIK,WABB,-1.19002,136.108002,46.0,yes,medium_airport,no,https://en.wikipedia.org/wiki/Frans_Kaisiepo_Airport
Frans Xavier Seda Airport,ID,ID-NT,AS,Waioti,MOF,WATC,-8.639514,122.238135,115.0,yes,small_airport,no,https://en.wikipedia.org/wiki/Frans_Xavier_Seda_Airport
Frederick Douglass Greater Rochester International Airport,US,US-NY,NA,Rochester,ROC,KROC,43.1189,-77.672401,559.0,yes,large_airport,yes,https://en.wikipedia.org/wiki/Greater_Rochester_International_Airport
Frederick W. Smith International Airport,US,US-TN,NA,Memphis,MEM,KMEM,35.043845,-89.97634,341.0,yes,large_airport,yes,https://en.wikipedia.org/wiki/Memphis_International_Airport
Fredericton International Airport,CA,CA-NB,NA,Fredericton,YFC,CYFC,45.868697,-66.529891,68.0,yes,medium_airport,yes,https://en.wikipedia.org/wiki/Greater_Fredericton_Airport
Fresno Yosemite International Airport,US,US-CA,NA,Fresno,FAT,KFAT,36.775767,-119.718018,336.0,yes,large_airport,yes,https://en.wikipedia.org/wiki/Fresno_Yosemite_International_Airport
Friday Harbor Airport,US,US-WA,NA,Friday Harbor,FRD,KFHR,48.523654,-123.024645,113.0,yes,medium_airport,no,https://en.wikipedia.org/wiki/Friday_Harbor_Airport
Friday Harbor Seaplane Base,US,US-WA,NA,Friday Harbor,FBS,,48.5373,-123.010002,,yes,seaplane_base,no,https://en.wikipedia.org/wiki/Friday_Harbor_Seaplane_Base
Fua'amotu International Airport,TO,TO-04,OC,Nuku'alofa,TBU,NFTF,-21.241438,-175.149164,126.0,yes,large_airport,yes,https://en.wikipedia.org/wiki/Fua'amotu_International_Airport
Fuerteventura Airport,ES,ES-CN,AF,El Matorral,FUE,GCFV,28.4527,-13.8638,85.0,yes,large_airport,yes,https://en.wikipedia.org/wiki/Fuerteventura_Airport
Fujairah International Airport,AE,AE-FU,AS,Fujairah,FJR,OMFJ,25.108411,56.328061,152.0,yes,large_airport,no,https://en.wikipedia.org/wiki/Fujairah_International_Airport
Fukue Airport,JP,JP-42,AS,Goto,FUJ,RJFE,32.666302,128.832993,273.0,yes,medium_airport,no,https://en.wikipedia.org/wiki/Fukue_Airport
Fukuoka Airport,JP,JP-40,AS,Fukuoka,FUK,RJFF,33.585899353027344,130.4510040283203,32.0,yes,large_airport,yes,https://en.wikipedia.org/wiki/Fukuoka_Airport
Fukushima Airport,JP,JP-07,AS,Sukagawa,FKS,RJSF,37.22740173339844,140.43099975585938,1221.0,yes,medium_airport,no,https://en.wikipedia.org/wiki/Fukushima_Airport
Funafuti International Airport,TV,TV-FUN,OC,Funafuti,FUN,NGFU,-8.523885,179.196976,9.0,yes,medium_airport,yes,https://en.wikipedia.org/wiki/Funafuti_International_Airport
Futuna Airport,VU,VU-TAE,OC,Futuna Island,FTA,NVVF,-19.5163993835,170.231994629,95.0,yes,small_airport,no,https://en.wikipedia.org/wiki/Futuna_Airport
Fuvahmulah Airport,MV,MV-29,AS,Fuvahmulah Island,FVM,,-0.309722,73.435,17.0,no,small_airport,no,https://en.wikipedia.org/wiki/Fuvahmulah_Airport
Fuyang Xiguan Airport,CN,CN-34,AS,"Yingzhou, Fuyang",FUG,ZSFY,32.882157,115.734364,104.0,yes,medium_airport,no,https://en.wikipedia.org/wiki/Fuyang_Xiguan_Airport
Fuzhou Changle International Airport,CN,CN-35,AS,Fuzhou (Changle),FOC,ZSFZ,25.929254,119.672524,46.0,yes,large_airport,yes,https://en.wikipedia.org/wiki/Fuzhou_Changle_International_Airport
Félix-Houphouët-Boigny International Airport,CI,CI-AB,AF,Abidjan,ABJ,DIAP,5.26139,-3.92629,21.0,yes,large_airport,yes,https://en.wikipedia.org/wiki/F%C3%A9lix-Houphou%C3%ABt-Boigny_International_Airport
"Førde Airport, Bringeland",NO,NO-46,EU,Førde,FDE,ENBL,61.391102,5.75694,1046.0,yes,small_airport,no,https://en.wikipedia.org/wiki/F%C3%B8rde_Airport%2C_Bringeland
Gabala International Airport,AZ,AZ-QAB,AS,Gabala,GBB,UBBQ,40.808617,47.725389,935.0,yes,medium_airport,yes,https://en.wikipedia.org/wiki/Gabala_Airport
Gabès Matmata International Airport,TN,TN-81,AF,Gabès,GAE,DTTG,33.733691,9.91941,407.0,no,medium_airport,no,https://en.wikipedia.org/wiki/Gab%C3%A8s_-_Matmata_International_Airport
Gachsaran Airport,IR,IR-17,AS,Gachsaran,GCH,OIAH,30.333869,50.833796,2414.0,yes,medium_airport,no,https://en.wikipedia.org/wiki/Gachsaran_Airport
Gafsa Ksar International Airport,TN,TN-71,AF,Gafsa,GAF,DTTF,34.422001,8.8225,1060.0,no,medium_airport,no,https://en.wikipedia.org/wiki/Gafsa_-_Ksar_International_Airport
Gainesville Regional Airport,US,US-FL,NA,Gainesville,GNV,KGNV,29.6900997162,-82.2717971802,152.0,yes,medium_airport,no,https://en.wikipedia.org/wiki/Gainesville_Regional_Airport
Galcaio Airport,SO,SO-MU,AF,Galcaio,GLK,HCMR,6.78082990646,47.45470047,975.0,yes,small_airport,yes,https://en.wikipedia.org/wiki/Galkacyo_Airport
Gambela Airport,ET,ET-GA,AF,Gambela,GMB,HAGM,8.12876,34.563099,1614.0,yes,medium_airport,no,https://en.wikipedia.org/wiki/Gambela_Airport
Gambell Airport,US,US-AK,NA,Gambell,GAM,PAGM,63.767694,-171.733303,27.0,yes,medium_airport,no,https://en.wikipedia.org/wiki/Gambell_Airport
Gan International Airport,MV,MV-01,AS,Gan,GAN,VRMG,-0.692975,73.152627,6.0,yes,large_airport,yes,https://en.wikipedia.org/wiki/Gan_International_Airport
Gander International Airport,CA,CA-NL,NA,Gander,YQX,CYQX,48.936258,-54.567719,496.0,yes,medium_airport,yes,https://en.wikipedia.org/wiki/Gander_International_Airport
Gannan Xiahe Airport,CN,CN-62,AS,Gannan (Xiahe),GXH,ZLXH,34.819014,102.622261,10510.0,yes,medium_airport,no,https://en.wikipedia.org/wiki/Gannan_Xiahe_Airport
Ganzhou Huangjin Airport,CN,CN-36,AS,Ganzhou,KOW,ZSGZ,25.853333,114.778889,387.0,yes,small_airport,yes,https://en.wikipedia.org/wiki/Ganzhou_Huangjin_Airport
Garachiné Airport,PA,PA-5,SA,Garachiné,GHE,,8.0644,-78.3673,42.0,no,small_airport,no,https://en.wikipedia.org/wiki/Garachin%C3%A9_Airport
Garden City Regional Airport,US,US-KS,NA,Garden City,GCK,KGCK,37.9275016785,-100.723999023,2891.0,yes,medium_airport,no,https://en.wikipedia.org/wiki/Garden_City_Regional_Airport
Garoua International Airport,CM,CM-NO,AF,Garoua,GOU,FKKR,9.334785,13.372129,794.0,yes,large_airport,no,https://en.wikipedia.org/wiki/Garoua_International_Airport
Gaua Island Airport,VU,VU-TOB,OC,Gaua Island,ZGU,NVSQ,-14.2181,167.587006,100.0,no,medium_airport,no,https://en.wikipedia.org/wiki/Gaua_Airport
Gautam Buddha International Airport,NP,NP-P5,AS,Siddharthanagar (Bhairahawa),BWA,VNBW,27.504636,83.410381,358.0,yes,large_airport,yes,https://en.wikipedia.org/wiki/Gautam_Buddha_International_Airport
Gaziantep Oğuzeli International Airport,TR,TR-27,AS,Gaziantep,GZT,LTAJ,36.947201,37.478699,2315.0,yes,large_airport,yes,https://en.wikipedia.org/wiki/O%C4%9Fuzeli_Airport
Gazipaşa-Alanya Airport,TR,TR-07,AS,Gazipaşa,GZP,LTFG,36.298832,32.297017,92.0,yes,medium_airport,yes,https://en.wikipedia.org/wiki/Gazipa%C5%9Fa_Airport
Gdańsk Lech Wałęsa Airport,PL,PL-PM,EU,Gdańsk,GDN,EPGD,54.377602,18.4662,489.0,yes,large_airport,yes,https://en.wikipedia.org/wiki/Gda%C5%84sk_Lech_Wa%C5%82%C4%99sa_Airport
Gelendzhik Airport,RU,RU-KDA,EU,Gelendzhik,GDZ,URKG,44.5820926295,38.0124807358,98.0,yes,medium_airport,no,https://en.wikipedia.org/wiki/Gelendzhik_Airport
Gemena Airport,CD,CD-SU,AF,Gemena,GMA,FZFK,3.23537,19.771299,1378.0,yes,medium_airport,no,https://en.wikipedia.org/wiki/Gemena_Airport
Geneina Airport,SD,SD-12,AF,Geneina,EGN,HSGN,13.481882,22.467119,2651.0,no,small_airport,no,https://en.wikipedia.org/wiki/Geneina_Airport
General Abelardo L. Rodriguez International Airport,MX,MX-BCN,NA,Tijuana,TIJ,MMTJ,32.541043,-116.969976,489.0,yes,large_airport,yes,https://en.wikipedia.org/wiki/General_Abelardo_L._Rodr%C3%ADguez_International_Airport
General Bartolome Salom International Airport,VE,VE-G,SA,Puerto Cabello,PBL,SVPC,10.4805,-68.072998,32.0,no,medium_airport,no,https://en.wikipedia.org/wiki/General_Bartolom%C3%A9_Salom_Airport
General Enrique Mosconi International Airport,AR,AR-U,SA,Comodoro Rivadavia,CRD,SAVC,-45.786941,-67.463355,189.0,yes,large_airport,yes,https://en.wikipedia.org/wiki/General_Enrique_Mosconi_International_Airport
General Francisco J. Mujica International Airport,MX,MX-MIC,NA,Morelia,MLM,MMMM,19.849899,-101.025002,6033.0,yes,large_airport,yes,https://en.wikipedia.org/wiki/General_Francisco_J._Mujica_International_Airport
General Francisco Javier Mina International Airport,MX,MX-TAM,NA,Ciudad Madero,TAM,MMTM,22.292622,-97.867058,80.0,yes,medium_airport,yes,https://en.wikipedia.org/wiki/General_Francisco_Javier_Mina_International_Airport
General Guadalupe Victoria International Airport,MX,MX-DUR,NA,Durango,DGO,MMDO,24.125468,-104.527938,6104.0,yes,medium_airport,yes,https://en.wikipedia.org/wiki/General_Guadalupe_Victoria_International_Airport
General Heriberto Jara International Airport,MX,MX-VER,NA,Veracruz,VER,MMVR,19.139589,-96.188602,90.0,yes,large_airport,yes,https://en.wikipedia.org/wiki/General_Heriberto_Jara_International_Airport
General Ignacio L. Pesqueira International Airport,MX,MX-SON,NA,Hermosillo,HMO,MMHO,29.092811,-111.053015,627.0,yes,large_airport,yes,https://en.wikipedia.org/wiki/Hermosillo_International_Airport
General José Antonio Anzoategui International Airport,VE,VE-B,SA,Barcelona,BLA,SVBC,10.111111,-64.692222,30.0,yes,large_airport,no,https://en.wikipedia.org/wiki/General_Jos%C3%A9_Antonio_Anzo%C3%A1tegui_International_Airport
General Juan N. Álvarez International Airport,MX,MX-GRO,NA,Acapulco,ACA,MMAA,16.757126,-99.753113,16.0,yes,large_airport,yes,https://en.wikipedia.org/wiki/Acapulco_International_Airport
General Leite de Castro Airport,BR,BR-GO,SA,Rio Verde,RVD,SWLC,-17.834723,-50.956112,2464.0,no,small_airport,no,https://en.wikipedia.org/wiki/Rio_Verde_Airport
General Leobardo C. Ruiz International Airport,MX,MX-ZAC,NA,Zacatecas,ZCL,MMZC,22.894942,-102.687154,7141.0,yes,medium_airport,yes,https://en.wikipedia.org/wiki/General_Leobardo_C._Ruiz_International_Airport
General Lucio Blanco International Airport,MX,MX-TAM,NA,Reynosa,REX,MMRX,26.0089,-98.2285,139.0,yes,medium_airport,yes,https://en.wikipedia.org/wiki/General_Lucio_Blanco_International_Airport
General Manuel Carlos Piar International Airport,VE,VE-F,SA,Guyana City,PZO,SVPR,8.28853,-62.760399,472.0,yes,large_airport,no,https://en.wikipedia.org/wiki/Manuel_Carlos_Piar_Guayana_Airport
General Mitchell International Airport,US,US-WI,NA,Milwaukee,MKE,KMKE,42.947201,-87.896599,723.0,yes,large_airport,yes,https://en.wikipedia.org/wiki/General_Mitchell_International_Airport
General Pedro Jose Mendez International Airport,MX,MX-TAM,NA,Ciudad Victoria,CVM,MMCV,23.7033,-98.956497,761.0,yes,medium_airport,no,https://en.wikipedia.org/wiki/General_Pedro_J._M%C3%A9ndez_International_Airport
General Rafael Buelna International Airport,MX,MX-SIN,NA,Mazatlàn,MZT,MMMZ,23.162823,-106.264517,38.0,yes,large_airport,yes,https://en.wikipedia.org/wiki/Mazatl%C3%A1n_International_Airport
General Roberto Fierro Villalobos International Airport,MX,MX-CHH,NA,Chihuahua,CUU,MMCU,28.702649,-105.963764,4462.0,yes,large_airport,yes,https://en.wikipedia.org/wiki/Chihuahua_International_Airport
General Rodolfo Sánchez Taboada International Airport,MX,MX-BCN,NA,Mexicali,MXL,MMML,32.630629,-115.242805,74.0,yes,medium_airport,yes,https://en.wikipedia.org/wiki/General_Rodolfo_S%C3%A1nchez_Taboada_International_Airport
General Santos International Airport,PH,PH-SCO,AS,General Santos,GES,RPMR,6.057208,125.096243,505.0,yes,large_airport,yes,https://en.wikipedia.org/wiki/General_Santos_International_Airport
General Servando Canales International Airport,MX,MX-TAM,NA,Matamoros,MAM,MMMA,25.7698993683,-97.5252990723,25.0,yes,medium_airport,no,https://en.wikipedia.org/wiki/General_Servando_Canales_International_Airport
General Tunde Idiagbon International Airport,NG,NG-KW,AF,Ilorin/Ogbomosho,ILR,DNIL,8.44021,4.49392,1126.0,yes,large_airport,no,https://en.wikipedia.org/wiki/Ilorin_International_Airport
General Urquiza Airport,AR,AR-E,SA,Parana,PRA,SAAP,-31.7948,-60.4804,242.0,yes,medium_airport,no,https://en.wikipedia.org/wiki/General_Urquiza_Airport
General Wayne A. Downing Peoria International Airport,US,US-IL,NA,Peoria,PIA,KPIA,40.663841,-89.692631,660.0,yes,medium_airport,no,https://en.wikipedia.org/wiki/General_Wayne_A._Downing_Peoria_International_Airport
Geneva International Airport,CH,CH-GE,EU,Geneva,GVA,LSGG,46.238098,6.10895,1411.0,yes,large_airport,yes,https://en.wikipedia.org/wiki/Geneva_Airport
Genoa Cristoforo Colombo Airport,IT,IT-42,EU,Genova (GE),GOA,LIMJ,44.412039,8.840732,13.0,yes,large_airport,yes,https://en.wikipedia.org/wiki/Genoa_Cristoforo_Colombo_Airport
George Airport,ZA,ZA-WC,AF,George,GRJ,FAGG,-34.0056,22.378902,648.0,yes,large_airport,no,https://en.wikipedia.org/wiki/George_Airport
George Best Belfast City Airport,GB,GB-NIR,EU,Belfast,BHD,EGAC,54.618099,-5.8725,15.0,yes,medium_airport,no,https://en.wikipedia.org/wiki/George_Best_Belfast_City_Airport
George Bush Intercontinental Airport,US,US-TX,NA,Houston,IAH,KIAH,29.9844,-95.3414,97.0,yes,large_airport,yes,https://en.wikipedia.org/wiki/George_Bush_Intercontinental_Airport
George F. L. Charles Airport,LC,LC-02,NA,Castries,SLU,TLPC,14.0202,-60.992901,22.0,yes,medium_airport,no,https://en.wikipedia.org/wiki/George_F._L._Charles_Airport
Gerad Wilwal International Airport,ET,ET-SO,AF,Jijiga,JIJ,HAJJ,9.331907,42.911811,5954.0,yes,large_airport,no,https://en.wikipedia.org/wiki/Jijiga_Airport
Gerald R. Ford International Airport,US,US-MI,NA,Grand Rapids,GRR,KGRR,42.880798,-85.522797,794.0,yes,large_airport,yes,https://en.wikipedia.org/wiki/Gerald_R._Ford_International_Airport
Geraldton Airport,AU,AU-WA,OC,Moonyoonooka,GET,YGEL,-28.796101,114.707001,121.0,yes,medium_airport,no,https://en.wikipedia.org/wiki/Geraldton_Airport
Gerardo Tobar López Airport,CO,CO-VAC,SA,Buenaventura,BUN,SKBU,3.81963,-76.9898,48.0,yes,medium_airport,yes,https://en.wikipedia.org/wiki/Gerardo_Tobar_L%C3%B3pez_Airport
German Olano Airport,CO,CO-VID,SA,Puerto Carreño,PCR,SKPC,6.18472,-67.4932,177.0,yes,medium_airport,no,https://en.wikipedia.org/wiki/Germ%C3%A1n_Olano_Airport
Ghriss Airport,DZ,DZ-29,AF,Ghriss,MUW,DAOV,35.207699,0.147142,1686.0,no,medium_airport,no,https://en.wikipedia.org/wiki/Ghriss_Airport
Gibraltar Airport,GI,GI-U-A,EU,Gibraltar,GIB,LXGB,36.151679,-5.34978,12.0,yes,large_airport,yes,https://en.wikipedia.org/wiki/Gibraltar_Airport
Gilgit Airport,PK,PK-GB,AS,Gilgit,GIL,OPGT,35.918800354003906,74.33360290527344,4796.0,yes,medium_airport,no,https://en.wikipedia.org/wiki/Gilgit_Airport
Gillam Airport,CA,CA-MB,NA,Gillam,YGX,CYGX,56.35712,-94.711504,476.0,yes,small_airport,no,https://en.wikipedia.org/wiki/Gillam_Airport
Gimhae International Airport,KR,KR-26,AS,Busan,PUS,RKPK,35.179501,128.938004,6.0,yes,large_airport,yes,https://en.wikipedia.org/wiki/Gimhae_International_Airport
Girona-Costa Brava Airport,ES,ES-CT,EU,Girona,GRO,LEGE,41.904639,2.761774,468.0,yes,large_airport,yes,https://en.wikipedia.org/wiki/Girona-Costa_Brava_Airport
Girua Airport,PG,PG-NPP,OC,Popondetta,PNP,AYGR,-8.80453968048,148.309005737,311.0,yes,medium_airport,no,https://en.wikipedia.org/wiki/Girua_Airport
Gisborne Airport,NZ,NZ-GIS,OC,Gisborne,GIS,NZGS,-38.6633,177.977997,15.0,yes,medium_airport,no,https://en.wikipedia.org/wiki/Gisborne_Airport
Gjoa Haven Airport,CA,CA-NU,NA,Gjoa Haven,YHK,CYHK,68.635597,-95.849701,152.0,yes,small_airport,no,https://en.wikipedia.org/wiki/Gjoa_Haven_Airport
Glacier Park International Airport,US,US-MT,NA,Kalispell,FCA,KGPI,48.310501,-114.255997,2977.0,yes,medium_airport,no,https://en.wikipedia.org/wiki/Glacier_Park_International_Airport
Gladstone Airport,AU,AU-QLD,OC,Gladstone,GLT,YGLA,-23.869763,151.225439,64.0,yes,medium_airport,no,https://en.wikipedia.org/wiki/Gladstone_Airport_(Australia)
Glasgow Airport,GB,GB-SCT,EU,Glasgow,GLA,EGPF,55.871899,-4.43306,26.0,yes,large_airport,yes,https://en.wikipedia.org/wiki/Glasgow_International_Airport
Glasgow Prestwick Airport,GB,GB-SCT,EU,"Prestwick, South Ayrshire",PIK,EGPK,55.501499,-4.577182,65.0,yes,large_airport,no,https://en.wikipedia.org/wiki/Glasgow_Prestwick_International_Airport
Glasgow Valley County Airport Wokal Field,US,US-MT,NA,Glasgow,GGW,KGGW,48.212502,-106.614998,2296.0,yes,medium_airport,no,https://en.wikipedia.org/wiki/Glasgow_Airport_(US)
Glauber de Andrade Rocha Airport,BR,BR-BA,SA,Vitória da Conquista,VDC,SBVC,-14.907885,-40.914804,2940.0,yes,medium_airport,no,https://en.wikipedia.org/wiki/Glauber_Rocha_Airport
Gloucestershire Airport,GB,GB-ENG,EU,"Staverton, Gloucestershire",GLO,EGBJ,51.894199,-2.16722,101.0,no,medium_airport,no,https://en.wikipedia.org/wiki/Gloucestershire_Airport
Goa Dabolim International Airport,IN,IN-GA,AS,Vasco da Gama,GOI,VOGO,15.380062,73.833328,150.0,yes,large_airport,yes,https://en.wikipedia.org/wiki/Dabolim_Airport
Gobernador Castello Airport,AR,AR-R,SA,Viedma / Carmen de Patagones,VDM,SAVV,-40.8692,-63.0004,20.0,yes,medium_airport,no,https://en.wikipedia.org/wiki/Gobernador_Edgardo_Castello_Airport
Gobernador Horacio Guzman International Airport,AR,AR-Y,SA,San Salvador de Jujuy,JUJ,SASJ,-24.392799,-65.097801,3019.0,yes,large_airport,yes,https://en.wikipedia.org/wiki/Gobernador_Horacio_Guzm%C3%A1n_International_Airport
Gobernador Ramón Trejo Noel International Airport,AR,AR-V,SA,Rio Grande,RGA,SAWE,-53.7777,-67.7494,65.0,yes,medium_airport,yes,https://en.wikipedia.org/wiki/Hermes_Quijada_Airport
Gode Airport,ET,ET-SO,AF,Gode,GDE,HAGO,5.93513011932,43.5786018372,834.0,yes,medium_airport,no,https://en.wikipedia.org/wiki/Gode_Airport
Godofredo P. Ramos Airport,PH,PH-AKL,AS,Caticlan,MPH,RPVE,11.9245,121.954002,7.0,yes,medium_airport,no,https://en.wikipedia.org/wiki/Godofredo_P._Ramos_Airport
Gold Coast Airport,AU,AU-QLD,OC,Gold Coast,OOL,YBCG,-28.165962,153.506641,21.0,yes,large_airport,yes,https://en.wikipedia.org/wiki/Gold_Coast_Airport
Golden Ring Yaroslavl International Airport,RU,RU-YAR,EU,Tunoshna,IAR,UUDL,57.560699,40.157398,287.0,yes,large_airport,yes,https://en.wikipedia.org/wiki/Tunoshna
Golden Triangle Regional Airport,US,US-MS,NA,Columbus/W Point/Starkville,GTR,KGTR,33.450298,-88.5914,264.0,yes,medium_airport,no,https://en.wikipedia.org/wiki/Golden_Triangle_Regional_Airport
Golfito Airport,CR,CR-P,NA,Golfito,GLF,MRGF,8.65401,-83.182198,49.0,yes,medium_airport,no,https://en.wikipedia.org/wiki/Golfito_Airport
Golmud Airport,CN,CN-63,AS,Golmud,GOQ,ZLGM,36.4006,94.786102,9334.0,yes,medium_airport,no,https://en.wikipedia.org/wiki/Golmud_Airport
Golosón International Airport,HN,HN-AT,NA,La Ceiba,LCE,MHLC,15.7425,-86.852997,39.0,yes,medium_airport,yes,https://en.wikipedia.org/wiki/Golos%C3%B3n_International_Airport
Golovin Airport,US,US-AK,NA,Golovin,GLV,PAGL,64.550499,-163.007004,59.0,yes,small_airport,no,https://en.wikipedia.org/wiki/Golovin_Airport
Goma International Airport,CD,CD-NK,AF,Goma,GOM,FZNA,-1.666758,29.238037,5089.0,yes,large_airport,yes,https://en.wikipedia.org/wiki/Goma_International_Airport
Gombe Lawanti International Airport,NG,NG-GO,AF,Gombe,GMO,DNGO,10.298889,10.9,1590.0,yes,medium_airport,no,https://en.wikipedia.org/wiki/Gombe_Lawanti_International_Airport
Gondar Airport,ET,ET-AM,AF,Azezo,GDQ,HAGN,12.5199,37.433998,6449.0,yes,medium_airport,no,https://en.wikipedia.org/wiki/Gondar_Airport
Goodnews Airport,US,US-AK,NA,Goodnews,GNU,,59.117561,-161.575241,15.0,yes,small_airport,no,https://en.wikipedia.org/wiki/Goodnews_Airport
Goose Bay Airport,CA,CA-NL,NA,Goose Bay,YYR,CYYR,53.3191986084,-60.4258003235,160.0,yes,medium_airport,no,https://en.wikipedia.org/wiki/CFB_Goose_Bay
Gorakhpur Airport,IN,IN-UP,AS,Gorakhpur,GOP,VEGK,26.739700317399997,83.4496994019,259.0,yes,medium_airport,no,https://en.wikipedia.org/wiki/Gorakhpur_Airport
Gorgan Airport,IR,IR-27,AS,Gorgan,GBT,OING,36.9094009399,54.4012985229,-24.0,no,medium_airport,yes,https://en.wikipedia.org/wiki/Gorgan_Airport
Gorno-Altaysk Airport,RU,RU-AL,EU,Gorno-Altaysk,RGK,UNBG,51.969204,85.836539,965.0,no,medium_airport,no,https://en.wikipedia.org/wiki/Gorno-Altaysk_Airport
Goroka Airport,PG,PG-EHG,OC,Goronka,GKA,AYGA,-6.081689834590001,145.391998291,5282.0,yes,medium_airport,no,https://en.wikipedia.org/wiki/Goroka_Airport
Gove Airport,AU,AU-NT,OC,Nhulunbuy,GOV,YPGV,-12.269399642899998,136.817993164,192.0,yes,medium_airport,no,https://en.wikipedia.org/wiki/Gove_Airport
Governador Jorge Teixeira de Oliveira International Airport,BR,BR-RO,SA,Porto Velho,PVH,SBPV,-8.708491,-63.902338,295.0,yes,large_airport,yes,https://en.wikipedia.org/wiki/Governador_Jorge_Teixeira_de_Oliveira_International_Airport
Governor Francisco Gabrielli International Airport,AR,AR-M,SA,Mendoza,MDZ,SAME,-32.831699,-68.7929,2310.0,yes,large_airport,yes,https://en.wikipedia.org/wiki/Governor_Francisco_Gabrielli_International_Airport
Governor José Richa Airport,BR,BR-PR,SA,Londrina,LDB,SBLO,-23.334375,-51.128365,1867.0,yes,medium_airport,no,https://en.wikipedia.org/wiki/Londrina_Airport
Governor's Harbour Airport,BS,BS-CE,NA,Governor's Harbour,GHB,MYEM,25.2847,-76.331001,26.0,yes,medium_airport,no,https://en.wikipedia.org/wiki/Governor's_Harbour_Airport
Graciosa Airport,PT,PT-20,EU,Santa Cruz da Graciosa,GRW,LPGR,39.09220123291016,-28.029800415039062,86.0,yes,medium_airport,no,https://en.wikipedia.org/wiki/Graciosa_Airport
Gran Canaria Airport,ES,ES-CN,AF,Gran Canaria Island,LPA,GCLP,27.9319,-15.3866,78.0,yes,large_airport,yes,https://en.wikipedia.org/wiki/Gran_Canaria_Airport
Grand Bahama International Airport,BS,BS-FP,NA,Freeport,FPO,MYGF,26.557996,-78.695583,7.0,yes,large_airport,yes,https://en.wikipedia.org/wiki/Grand_Bahama_International_Airport
Grand Canyon National Park Airport,US,US-AZ,NA,Grand Canyon - Tusayan,GCN,KGCN,35.9524,-112.147003,6609.0,yes,medium_airport,no,https://en.wikipedia.org/wiki/Grand_Canyon_National_Park_Airport
Grand Canyon West Airport,US,US-AZ,NA,Peach Springs,GCW,,35.985787,-113.817072,4825.0,no,small_airport,no,https://en.wikipedia.org/wiki/Grand_Canyon_West_Airport
Grand Case-l'Espérance Airport,MF,MF-U-A,NA,Grand Case,SFG,TFFG,18.100057,-63.047444,7.0,yes,medium_airport,no,https://en.wikipedia.org/wiki/Grand_Case-Esp%C3%A9rance_Airport
Grand Forks International Airport,US,US-ND,NA,Grand Forks,GFK,KGFK,47.949299,-97.176102,845.0,yes,medium_airport,no,https://en.wikipedia.org/wiki/Grand_Forks_International_Airport
Grand Junction Regional Airport,US,US-CO,NA,Grand Junction,GJT,KGJT,39.126663,-108.529387,4858.0,yes,medium_airport,no,https://en.wikipedia.org/wiki/Grand_Junction_Regional_Airport
Grande Prairie Airport,CA,CA-AB,NA,Grande Prairie,YQU,CYQU,55.1796989441,-118.885002136,2195.0,yes,medium_airport,no,https://en.wikipedia.org/wiki/Grande_Prairie_Airport
Grant County Airport,US,US-NM,NA,Silver City,SVC,KSVC,32.636701,-108.154736,5446.0,yes,medium_airport,no,https://en.wikipedia.org/wiki/Grant_County_Airport_(New_Mexico)
Grantley Adams International Airport,BB,BB-01,NA,Bridgetown,BGI,TBPB,13.074667,-59.491034,169.0,yes,large_airport,yes,https://en.wikipedia.org/wiki/Grantley_Adams_International_Airport
Grayling Airport,US,US-AK,NA,Grayling,KGX,PAGX,62.895187,-160.066289,99.0,yes,small_airport,no,https://en.wikipedia.org/wiki/Grayling_Airport
Graz Airport,AT,AT-6,EU,Feldkirchen bei Graz,GRZ,LOWG,46.9911,15.4396,1115.0,yes,large_airport,yes,https://en.wikipedia.org/wiki/Graz_Airport
Great Falls International Airport,US,US-MT,NA,Great Falls,GTF,KGTF,47.481998,-111.371002,3680.0,yes,medium_airport,no,https://en.wikipedia.org/wiki/Great_Falls_International_Airport
Greater Binghamton/Edwin A Link field,US,US-NY,NA,Binghamton,BGM,KBGM,42.20869827,-75.97979736,1636.0,yes,medium_airport,no,https://en.wikipedia.org/wiki/Greater_Binghamton_Airport
Greater Moncton Roméo LeBlanc International Airport,CA,CA-NB,NA,Moncton,YQM,CYQM,46.113189,-64.67719,232.0,yes,medium_airport,yes,https://en.wikipedia.org/wiki/Greater_Moncton_International_Airport
Greenbrier Valley Airport,US,US-WV,NA,Lewisburg,LWB,KLWB,37.857914,-80.400438,2302.0,yes,medium_airport,no,https://en.wikipedia.org/wiki/Greenbrier_Valley_Airport
Greenville-Spartanburg International Airport,US,US-SC,NA,Greenville/Greer/Spartanburg,GSP,KGSP,34.895699,-82.218903,964.0,yes,medium_airport,yes,https://en.wikipedia.org/wiki/Greenville-Spartanburg_International_Airport
Gregorio Luperon International Airport,DO,DO-18,NA,Puerto Plata,POP,MDPP,19.7579,-70.57,15.0,yes,medium_airport,yes,https://en.wikipedia.org/wiki/Gregorio_Luper%C3%B3n_International_Airport
Griffith Airport,AU,AU-NSW,OC,Griffith,GFF,YGTH,-34.2508010864,146.067001343,439.0,yes,medium_airport,no,https://en.wikipedia.org/wiki/Griffith_Airport
Grise Fiord Airport,CA,CA-NU,NA,Grise Fiord,YGZ,CYGZ,76.425823,-82.908583,146.0,yes,small_airport,no,https://en.wikipedia.org/wiki/Grise_Fiord_Airport
Groningen Airport Eelde,NL,NL-DR,EU,Groningen,GRQ,EHGG,53.119107,6.577652,17.0,yes,large_airport,yes,https://en.wikipedia.org/wiki/Groningen_Airport_Eelde
Groote Eylandt Airport,AU,AU-NT,OC,Groote Eylandt,GTE,YGTE,-13.972405,136.458553,53.0,yes,medium_airport,no,https://en.wikipedia.org/wiki/Groote_Eylandt_Airport
Guadalajara International Airport,MX,MX-JAL,NA,Guadalajara,GDL,MMGL,20.523342,-103.310108,5016.0,yes,large_airport,yes,https://en.wikipedia.org/wiki/Don_Miguel_Hidalgo_y_Costilla_International_Airport
Guanajuato International Airport,MX,MX-GUA,NA,Silao,BJX,MMLO,20.992695,-101.480284,5956.0,yes,large_airport,yes,https://en.wikipedia.org/wiki/Del_Baj%C3%ADo_International_Airport
Guanambi Airport,BR,BR-BA,SA,Guanambi,GNM,SNGI,-14.2082,-42.746101,1815.0,no,small_airport,no,https://en.wikipedia.org/wiki/Guanambi_Airport
Guangyuan Panlong Airport,CN,CN-51,AS,Guangyuan (Lizhou),GYS,ZUGU,32.390254,105.694571,,yes,medium_airport,no,https://en.wikipedia.org/wiki/Guangyuan_Airport
Guangzhou Baiyun International Airport,CN,CN-44,AS,Guangzhou (Huadu),CAN,ZGGG,23.392401,113.299004,50.0,yes,large_airport,yes,https://en.wikipedia.org/wiki/Guangzhou_Baiyun_International_Airport
Guapi Airport,CO,CO-CAU,SA,Guapi,GPI,SKGP,2.57013,-77.897969,164.0,yes,medium_airport,no,https://en.wikipedia.org/wiki/Guapi_Airport
Guaraní International Airport,PY,PY-10,SA,Ciudad del Este,AGT,SGES,-25.457186,-54.839544,846.0,yes,large_airport,yes,https://en.wikipedia.org/wiki/Guarani_International_Airport
Guayaramerín Airport,BO,BO-B,SA,Guayaramerín,GYA,SLGM,-10.88856,-65.380955,456.0,yes,medium_airport,no,https://en.wikipedia.org/wiki/Guayaramer%C3%ADn_Airport
Guelmim Airport,MA,MA-10,AF,Guelmim,GLN,GMAG,29.026699,-10.0503,984.0,no,small_airport,no,https://en.wikipedia.org/wiki/Guelmim_Airport
Guemar Airport - مطار قمار بالوادي,DZ,DZ-39,AF,Guemar,ELU,DAUO,33.511398,6.77679,203.0,yes,medium_airport,no,https://en.wikipedia.org/wiki/Guemar_Airport
Guernsey Airport,GG,GG-G,EU,Saint Peter Port,GCI,EGJB,49.435001,-2.60197,336.0,yes,medium_airport,yes,https://en.wikipedia.org/wiki/Guernsey_Airport
Guilin Liangjiang International Airport,CN,CN-45,AS,Guilin (Lingui),KWL,ZGKL,25.219828,110.039553,570.0,yes,large_airport,yes,https://en.wikipedia.org/wiki/Guilin_Liangjiang_International_Airport
Guillermo León Valencia Airport,CO,CO-CAU,SA,Popayán,PPN,SKPP,2.454359,-76.609253,5687.0,yes,medium_airport,yes,https://en.wikipedia.org/wiki/Guillermo_Leon_Valencia_Airport
Guiyang Longdongbao International Airport,CN,CN-52,AS,Guiyang (Nanming),KWE,ZUGY,26.541805,106.80402,3736.0,yes,large_airport,yes,https://en.wikipedia.org/wiki/Guiyang_Longdongbao_Airport
Gulfport Biloxi International Airport,US,US-MS,NA,Gulfport,GPT,KGPT,30.405582,-89.069836,28.0,yes,medium_airport,yes,https://en.wikipedia.org/wiki/Gulfport-Biloxi_International_Airport
Gunnison Crested Butte Regional Airport,US,US-CO,NA,Gunnison,GUC,KGUC,38.534672,-106.934566,7680.0,yes,medium_airport,no,https://en.wikipedia.org/wiki/Gunnison-Crested_Butte_Regional_Airport
Gunsan Airport / Gunsan Air Base,KR,KR-45,AS,Gunsan,KUV,RKJK,35.903801,126.615997,29.0,yes,medium_airport,no,https://en.wikipedia.org/wiki/Gunsan_Airport
Gurayat Domestic Airport,SA,SA-12,AS,Gurayat,URY,OEGT,31.412413,37.278898,1672.0,yes,medium_airport,no,https://en.wikipedia.org/wiki/Gurayat_Domestic_Airport
Gurney Airport,PG,PG-MBA,OC,Gurney,GUR,AYGN,-10.3114995956,150.333999634,88.0,yes,medium_airport,no,https://en.wikipedia.org/wiki/Gurney_Airport
Gurupi Airport,BR,BR-TO,SA,Gurupi,GRP,SWGI,-11.7396,-49.132198,1148.0,no,small_airport,no,https://en.wikipedia.org/wiki/Gurupi_Airport
Gustavo Artunduaga Paredes Airport,CO,CO-CAQ,SA,Florencia,FLA,SKFL,1.58919,-75.5644,803.0,yes,medium_airport,yes,https://en.wikipedia.org/wiki/Gustavo_Artunduaga_Paredes_Airport
Gustavo Rojas Pinilla International Airport,CO,CO-SAP,NA,San Andrés,ADZ,SKSP,12.5836,-81.7112,19.0,yes,large_airport,yes,https://en.wikipedia.org/wiki/Gustavo_Rojas_Pinilla_International_Airport
Gustavo Vargas Airport,CO,CO-ARA,SA,Tame,TME,SKTM,6.45108,-71.7603,1050.0,yes,medium_airport,no,https://en.wikipedia.org/wiki/Gabriel_Vargas_Santos_Airport
Gustavus Airport,US,US-AK,NA,Gustavus,GST,PAGS,58.4253006,-135.7070007,35.0,yes,medium_airport,no,https://en.wikipedia.org/wiki/Gustavus_Airport
Gusti Syamsir Alam Airport,ID,ID-KS,AS,Stagen,KBU,WAOK,-3.294796,116.163815,4.0,yes,small_airport,no,https://en.wikipedia.org/wiki/Gusti_Syamsir_Alam_Airport
Gwalior Airport,IN,IN-MP,AS,Gwalior,GWL,VIGR,26.29330062866211,78.22779846191406,617.0,yes,medium_airport,no,https://en.wikipedia.org/wiki/Gwalior_Airport
Gwangju Airport,KR,KR-29,AS,Gwangju,KWJ,RKJJ,35.123173,126.805444,39.0,yes,medium_airport,no,https://en.wikipedia.org/wiki/Gwangju_Airport
Gällivare Airport,SE,SE-BD,EU,Gällivare,GEV,ESNG,67.13240051269531,20.814599990844727,1027.0,yes,medium_airport,no,https://en.wikipedia.org/wiki/G%C3%A4llivare_Airport
Göteborg Landvetter Airport,SE,SE-Q,EU,Göteborg,GOT,ESGG,57.6628,12.2798,506.0,yes,large_airport,yes,https://en.wikipedia.org/wiki/G%C3%B6teborg_Landvetter_Airport
H A S Hanandjoeddin International Airport,ID,ID-BB,AS,Tanjung Pandan,TJQ,WIKT,-2.744109,107.754535,164.0,yes,small_airport,yes,https://en.wikipedia.org/wiki/H.A.S._Hanandjoeddin_International_Airport
H. Hasan Aroeboesman (Ende) Airport,ID,ID-NT,AS,Ende,ENE,WATE,-8.849114,121.66101,49.0,yes,small_airport,no,https://en.wikipedia.org/wiki/Ende_Airport
H.E Alfredo Martinez (Tower Hill) Airstrip,BZ,BZ-OW,NA,Orange Walk,ORZ,MZTH,18.046767,-88.583858,69.0,yes,small_airport,no,https://en.wikipedia.org/wiki/Orange_Walk_Airport
Hachijojima Airport,JP,JP-13,AS,Hachijojima,HAC,RJTH,33.114843,139.785645,303.0,yes,medium_airport,no,https://en.wikipedia.org/wiki/Hachijojima_Airport
Hagerstown Regional Richard A Henson Field,US,US-MD,NA,Hagerstown,HGR,KHGR,39.708771,-77.728014,703.0,yes,medium_airport,no,https://en.wikipedia.org/wiki/Hagerstown_Regional_Airport
Hagfors Airport,SE,SE-S,EU,Råda,HFS,ESOH,60.0201,13.5789,474.0,yes,small_airport,no,https://en.wikipedia.org/wiki/Hagfors_Airport
Haikou Meilan International Airport,CN,CN-46,AS,Haikou (Meilan),HAK,ZJHK,19.9349,110.459,75.0,yes,large_airport,yes,https://en.wikipedia.org/wiki/Haikou_Meilan_International_Airport
Hail International Airport,SA,SA-06,AS,Hail,HAS,OEHL,27.437901,41.686298,3331.0,yes,large_airport,yes,https://en.wikipedia.org/wiki/Hail_International_Airport
Haines Airport,US,US-AK,NA,Haines,HNS,PAHN,59.243921,-135.523925,15.0,yes,medium_airport,no,https://en.wikipedia.org/wiki/Haines_Airport
Hakodate Airport,JP,JP-01,AS,Hakodate,HKD,RJCH,41.77,140.822006,151.0,yes,large_airport,yes,https://en.wikipedia.org/wiki/Hakodate_Airport
Halifax / Stanfield International Airport,CA,CA-NS,NA,Halifax,YHZ,CYHZ,44.8807983398,-63.5085983276,477.0,yes,large_airport,yes,https://en.wikipedia.org/wiki/Halifax_International_Airport
Hall Beach Airport,CA,CA-NU,NA,Sanirajak,YUX,CYUX,68.7761,-81.2425,30.0,yes,medium_airport,no,https://en.wikipedia.org/wiki/Hall_Beach_Airport
Halmstad Airport,SE,SE-N,EU,Halmstad,HAD,ESMT,56.69110107421875,12.820199966430664,101.0,yes,medium_airport,no,https://en.wikipedia.org/wiki/Halmstad_Airport
Haluoleo Airport,ID,ID-SG,AS,Kendari,KDI,WAWW,-4.08161,122.417999,538.0,yes,small_airport,no,https://en.wikipedia.org/wiki/Kendari_Airport
Hamad International Airport,QA,QA-DA,AS,Doha,DOH,OTHH,25.273056,51.608056,13.0,yes,large_airport,yes,https://en.wikipedia.org/wiki/Hamad_International_Airport
Hamadan Airport,IR,IR-13,AS,Hamadan,HDM,OIHH,34.866416,48.56069,5755.0,yes,medium_airport,yes,https://en.wikipedia.org/wiki/Hamadan_International_Airport
Hamburg Helmut Schmidt Airport,DE,DE-HH,EU,Hamburg,HAM,EDDH,53.630402,9.98823,53.0,yes,large_airport,yes,https://en.wikipedia.org/wiki/Hamburg_Airport
Hamburg-Finkenwerder Airport,DE,DE-HH,EU,Hamburg,XFW,EDHI,53.535278,9.835556,23.0,no,medium_airport,no,https://en.wikipedia.org/wiki/Hamburg_Finkenwerder_Airport
Hami Airport,CN,CN-65,AS,Hami,HMI,ZWHM,42.8414,93.669197,2703.0,yes,medium_airport,no,https://en.wikipedia.org/wiki/Hami_Airport
Hamilton International Airport,NZ,NZ-WKO,OC,Hamilton,HLZ,NZHN,-37.866961,175.331952,172.0,yes,medium_airport,yes,https://en.wikipedia.org/wiki/Hamilton_Airport_(New_Zealand)
Hamilton Island Airport,AU,AU-QLD,OC,Hamilton Island,HTI,YBHM,-20.3581008911,148.95199585,15.0,yes,medium_airport,no,https://en.wikipedia.org/wiki/Hamilton_Island_Airport
Hammerfest Airport,NO,NO-56,EU,Hammerfest,HFT,ENHF,70.679703,23.6686,266.0,yes,medium_airport,no,https://en.wikipedia.org/wiki/Hammerfest_Airport
Hana Airport,US,US-HI,OC,Hana,HNM,PHHN,20.795601,-156.014008,78.0,yes,medium_airport,no,https://en.wikipedia.org/wiki/Hana_Airport
Hancock County-Bar Harbor Airport,US,US-ME,NA,Bar Harbor,BHB,KBHB,44.45000076,-68.3615036,83.0,yes,medium_airport,no,https://en.wikipedia.org/wiki/Hancock_County-Bar_Harbor_Airport
Handan Airport,CN,CN-13,AS,Handan,HDG,ZBHD,36.524824,114.424126,229.0,yes,medium_airport,no,https://en.wikipedia.org/wiki/Handan_Airport
Hang Nadim International Airport,ID,ID-KR,AS,Batam,BTH,WIDD,1.12103,104.119003,126.0,yes,large_airport,yes,https://en.wikipedia.org/wiki/Hang_Nadim_Airport
Hangzhou Xiaoshan International Airport,CN,CN-33,AS,Hangzhou,HGH,ZSHC,30.23609,120.428865,23.0,yes,large_airport,yes,https://en.wikipedia.org/wiki/Hangzhou_Xiaoshan_International_Airport
Hanimaadhoo International Airport,MV,MV-23,AS,Haa Dhaalu Atoll,HAQ,VRMH,6.743235,73.167072,4.0,yes,large_airport,yes,https://en.wikipedia.org/wiki/Hanimaadhoo_Internatioal_Airport
Hannover Airport,DE,DE-NI,EU,Hannover,HAJ,EDDV,52.461102,9.68508,183.0,yes,large_airport,yes,https://en.wikipedia.org/wiki/Hanover/Langenhagen_International_Airport
Hao Airport,PF,PF-U-A,OC,Otepa,HOI,NTTO,-18.0748,-140.945999,10.0,yes,medium_airport,no,https://en.wikipedia.org/wiki/Hao_Airport
Harbin Taiping International Airport,CN,CN-23,AS,Harbin,HRB,ZYHB,45.623402,126.25,457.0,yes,large_airport,yes,https://en.wikipedia.org/wiki/Harbin_Taiping_International_Airport
Harrisburg International Airport,US,US-PA,NA,Harrisburg,MDT,KMDT,40.192838,-76.762333,310.0,yes,medium_airport,yes,https://en.wikipedia.org/wiki/Harrisburg_International_Airport
Harry Mwanga Nkumbula International Airport,ZM,ZM-07,AF,Livingstone,LVI,FLHN,-17.821524,25.819642,3302.0,yes,large_airport,yes,https://en.wikipedia.org/wiki/Harry_Mwanga_Nkumbula_International_Airport
Harry Reid International Airport,US,US-NV,NA,Las Vegas,LAS,KLAS,36.083361,-115.151817,2181.0,yes,large_airport,yes,https://en.wikipedia.org/wiki/Harry_Reid_International_Airport
Harstad/Narvik Airport,NO,NO-18,EU,Evenes,EVE,ENEV,68.491302,16.678101,84.0,yes,large_airport,no,https://en.wikipedia.org/wiki/Harstad/Narvik_Airport%2C_Evenes
Hartsfield Jackson Atlanta International Airport,US,US-GA,NA,Atlanta,ATL,KATL,33.6367,-84.428101,1026.0,yes,large_airport,yes,https://en.wikipedia.org/wiki/Hartsfield–Jackson_Atlanta_International_Airport
Hasan Polatkan Airport,TR,TR-26,AS,Eskişehir,AOE,LTBY,39.811644,30.519268,2588.0,yes,large_airport,no,https://en.wikipedia.org/wiki/Anadolu_Airport
Hassi Messaoud-Oued Irara Krim Belkacem Airport,DZ,DZ-30,AF,Hassi Messaoud,HME,DAUH,31.673,6.14044,463.0,yes,medium_airport,no,https://en.wikipedia.org/wiki/Oued_Irara_Airport
Hassi R'Mel Airport,DZ,DZ-03,AF,Hassi R'Mel,HRM,DAFH,32.930401,3.31154,2540.0,no,medium_airport,no,https://en.wikipedia.org/wiki/Hassi_R'Mel_Airport
Hasvik Airport,NO,NO-56,EU,Hasvik,HAA,ENHK,70.486702,22.1397,21.0,yes,small_airport,no,https://en.wikipedia.org/wiki/Hasvik_Airport
Hat Yai International Airport,TH,TH-90,AS,Hat Yai,HDY,VTSS,6.93321,100.392998,90.0,yes,large_airport,yes,https://en.wikipedia.org/wiki/Hat_Yai_International_Airport
Hatay Airport,TR,TR-31,AS,Antakya,HTY,LTDA,36.36079,36.285589,269.0,yes,medium_airport,no,https://en.wikipedia.org/wiki/Hatay_Airport
Hato International Airport,CW,CW-U-A,NA,Willemstad,CUR,TNCC,12.1889,-68.959801,29.0,yes,large_airport,yes,https://en.wikipedia.org/wiki/Hato_International_Airport
Hattiesburg Laurel Regional Airport,US,US-MS,NA,Moselle,PIB,KPIB,31.4671,-89.337097,298.0,yes,medium_airport,no,https://en.wikipedia.org/wiki/Hattiesburg-Laurel_Regional_Airport
"Haugesund Airport, Karmøy",NO,NO-11,EU,Karmøy,HAU,ENHD,59.345299,5.20836,86.0,yes,medium_airport,yes,https://en.wikipedia.org/wiki/Haugesund_Airport%2C_Karm%C3%B8y
Havre City County Airport,US,US-MT,NA,Havre,HVR,KHVR,48.541387,-109.762859,2591.0,yes,medium_airport,no,https://en.wikipedia.org/wiki/Havre_City%E2%80%93County_Airport
Havre-Saint-Pierre Airport,CA,CA-QC,NA,Havre-Saint-Pierre,YGV,CYGV,50.281898,-63.611401,124.0,yes,medium_airport,no,https://en.wikipedia.org/wiki/Havre_St-Pierre_Airport
Hawarden Airport,GB,GB-WLS,EU,Broughton,CEG,EGNR,53.178101,-2.97778,45.0,no,medium_airport,no,https://en.wikipedia.org/wiki/Hawarden_Airport
Hawke's Bay Airport,NZ,NZ-HKB,OC,Napier,NPE,NZNR,-39.465801,176.869995,6.0,yes,medium_airport,no,https://en.wikipedia.org/wiki/Napier_Airport
Hay River / Merlyn Carter Airport,CA,CA-NT,NA,Hay River,YHY,CYHY,60.8396987915,-115.782997131,541.0,yes,medium_airport,no,https://en.wikipedia.org/wiki/Hay_River_Airport
Hazrat Shahjalal International Airport,BD,BD-C,AS,Dhaka,DAC,VGHS,23.843347,90.397783,30.0,yes,large_airport,yes,https://www.linkedin.com/in/md-shamim-islam-109925358/
Healy Lake Airport,US,US-AK,NA,Healy Lake,HKB,,63.9958,-144.6926,1180.0,no,small_airport,no,https://en.wikipedia.org/wiki/Healy_Lake_Airport
Hector International Airport,US,US-ND,NA,Fargo,FAR,KFAR,46.9207,-96.815804,902.0,yes,medium_airport,no,https://en.wikipedia.org/wiki/Hector_International_Airport
Hector Silva Airstrip,BZ,BZ-CY,NA,Belmopan,BCV,,17.269603,-88.776496,150.0,no,small_airport,no,https://en.wikipedia.org/wiki/Hector_Silva_Airstrip
Hefei Xinqiao International Airport,CN,CN-34,AS,Hefei,HFE,ZSOF,31.98779,116.9769,207.0,yes,large_airport,yes,https://en.wikipedia.org/wiki/Hefei_Xinqiao_International_Airport
Heho Airport,MM,MM-17,AS,Heho,HEH,VYHH,20.74714,96.792029,3858.0,yes,medium_airport,no,https://en.wikipedia.org/wiki/Heho_Airport
Heihe Aihui Airport,CN,CN-23,AS,Heihe,HEK,ZYHE,50.171621,127.308884,1047.0,yes,medium_airport,yes,https://en.wikipedia.org/wiki/Heihe_Aihui_Airport
Helena Regional Airport,US,US-MT,NA,Helena,HLN,KHLN,46.6068,-111.983002,3877.0,yes,medium_airport,no,https://en.wikipedia.org/wiki/Helena_Regional_Airport
Helsinki Vantaa Airport,FI,FI-18,EU,Helsinki (Vantaa),HEL,EFHK,60.318363,24.963341,179.0,yes,large_airport,yes,https://en.wikipedia.org/wiki/Helsinki_Airport
Hemavan Airport,SE,SE-AC,EU,Hemavan,HMV,ESUT,65.806099,15.0828,1503.0,yes,small_airport,no,https://en.wikipedia.org/wiki/Hemavan_Airport
Hendrik Van Eck Airport,ZA,ZA-NP,AF,Phalaborwa,PHW,FAPH,-23.9372005463,31.1553993225,1432.0,yes,medium_airport,no,https://en.wikipedia.org/wiki/Hendrik_Van_Eck_Airport
Henry E. Rohlsen Airport,VI,VI-SC,NA,Christiansted,STX,TISX,17.701413,-64.802608,74.0,yes,medium_airport,yes,https://en.wikipedia.org/wiki/Henry_E._Rohlsen_Airport
Heraklion International Nikos Kazantzakis Airport,GR,GR-M,EU,Heraklion,HER,LGIR,35.339699,25.1803,115.0,yes,large_airport,yes,"https://en.wikipedia.org/wiki/Heraklion_International_Airport_""Nikos_Kazantzakis"""
Herat - Khwaja Abdullah Ansari International Airport,AF,AF-HER,AS,Guzara,HEA,OAHR,34.209999,62.228298,3206.0,yes,large_airport,yes,https://en.wikipedia.org/wiki/Herat_International_Airport
Hercílio Luz International Airport,BR,BR-SC,SA,Florianópolis,FLN,SBFL,-27.670279,-48.552502,16.0,yes,large_airport,yes,https://en.wikipedia.org/wiki/Herc%C3%ADlio_Luz_International_Airport
Heringsdorf Airport,DE,DE-MV,EU,Zirchow,HDF,EDAH,53.8787,14.1523,94.0,yes,medium_airport,no,https://en.wikipedia.org/wiki/Heringsdorf_Airport
Hermanos Serdán International Airport,MX,MX-PUE,NA,Puebla,PBC,MMPB,19.158465,-98.371582,7361.0,yes,large_airport,yes,https://en.wikipedia.org/wiki/Hermanos_Serd%C3%A1n_International_Airport
Hervey Bay Airport,AU,AU-QLD,OC,Hervey Bay,HVB,YHBA,-25.320127,152.880662,60.0,yes,medium_airport,no,https://en.wikipedia.org/wiki/Hervey_Bay_Airport
Hewanorra International Airport,LC,LC-11,NA,Vieux Fort,UVF,TLPL,13.7332,-60.952599,14.0,yes,large_airport,yes,https://en.wikipedia.org/wiki/Hewanorra_International_Airport
Heydar Aliyev International Airport,AZ,AZ-BA,AS,Baku,GYD,UBBB,40.47278,50.050931,10.0,yes,large_airport,yes,https://en.wikipedia.org/wiki/Heydar_Aliyev_International_Airport
High Level Airport,CA,CA-AB,NA,High Level,YOJ,CYOJ,58.62139892578125,-117.16500091552734,1110.0,yes,medium_airport,no,https://en.wikipedia.org/wiki/High_Level_Airport
Hihifo Airport,WF,WF-U-A,OC,Wallis Island,WLS,NLWW,-13.239445,-176.19865,79.0,yes,large_airport,yes,https://en.wikipedia.org/wiki/Hihifo_Airport
Hilo International Airport,US,US-HI,OC,Hilo,ITO,PHTO,19.72135,-155.045428,38.0,yes,medium_airport,yes,https://en.wikipedia.org/wiki/Hilo_International_Airport
Hilton Head Airport,US,US-SC,NA,Hilton Head Island,HHH,KHXD,32.2244,-80.697502,19.0,yes,medium_airport,no,https://en.wikipedia.org/wiki/Hilton_Head_Airport
Hiroshima Airport,JP,JP-34,AS,Hiroshima,HIJ,RJOA,34.4361,132.919006,1088.0,yes,large_airport,yes,https://en.wikipedia.org/wiki/Hiroshima_Airport
Hiva Oa-Atuona Airport,PF,PF-U-A,OC,Hiva Oa Island,AUQ,NTMN,-9.76879024506,-139.011001587,1481.0,yes,medium_airport,no,https://en.wikipedia.org/wiki/Atuona_Airport
Hobart International Airport,AU,AU-TAS,OC,Hobart (Cambridge),HBA,YMHB,-42.837032,147.513022,13.0,yes,large_airport,yes,https://en.wikipedia.org/wiki/Hobart_International_Airport
Hohhot Baita International Airport,CN,CN-15,AS,Hohhot,HET,ZBHH,40.849658,111.824598,3556.0,yes,large_airport,yes,https://en.wikipedia.org/wiki/Hohhot_Baita_International_Airport
Hokitika Airfield,NZ,NZ-WTC,OC,,HKK,NZHK,-42.713600158691406,170.98500061035156,146.0,yes,medium_airport,no,https://en.wikipedia.org/wiki/Hokitika_Airport
Hollis Clark Bay Seaplane Base,US,US-AK,NA,Hollis,HYL,,55.481529,-132.646008,,yes,seaplane_base,no,https://en.wikipedia.org/wiki/Hollis_Seaplane_Base
Hollywood Burbank/Bob Hope Airport,US,US-CA,NA,Burbank,BUR,KBUR,34.202834,-118.35805,778.0,yes,large_airport,no,https://en.wikipedia.org/wiki/Hollywood_Burbank_Airport
Holy Cross Airport,US,US-AK,NA,Holy Cross,HCR,PAHC,62.18830108642578,-159.77499389648438,70.0,yes,medium_airport,no,https://en.wikipedia.org/wiki/Holy_Cross_Airport
Homer Airport,US,US-AK,NA,Homer,HOM,PAHO,59.644456,-151.479235,84.0,yes,medium_airport,no,https://en.wikipedia.org/wiki/Homer_Airport
Hong Kong International Airport,HK,HK-NT,AS,Hong Kong,HKG,VHHH,22.31184,113.914862,28.0,yes,large_airport,yes,https://en.wikipedia.org/wiki/Hong_Kong_International_Airport
Honiara International Airport,SB,SB-GU,OC,Honiara,HIR,AGGH,-9.428,160.054993,28.0,yes,large_airport,yes,https://en.wikipedia.org/wiki/Honiara_International_Airport
"Honningsvåg Airport, Valan",NO,NO-56,EU,Honningsvåg,HVG,ENHV,71.009697,25.983601,44.0,yes,medium_airport,no,https://en.wikipedia.org/wiki/Valan_Airport
Hoonah Airport,US,US-AK,NA,Hoonah,HNH,PAOH,58.0961,-135.410111,19.0,yes,small_airport,no,https://en.wikipedia.org/wiki/Hoonah_Airport
Hooper Bay Airport,US,US-AK,NA,Hooper Bay,HPB,PAHP,61.523899,-166.147003,13.0,yes,small_airport,no,https://en.wikipedia.org/wiki/Hooper_Bay_Airport
Hopedale Airport,CA,CA-NL,NA,Hopedale,YHO,CYHO,55.448757,-60.228124,39.0,yes,small_airport,no,https://en.wikipedia.org/wiki/Hopedale_Airport
Horn Island Airport,AU,AU-QLD,OC,Horn,HID,YHID,-10.585636,142.29277,43.0,yes,medium_airport,yes,https://en.wikipedia.org/wiki/Horn_Island_Airport
Horta Airport,PT,PT-20,EU,Horta,HOR,LPHR,38.519901275634766,-28.715900421142575,118.0,yes,medium_airport,no,https://en.wikipedia.org/wiki/Horta_Airport
Hosea Kutako International Airport,NA,NA-KH,AF,Windhoek,WDH,FYWH,-22.4799,17.4709,5640.0,yes,large_airport,yes,https://en.wikipedia.org/wiki/Windhoek_Hosea_Kutako_International_Airport
Hoskins Airport,PG,PG-WBK,OC,Kimbe,HKN,AYHK,-5.463846,150.407327,66.0,yes,medium_airport,no,https://en.wikipedia.org/wiki/Hoskins_Airport
Hotan Airport,CN,CN-65,AS,Hotan,HTN,ZWTN,37.03850173950195,79.86489868164062,4672.0,yes,medium_airport,no,https://en.wikipedia.org/wiki/Hotan_Airport
Houari Boumediene Airport,DZ,DZ-16,AF,Algiers,ALG,DAAG,36.693886,3.214531,82.0,yes,large_airport,yes,https://en.wikipedia.org/wiki/Houari_Boumediene_Airport
Houghton County Memorial Airport,US,US-MI,NA,Hancock,CMX,KCMX,47.168399810791016,-88.48909759521484,1095.0,yes,medium_airport,no,https://en.wikipedia.org/wiki/Houghton_County_Memorial_Airport
Huahine-Fare Airport,PF,PF-U-A,OC,Fare,HUH,NTTH,-16.687084,-151.021593,7.0,yes,medium_airport,no,https://en.wikipedia.org/wiki/Huahine_-_Fare_Airport
Huai'an Lianshui Airport,CN,CN-32,AS,Huai'an,HIA,ZSSH,33.792712,119.126657,28.0,yes,large_airport,yes,https://en.wikipedia.org/wiki/Huai'an_Lianshui_International_Airport
Huaihua Zhijiang Airport,CN,CN-43,AS,Huaihua,HJJ,ZGCJ,27.443087,109.704666,882.0,yes,medium_airport,no,https://en.wikipedia.org/wiki/Zhijiang_Airport
Hualien Chiashan Airport,TW,TW-HUA,AS,Hualien City,HUN,RCYU,24.023163,121.617991,52.0,yes,large_airport,yes,https://en.wikipedia.org/wiki/Hualien_Airport
Huangshan Tunxi International Airport,CN,CN-34,AS,Huangshan,TXN,ZSTX,29.733299,118.255997,,yes,large_airport,yes,https://en.wikipedia.org/wiki/Huangshan_Tunxi_International_Airport
Hubballi Airport,IN,IN-KA,AS,Hubballi,HBX,VOHB,15.361084,75.082096,2171.0,yes,medium_airport,no,https://en.wikipedia.org/wiki/Hubli_Airport
Hughes Airport,US,US-AK,NA,Hughes,HUS,PAHU,66.04109955,-154.2630005,299.0,yes,small_airport,no,https://en.wikipedia.org/wiki/Hughes_Airport_(Alaska)
Hugo Cantergiani Regional Airport,BR,BR-RS,SA,Caxias Do Sul,CXJ,SBCX,-29.197183,-51.187647,2472.0,yes,medium_airport,no,https://en.wikipedia.org/wiki/Caxias_do_Sul_Airport
Hulunbuir Hailar Airport,CN,CN-15,AS,Hailar,HLD,ZBLA,49.208616,119.822301,2169.0,yes,large_airport,yes,https://en.wikipedia.org/wiki/Hulunbuir_Hailar_Airport
Humberside Airport,GB,GB-ENG,EU,"Grimsby, Lincolnshire",HUY,EGNJ,53.576152,-0.34954,121.0,yes,medium_airport,yes,https://en.wikipedia.org/wiki/Humberside_Airport
Huntsville International Airport,US,US-AL,NA,Huntsville,HSV,KHSV,34.636244,-86.774378,629.0,yes,medium_airport,yes,https://en.wikipedia.org/wiki/Huntsville_International_Airport
Hurghada International Airport,EG,EG-BA,AF,Hurghada,HRG,HEGN,27.176776,33.796692,32.0,yes,large_airport,yes,https://en.wikipedia.org/wiki/Hurghada_International_Airport
Huron Regional Airport,US,US-SD,NA,Huron,HON,KHON,44.385201,-98.2285,1289.0,no,medium_airport,no,https://en.wikipedia.org/wiki/Huron_Regional_Airport
Husein Sastranegara International Airport,ID,ID-JB,AS,Bandung,BDO,WICC,-6.90063,107.575996,2436.0,yes,medium_airport,no,https://en.wikipedia.org/wiki/Husein_Sastranegara_International_Airport
Huslia Airport,US,US-AK,NA,Huslia,HSL,PAHL,65.697899,-156.350998,220.0,yes,medium_airport,no,https://en.wikipedia.org/wiki/Huslia_Airport
Hydaburg Seaplane Base,US,US-AK,NA,Hydaburg,HYG,PAHY,55.205227,-132.830286,,yes,seaplane_base,no,https://en.wikipedia.org/wiki/Hydaburg_Seaplane_Base
Iaşi International Airport,RO,RO-IS,EU,Iaşi,IAS,LRIA,47.179633,27.621431,411.0,yes,large_airport,yes,https://en.wikipedia.org/wiki/Ia%C5%9Fi_International_Airport
Ibadan Airport,NG,NG-OY,AF,Ibadan,IBA,DNIB,7.362460136413574,3.97832989692688,725.0,yes,medium_airport,no,https://en.wikipedia.org/wiki/Ibadan_Airport
Ibaraki Airport,JP,JP-08,AS,Omitama,IBR,RJAH,36.181456,140.414434,105.0,yes,large_airport,no,https://en.wikipedia.org/wiki/Ibaraki_Airport
Ibiza Airport,ES,ES-IB,EU,Ibiza (Eivissa),IBZ,LEIB,38.872898,1.37312,24.0,yes,large_airport,yes,https://en.wikipedia.org/wiki/Ibiza_Airport
Idaho Falls Regional Airport,US,US-ID,NA,Idaho Falls,IDA,KIDA,43.514599,-112.070999,4744.0,yes,medium_airport,no,https://en.wikipedia.org/wiki/Idaho_Falls_Regional_Airport
Igaliku Heliport,GL,GL-KU,NA,Igaliku,QFX,,60.99229,-45.431428,,yes,heliport,no,https://en.wikipedia.org/wiki/Igaliku_Heliport
Igarka Airport,RU,RU-KYA,AS,Igarka,IAA,UOII,67.437202,86.621902,82.0,yes,medium_airport,no,https://en.wikipedia.org/wiki/Igarka_Airport
Igiugig Airport,US,US-AK,NA,Igiugig,IGG,PAIG,59.324001,-155.901993,90.0,yes,small_airport,no,https://en.wikipedia.org/wiki/Igiugig_Airport
Igloolik Airport,CA,CA-NU,NA,Igloolik,YGT,CYGT,69.3647,-81.816101,174.0,yes,small_airport,no,https://en.wikipedia.org/wiki/Igloolik_Airport
Ignacio Agramonte International Airport,CU,CU-09,NA,Camaguey,CMW,MUCM,21.419909,-77.848039,413.0,yes,large_airport,yes,https://en.wikipedia.org/wiki/Ignacio_Agramonte_International_Airport
Ignacy Jan Paderewski Bydgoszcz Airport,PL,PL-KP,EU,Bydgoszcz,BZG,EPBY,53.096802,17.977699,235.0,yes,medium_airport,yes,https://en.wikipedia.org/wiki/Bydgoszcz_Ignacy_Jan_Paderewski_Airport
Ignatyevo Airport,RU,RU-AMU,AS,Blagoveschensk,BQS,UHBB,50.426723,127.415502,638.0,yes,medium_airport,yes,https://en.wikipedia.org/wiki/Ignatyevo_Airport
Ikaria Airport,GR,GR-K,EU,Ikaria Island,JIK,LGIK,37.6827011108,26.3470993042,79.0,yes,small_airport,no,https://en.wikipedia.org/wiki/Ikaria_Island_National_Airport
Ikerasak Heliport,GL,GL-AV,NA,Ikerasak,IKE,,70.498145,-51.303084,66.0,yes,heliport,no,https://en.wikipedia.org/wiki/Ikerasak_Heliport
Iki Airport,JP,JP-42,AS,Iki,IKI,RJDB,33.7490005493,129.785003662,41.0,yes,medium_airport,no,https://en.wikipedia.org/wiki/Iki_Airport
Il Caravaggio International Airport,IT,IT-25,EU,Orio al Serio (BG),BGY,LIME,45.669362,9.708851,782.0,yes,large_airport,yes,https://en.wikipedia.org/wiki/Orio_al_Serio_International_Airport
Ilam Airport,IR,IR-16,AS,Ilam,IIL,OICI,33.58660125732422,46.40480041503906,4404.0,no,medium_airport,yes,https://en.wikipedia.org/wiki/Ilam_Airport
Ili Yining International Airport,CN,CN-65,AS,Ili (Yining / Ghulja),YIN,ZWYN,43.955799,81.330299,,yes,medium_airport,no,https://en.wikipedia.org/wiki/Ili_Yining_International_Airport
Iliamna Airport,US,US-AK,NA,Iliamna,ILI,PAIL,59.754398,-154.910996,192.0,yes,medium_airport,no,https://en.wikipedia.org/wiki/Iliamna_Airport
Illorsuit Heliport,GL,GL-AV,NA,Illorsuit,IOT,,71.241944,-53.562877,154.0,yes,heliport,no,https://en.wikipedia.org/wiki/Illorsuit_Heliport
Iloilo International Airport,PH,PH-ILI,AS,Cabatuan,ILO,RPVI,10.833017,122.493358,27.0,yes,large_airport,yes,https://en.wikipedia.org/wiki/Iloilo_International_Airport
Ilulissat Airport,GL,GL-AV,NA,Ilulissat,JAV,BGJN,69.243202,-51.057098,95.0,yes,medium_airport,yes,https://en.wikipedia.org/wiki/Ilulissat_Airport
Imam Khomeini International Airport,IR,IR-23,AS,Tehran,IKA,OIIE,35.416099548339844,51.152198791503906,3305.0,yes,large_airport,yes,https://en.wikipedia.org/wiki/Imam_Khomeini_International_Airport
Imperial County Airport,US,US-CA,NA,Imperial,IPL,KIPL,32.83539,-115.574026,-54.0,yes,medium_airport,no,https://en.wikipedia.org/wiki/Imperial_County_Airport
In Salah Airport,DZ,DZ-57,AF,In Salah,INZ,DAUI,27.250999,2.51202,896.0,yes,medium_airport,no,https://en.wikipedia.org/wiki/In_Salah_Airport
Inagua Airport,BS,BS-IN,NA,Matthew Town,IGA,MYIG,20.975,-73.666901,8.0,yes,medium_airport,no,https://en.wikipedia.org/wiki/Inagua_Airport
Inca Manco Capac International Airport,PE,PE-PUN,SA,Juliaca,JUL,SPJL,-15.467689,-70.15653,12552.0,yes,large_airport,no,https://en.wikipedia.org/wiki/Inca_Manco_Capac_International_Airport
Incheon International Airport,KR,KR-28,AS,Seoul,ICN,RKSI,37.469101,126.450996,23.0,yes,large_airport,no,https://en.wikipedia.org/wiki/Incheon_International_Airport
Independence Airport,BZ,BZ-SC,NA,Independence,INB,MZSV,16.53456,-88.441615,18.0,yes,small_airport,no,https://en.wikipedia.org/wiki/Independence_Airport_(Belize)
Indianapolis International Airport,US,US-IN,NA,Indianapolis,IND,KIND,39.7173,-86.294403,797.0,yes,large_airport,yes,https://en.wikipedia.org/wiki/Indianapolis_International_Airport
Indira Gandhi International Airport,IN,IN-DL,AS,New Delhi,DEL,VIDP,28.55563,77.09519,777.0,yes,large_airport,yes,https://en.wikipedia.org/wiki/Indira_Gandhi_International_Airport
Ingeniero Aeronáutico Ambrosio L.V. Taravella International Airport,AR,AR-X,SA,Cordoba,COR,SACO,-31.312346,-64.208329,1604.0,yes,large_airport,yes,https://en.wikipedia.org/wiki/Ingeniero_Ambrosio_L.V._Taravella_International_Airport
Ingeniero Alberto Acuña Ongay International Airport,MX,MX-CAM,NA,Campeche,CPE,MMCP,19.815969,-90.500125,34.0,yes,medium_airport,no,https://en.wikipedia.org/wiki/Ing._Alberto_Acu%C3%B1a_Ongay_International_Airport
Inhambane Airport,MZ,MZ-I,AF,Inhambane,INH,FQIN,-23.8764,35.408501,30.0,yes,medium_airport,yes,https://en.wikipedia.org/wiki/Inhambane_Airport
Innarsuit Heliport,GL,GL-AV,NA,Innarsuit,IUI,,73.199895,-56.010817,95.0,yes,heliport,no,https://en.wikipedia.org/wiki/Innaarsuit_Heliport
Innsbruck Airport,AT,AT-7,EU,Innsbruck,INN,LOWI,47.260201,11.344,1907.0,yes,large_airport,yes,https://en.wikipedia.org/wiki/Innsbruck_Airport
Inukjuak Airport,CA,CA-QC,NA,Inukjuak,YPH,CYPH,58.471901,-78.076897,83.0,yes,small_airport,no,https://en.wikipedia.org/wiki/Inukjuak_Airport
Inuvik Mike Zubko Airport,CA,CA-NT,NA,Inuvik,YEV,CYEV,68.30419921880001,-133.483001709,224.0,yes,medium_airport,no,https://en.wikipedia.org/wiki/Inuvik_(Mike_Zubko)_Airport
Invercargill Airport,NZ,NZ-STL,OC,Invercargill,IVC,NZNV,-46.41239929199219,168.31300354003906,5.0,yes,medium_airport,no,https://en.wikipedia.org/wiki/Invercargill_Airport
Inverness Airport,GB,GB-SCT,EU,Inverness,INV,EGPE,57.5425,-4.0475,31.0,yes,medium_airport,yes,https://en.wikipedia.org/wiki/Inverness_Airport
Ioannina King Pyrrhus National Airport,GR,GR-D,EU,Ioannina,IOA,LGIO,39.6964,20.8225,1558.0,yes,medium_airport,no,https://en.wikipedia.org/wiki/Ioannina_National_Airport
Ipota Airport,VU,VU-TAE,OC,Ipota,IPA,NVVI,-18.856389,169.283333,23.0,no,small_airport,no,https://en.wikipedia.org/wiki/Ipota_Airport
Iqaluit Airport,CA,CA-NU,NA,Iqaluit,YFB,CYFB,63.756402,-68.555801,110.0,yes,medium_airport,no,https://en.wikipedia.org/wiki/Iqaluit_Airport
Ireland West Airport Knock,IE,IE-MO,EU,Charlestown,NOC,EIKN,53.910439,-8.817002,665.0,yes,large_airport,yes,https://en.wikipedia.org/wiki/Ireland_West_Airport_Knock
Irkutsk International Airport,RU,RU-IRK,AS,Irkutsk,IKT,UIII,52.266707,104.395563,1675.0,yes,large_airport,yes,https://en.wikipedia.org/wiki/Irkutsk_Airport
Isfahan Shahid Beheshti International Airport,IR,IR-10,AS,Isfahan,IFN,OIFM,32.755142,51.883877,5059.0,yes,large_airport,yes,https://en.wikipedia.org/wiki/Isfahan_International_Airport
Iskandar Airport,ID,ID-KT,AS,Pangkalanbun,PKN,WAGI,-2.7052,111.672997,75.0,yes,small_airport,no,https://en.wikipedia.org/wiki/Iskandar_Airport
Islamabad International Airport,PK,PK-PB,AS,Attock,ISB,OPIS,33.549,72.82566,1761.0,yes,large_airport,yes,https://en.wikipedia.org/wiki/Islamabad_International_Airport
Islay Airport,GB,GB-SCT,EU,"Isle of Islay, Argyll and Bute",ILY,EGPI,55.682708,-6.257525,56.0,yes,medium_airport,no,https://en.wikipedia.org/wiki/Islay_Airport
Isle of Man Airport,IM,IM-U-A,EU,Castletown,IOM,EGNS,54.083081,-4.623871,52.0,yes,large_airport,yes,https://en.wikipedia.org/wiki/Isle_of_Man_Airport
Isortoq Heliport,GL,GL-SE,NA,Isortoq,IOQ,,65.547792,-38.976552,92.0,yes,heliport,no,https://en.wikipedia.org/wiki/Isortoq_Heliport
Istanbul Sabiha Gökçen International Airport,TR,TR-34,AS,"Pendik, Istanbul",SAW,LTFJ,40.898602,29.3092,312.0,yes,large_airport,no,https://en.wikipedia.org/wiki/Istanbul_Sabiha_G%C3%B6k%C3%A7en_International_Airport
Itaituba Airport,BR,BR-PA,SA,Itaituba,ITB,SBIH,-4.242131,-56.000651,110.0,yes,medium_airport,no,https://en.wikipedia.org/wiki/Itaituba_Airport
Ithaca Tompkins Regional Airport,US,US-NY,NA,Ithaca,ITH,KITH,42.49100112915039,-76.4583969116211,1099.0,yes,medium_airport,no,https://en.wikipedia.org/wiki/Ithaca_Tompkins_Regional_Airport
Ittoqqortoormiit Heliport,GL,GL-SE,NA,Ittoqqortoormiit,OBY,,70.488229,-21.97168,238.0,yes,heliport,no,https://en.wikipedia.org/wiki/Ittoqqortoormiit_Heliport
Ivalo Airport,FI,FI-10,EU,Ivalo,IVL,EFIV,68.6073,27.4053,481.0,yes,large_airport,no,https://en.wikipedia.org/wiki/Ivalo_Airport
Ivano-Frankivsk International Airport,UA,UA-26,EU,Ivano-Frankivsk,IFO,UKLI,48.88420104980469,24.686100006103516,919.0,yes,medium_airport,yes,https://en.wikipedia.org/wiki/Ivano-Frankivsk_International_Airport
Ivato International Airport,MG,MG-T,AF,Antananarivo,TNR,FMMI,-18.7969,47.478802,4198.0,yes,large_airport,yes,https://en.wikipedia.org/wiki/Ivato_Airport
Ivujivik Airport,CA,CA-QC,NA,Ivujivik,YIK,CYIK,62.417301,-77.925301,126.0,yes,small_airport,no,https://en.wikipedia.org/wiki/Ivujivik_Airport
Iwakuni Kintaikyo Airport,JP,JP-35,AS,Iwakuni,IWK,RJOI,34.146333,132.247238,7.0,yes,medium_airport,no,https://en.wikipedia.org/wiki/Marine_Corps_Air_Station_Iwakuni
Iwami Airport,JP,JP-32,AS,Masuda,IWJ,RJOW,34.676399231,131.789993286,184.0,yes,medium_airport,no,https://en.wikipedia.org/wiki/Iwami_Airport
Iwate Hanamaki Airport,JP,JP-03,AS,Hanamaki,HNA,RJSI,39.4286,141.134995,297.0,yes,medium_airport,no,https://en.wikipedia.org/wiki/Hanamaki_Airport
Ixtapa-Zihuatanejo International Airport,MX,MX-GRO,NA,Ixtapa,ZIH,MMZH,17.601771,-101.460629,26.0,yes,large_airport,yes,https://en.wikipedia.org/wiki/Ixtapa-Zihuatanejo_International_Airport
Izhevsk Airport,RU,RU-UD,AS,Izhevsk,IJK,USII,56.834524,53.462172,531.0,yes,medium_airport,no,https://en.wikipedia.org/wiki/Izhevsk_Airport
Izumo Enmusubi Airport,JP,JP-32,AS,Izumo,IZO,RJOC,35.413601,132.889999,15.0,yes,medium_airport,no,https://en.wikipedia.org/wiki/Izumo_Airport
Iğdır Airport,TR,TR-76,AS,Iğdır,IGD,LTCT,39.976627,43.876648,3101.0,yes,medium_airport,no,https://en.wikipedia.org/wiki/Iğdır_Airport
JAGS McCartney International Airport,TC,TC-GT,NA,Cockburn Town,GDT,MBGT,21.4445,-71.142303,13.0,yes,medium_airport,no,https://en.wikipedia.org/wiki/JAGS_McCartney_International_Airport
Jabalpur Airport,IN,IN-MP,AS,Jabalpur,JLR,VAJB,23.177799,80.052002,1624.0,yes,medium_airport,no,https://en.wikipedia.org/wiki/Jabalpur_Airport
Jacinto Lara International Airport,VE,VE-K,SA,Barquisimeto,BRM,SVBM,10.042747,-69.35862,2042.0,yes,large_airport,no,https://en.wikipedia.org/wiki/Jacinto_Lara_International_Airport
Jack Brooks Regional Airport,US,US-TX,NA,Beaumont/Port Arthur,BPT,KBPT,29.9508,-94.020699,15.0,yes,medium_airport,no,https://en.wikipedia.org/wiki/Jack_Brooks_Regional_Airport
Jack Mc Namara Field Airport,US,US-CA,NA,Crescent City,CEC,KCEC,41.778929,-124.236403,61.0,yes,medium_airport,no,https://en.wikipedia.org/wiki/Del_Norte_County_Airport
Jackson Hole Airport,US,US-WY,NA,Jackson,JAC,KJAC,43.6073,-110.737999,6451.0,yes,medium_airport,no,https://en.wikipedia.org/wiki/Jackson_Hole_Airport
Jackson-Medgar Wiley Evers International Airport,US,US-MS,NA,Jackson,JAN,KJAN,32.311199,-90.075897,346.0,yes,medium_airport,yes,https://en.wikipedia.org/wiki/Jackson-Evers_International_Airport
Jacksonville International Airport,US,US-FL,NA,Jacksonville,JAX,KJAX,30.492469,-81.687813,30.0,yes,large_airport,yes,https://en.wikipedia.org/wiki/Jacksonville_International_Airport
Jaipur International Airport,IN,IN-RJ,AS,Jaipur,JAI,VIJP,26.8242,75.812202,1263.0,yes,large_airport,yes,https://en.wikipedia.org/wiki/Jaipur_International_Airport
Jalal Talabani International Airport,IQ,IQ-SW,AS,Sulaymaniyah,ISU,ORSJ,35.560487,45.315137,2494.0,yes,medium_airport,yes,https://en.wikipedia.org/wiki/Jalal_Talabani_International_Airport
Jalaluddin Airport,ID,ID-GO,AS,Gorontalo,GTO,WAMG,0.637119,122.849998,105.0,yes,small_airport,no,https://en.wikipedia.org/wiki/Jalaluddin_Airport
James M. Cox Dayton International Airport,US,US-OH,NA,Dayton,DAY,KDAY,39.902401,-84.219398,1009.0,yes,medium_airport,yes,https://en.wikipedia.org/wiki/Dayton_International_Airport
Jammu Airport,IN,IN-JK,AS,Jammu,IXJ,VIJU,32.688849,74.838152,996.0,yes,medium_airport,yes,https://en.wikipedia.org/wiki/Jammu_Airport
Jamnagar Airport,IN,IN-GJ,AS,Jamnagar,JGA,VAJM,22.465499877929688,70.01260375976562,69.0,yes,medium_airport,no,https://en.wikipedia.org/wiki/Jamnagar_Airport
Janakpur Airport,NP,NP-P2,AS,Janakpur,JKR,VNJP,26.708799,85.922401,256.0,yes,medium_airport,no,https://en.wikipedia.org/wiki/Janakpur_Airport
Jaqué Airport,PA,PA-5,NA,Jaqué,JQE,MPJE,7.51778,-78.157204,29.0,no,small_airport,no,https://en.wikipedia.org/wiki/Jaqué_Airport
Jardines Del Rey Airport,CU,CU-08,NA,Cayo Coco,CCC,MUCC,22.4610004425,-78.32839965820001,13.0,yes,medium_airport,yes,https://en.wikipedia.org/wiki/Jardines_del_Rey_Airport
Jay Prakash Narayan Airport,IN,IN-BR,AS,Patna,PAT,VEPT,25.591299,85.087997,170.0,yes,medium_airport,no,https://en.wikipedia.org/wiki/Jay_Prakash_Narayan_Airport
Jeju International Airport,KR,KR-49,AS,Jeju City,CJU,RKPC,33.512058,126.492548,118.0,yes,large_airport,yes,https://en.wikipedia.org/wiki/Jeju_International_Airport
Jenderal Ahmad Yani Airport,ID,ID-JT,AS,Semarang,SRG,WAHS,-6.970732,110.373244,10.0,yes,large_airport,yes,https://en.wikipedia.org/wiki/Achmad_Yani_Airport
Jerez Airport,ES,ES-AN,EU,Jerez de la Frontera,XRY,LEJR,36.744598,-6.06011,93.0,yes,medium_airport,yes,https://en.wikipedia.org/wiki/Jerez_Airport
Jersey Airport,JE,JE-U-A,EU,St. Peter,JER,EGJJ,49.207901,-2.19551,277.0,yes,medium_airport,yes,https://en.wikipedia.org/wiki/Jersey_Airport
Jessore Airport,BD,BD-D,AS,Jashore (Jessore),JSR,VGJR,23.1838,89.160797,20.0,yes,medium_airport,no,https://en.wikipedia.org/wiki/Jessore_Airport
Ji-Paraná Airport,BR,BR-RO,SA,Ji-Paraná,JPR,SBJI,-10.870743,-61.846675,598.0,yes,small_airport,no,https://en.wikipedia.org/wiki/Ji-Paran%C3%A1_Airport
Jiamusi Songjiang International Airport,CN,CN-23,AS,Jiamusi,JMU,ZYJM,46.842793,130.46426,262.0,yes,medium_airport,yes,https://en.wikipedia.org/wiki/Jiamusi_Dongjiao_Airport
Jiayuguan International Airport,CN,CN-62,AS,Jiayuguan,JGN,ZLJQ,39.859052,98.339344,5112.0,yes,large_airport,no,https://en.wikipedia.org/wiki/Jiayuguan_Airport
Jieyang Chaoshan International Airport,CN,CN-44,AS,Jieyang (Rongcheng),SWA,ZGOW,23.552,116.5033,,yes,large_airport,yes,https://en.wikipedia.org/wiki/Jieyang_Chaoshan_International_Airport
Jimma Airport,ET,ET-OR,AF,Jimma,JIM,HAJM,7.66609001159668,36.81660079956055,5500.0,yes,medium_airport,no,https://en.wikipedia.org/wiki/Aba_Segud_Airport
Jinan Yaoqiang International Airport,CN,CN-37,AS,Jinan (Licheng),TNA,ZSJN,36.857201,117.216003,76.0,yes,large_airport,yes,https://en.wikipedia.org/wiki/Jinan_Yaoqiang_International_Airport
Jinchang Jinchuan Airport,CN,CN-62,AS,Jinchang,JIC,ZLJC,38.542222,102.348333,4740.0,yes,medium_airport,no,https://en.wikipedia.org/wiki/Jinchang_Jinchuan_Airport
Jingdezhen Luojia Airport,CN,CN-36,AS,Jingdezhen,JDZ,ZSJD,29.3386,117.176003,112.0,yes,medium_airport,no,https://en.wikipedia.org/wiki/Jingdezhen_Luojia_Airport
Jinggangshan Airport,CN,CN-36,AS,Ji'an,JGS,ZSGS,26.856899,114.737,281.0,yes,medium_airport,no,https://en.wikipedia.org/wiki/Ji%27an_Jinggangshan_Airport
Jining Da'an Airport,CN,CN-37,AS,Jining,JNG,ZSJG,35.647358,116.743269,171.0,yes,medium_airport,no,https://en.wikipedia.org/wiki/Jining_Da%27an_Airport
Jinnah International Airport,PK,PK-SD,AS,Karachi,KHI,OPKC,24.9065,67.160797,100.0,yes,large_airport,yes,https://en.wikipedia.org/wiki/Jinnah_International_Airport
Jinzhou Bay Airport,CN,CN-21,AS,Jinzhou (Linghai),JNZ,ZYJZ,40.936032,121.277114,,yes,medium_airport,no,https://en.wikipedia.org/wiki/Jinzhou_Bay_Airport
Jiujiang Lushan Airport,CN,CN-36,AS,Jiujiang,JIU,ZSJJ,29.476944,115.801111,,yes,small_airport,no,https://en.wikipedia.org/wiki/Jiujiang_Lushan_Airport
Jiuzhai Huanglong Airport,CN,CN-51,AS,Ngawa (Songpan),JZH,ZUJZ,32.853333,103.682222,11327.0,yes,medium_airport,no,https://en.wikipedia.org/wiki/Jiuzhai_Huanglong_Airport
Jixi Xingkaihu Airport,CN,CN-23,AS,Jixi,JXA,ZYJX,45.293,131.193,760.0,yes,medium_airport,no,https://en.wikipedia.org/wiki/Jixi_Xingkaihu_Airport
Jizan Regional Airport / King Abdullah bin Abdulaziz Airport,SA,SA-09,AS,Jizan,GIZ,OEGN,16.9011,42.5858,20.0,yes,medium_airport,yes,https://en.wikipedia.org/wiki/Jizan_Regional_Airport
Jodhpur Airport,IN,IN-RJ,AS,Jodhpur,JDH,VIJO,26.251100540161133,73.04889678955078,717.0,yes,medium_airport,no,https://en.wikipedia.org/wiki/Jodhpur_Airport
Joensuu Airport,FI,FI-13,EU,Joensuu,JOE,EFJO,62.658815,29.619398,398.0,yes,medium_airport,no,https://en.wikipedia.org/wiki/Joensuu_Airport
Johan Adolf Pengel International Airport,SR,SR-PR,SA,Paramaribo,PBM,SMJP,5.45283,-55.187801,59.0,yes,large_airport,yes,https://en.wikipedia.org/wiki/Johan_Adolf_Pengel_International_Airport
John C. Munro Hamilton International Airport,CA,CA-ON,NA,Hamilton,YHM,CYHM,43.17348,-79.931185,780.0,yes,medium_airport,yes,https://en.wikipedia.org/wiki/Hamilton/John_C._Munro_International_Airport
John F. Kennedy International Airport,US,US-NY,NA,New York,JFK,KJFK,40.639447,-73.779317,13.0,yes,large_airport,yes,https://en.wikipedia.org/wiki/John_F._Kennedy_International_Airport
John Glenn Columbus International Airport,US,US-OH,NA,Columbus,CMH,KCMH,39.998001,-82.891899,815.0,yes,large_airport,yes,https://en.wikipedia.org/wiki/John_Glenn_Columbus_International_Airport
John Greif II Airport,BZ,BZ-CY,NA,San Pedro,SPR,MZSP,17.9139,-87.9711,4.0,yes,medium_airport,no,https://en.wikipedia.org/wiki/San_Pedro_Airport
John Murtha Johnstown Cambria County Airport,US,US-PA,NA,Johnstown,JST,KJST,40.31610107421875,-78.83390045166016,2284.0,yes,medium_airport,no,https://en.wikipedia.org/wiki/Johnstown-Cambria_County_Airport
John Wayne Orange County International Airport,US,US-CA,NA,Santa Ana,SNA,KSNA,33.675063,-117.869281,56.0,yes,large_airport,yes,https://en.wikipedia.org/wiki/John_Wayne_Airport
Jolo Airport,PH,PH-SLU,AS,Jolo,JOL,RPMJ,6.05367,121.011002,118.0,yes,medium_airport,no,https://en.wikipedia.org/wiki/Jolo_Airport
Jomo Kenyatta International Airport,KE,KE-47,AF,Nairobi,NBO,HKJK,-1.318886,36.928233,5330.0,yes,large_airport,yes,https://en.wikipedia.org/wiki/Jomo_Kenyatta_International_Airport
Jonesboro Municipal Airport,US,US-AR,NA,Jonesboro,JBR,KJBR,35.83169937133789,-90.64640045166016,262.0,yes,medium_airport,no,https://en.wikipedia.org/wiki/Jonesboro_Municipal_Airport
Joplin Regional Airport,US,US-MO,NA,Joplin,JLN,KJLN,37.151798,-94.498299,981.0,yes,medium_airport,no,https://en.wikipedia.org/wiki/Joplin_Regional_Airport
Jorge Chávez International Airport,PE,PE-LIM,SA,Lima,LIM,SPJC,-12.0219,-77.114305,113.0,yes,large_airport,yes,https://en.wikipedia.org/wiki/Jorge_Ch%C3%A1vez_International_Airport
Jorge E. Gonzalez Torres Airport,CO,CO-GUV,SA,San José Del Guaviare,SJE,SKSJ,2.57969,-72.6394,605.0,yes,medium_airport,no,https://en.wikipedia.org/wiki/Jorge_Enrique_Gonz%C3%A1lez_Torres_Airport
Jorge Wilsterman International Airport,BO,BO-C,SA,Cochabamba,CBB,SLCB,-17.421105,-66.177102,8360.0,yes,large_airport,yes,https://en.wikipedia.org/wiki/Jorge_Wilstermann_International_Airport
Jose Maria Córdova International Airport,CO,CO-ANT,SA,Medellín,MDE,SKRG,6.16454,-75.4231,6955.0,yes,large_airport,yes,https://en.wikipedia.org/wiki/Jos%C3%A9_Mar%C3%ADa_C%C3%B3rdova_International_Airport
Josefa Camejo International Airport,VE,VE-I,SA,Paraguaná,LSP,SVJC,11.780775,-70.151497,75.0,yes,medium_airport,no,https://en.wikipedia.org/wiki/Josefa_Camejo_International_Airport
Josep Tarradellas Barcelona-El Prat Airport,ES,ES-CT,EU,Barcelona,BCN,LEBL,41.2971,2.07846,12.0,yes,large_airport,yes,https://en.wikipedia.org/wiki/Barcelona%E2%80%93El_Prat_Airport
Joshua Mqabuko Nkomo International Airport,ZW,ZW-BU,AF,Bulawayo,BUQ,FVJN,-20.016284,28.622897,4359.0,yes,large_airport,yes,https://en.wikipedia.org/wiki/Joshua_Mqabuko_Nkomo_International_Airport
Joslin Field Magic Valley Regional Airport,US,US-ID,NA,Twin Falls,TWF,KTWF,42.4818,-114.487999,4154.0,yes,medium_airport,no,https://en.wikipedia.org/wiki/Magic_Valley_Regional_Airport
José Celestino Mutis Airport,CO,CO-CHO,SA,Bahía Solano,BSC,SKBS,6.20292,-77.3947,80.0,yes,medium_airport,no,https://en.wikipedia.org/wiki/Jos%C3%A9_Celestino_Mutis_Airport
José Joaquín de Olmedo International Airport,EC,EC-G,SA,Guayaquil,GYE,SEGU,-2.15742,-79.883598,19.0,yes,large_airport,yes,https://en.wikipedia.org/wiki/José_Joaquín_de_Olmedo_International_Airport
José Leonardo Chirinos Airport,VE,VE-I,SA,Coro,CZE,SVCR,11.414944,-69.680901,52.0,yes,medium_airport,no,https://en.wikipedia.org/wiki/Jos%C3%A9_Leonardo_Chirino_Airport
José Martí International Airport,CU,CU-03,NA,Havana,HAV,MUHA,22.989200592041016,-82.40910339355469,210.0,yes,large_airport,yes,https://en.wikipedia.org/wiki/Jos%C3%A9_Mart%C3%AD_International_Airport
José Tadeo Monagas International Airport,VE,VE-N,SA,Maturín,MUN,SVMT,9.749023,-63.153348,224.0,yes,medium_airport,no,https://en.wikipedia.org/wiki/Jos%C3%A9_Tadeo_Monagas_International_Airport
Joya Andina International Airport,BO,BO-P,SA,Quijarro,UYU,SLUY,-20.441304,-66.857553,11136.0,yes,large_airport,no,https://en.wikipedia.org/wiki/Uyuni_Airport
João Correa da Rocha Airport,BR,BR-PA,SA,Marabá,MAB,SBMA,-5.36859,-49.138,357.0,yes,medium_airport,no,https://en.wikipedia.org/wiki/Marab%C3%A1_Airport
João Paulo II Airport,PT,PT-20,EU,Ponta Delgada,PDL,LPPD,37.7411994934,-25.6979007721,259.0,yes,large_airport,yes,https://en.wikipedia.org/wiki/Jo%C3%A3o_Paulo_II_Airport
João Simões Lopes Neto International Airport,BR,BR-RS,SA,Pelotas,PET,SBPK,-31.717189,-52.327796,59.0,yes,medium_airport,no,https://en.wikipedia.org/wiki/Pelotas_International_Airport
Juan Gualberto Gomez International Airport,CU,CU-04,NA,Matanzas,VRA,MUVR,23.034401,-81.435303,210.0,yes,large_airport,yes,https://en.wikipedia.org/wiki/Juan_Gualberto_G%C3%B3mez_Airport
Juan Manuel Gálvez International Airport,HN,HN-IB,NA,Coxen Hole,RTB,MHRO,16.316799,-86.523003,39.0,yes,large_airport,yes,https://en.wikipedia.org/wiki/Juan_Manuel_G%C3%A1lvez_International_Airport
Juan Mendoza International Airport,BO,BO-O,SA,Oruro,ORU,SLOR,-17.956151,-67.075829,12152.0,yes,large_airport,no,https://en.wikipedia.org/wiki/Juan_Mendoza_Airport
Juan Pablo Pérez Alfonso Airport,VE,VE-L,SA,El Vigía,VIG,SVVG,8.624139,-71.672668,250.0,yes,medium_airport,no,https://en.wikipedia.org/wiki/Juan_Pablo_P%C3%A9rez_Alfonzo_Airport
Juan Santamaría International Airport,CR,CR-A,NA,San José (Alajuela),SJO,MROC,9.99386,-84.208801,3021.0,yes,large_airport,yes,https://en.wikipedia.org/wiki/Juan_Santamar%C3%ADa_International_Airport
Juan Vicente Gómez International Airport,VE,VE-S,SA,San Antonio del Tachira,SVZ,SVSA,7.840809,-72.439878,1312.0,yes,medium_airport,no,https://en.wikipedia.org/wiki/Juan_Vicente_G%C3%B3mez_International_Airport
Juancho E. Yrausquin Airport,BQ,BQ-SA,NA,Zion's Hill,SAB,TNCS,17.64533,-63.220514,60.0,yes,medium_airport,yes,https://en.wikipedia.org/wiki/Juancho_E._Yrausquin_Airport
Juanda International Airport,ID,ID-JI,AS,Surabaya,SUB,WARR,-7.37983,112.787003,9.0,yes,large_airport,yes,https://en.wikipedia.org/wiki/Juanda_International_Airport
Juba International Airport,SS,SS-EC,AF,Juba,JUB,HJJJ,4.87201,31.601101,1513.0,yes,large_airport,yes,https://en.wikipedia.org/wiki/Juba_Airport
Julia Creek Airport,AU,AU-QLD,OC,,JCK,YJLC,-20.66830062866211,141.72300720214844,404.0,yes,small_airport,no,https://en.wikipedia.org/wiki/Julia_Creek_Airport
Julius Nyerere International Airport,TZ,TZ-02,AF,Dar es Salaam,DAR,HTDA,-6.873499,39.207288,182.0,yes,large_airport,yes,https://en.wikipedia.org/wiki/Julius_Nyerere_International_Airport
Jumandy Airport,EC,EC-N,SA,Ahuano,TNW,SEJD,-1.060185,-77.580525,1234.0,no,medium_airport,no,https://en.wikipedia.org/wiki/Jumandy_Airport
Juneau International Airport,US,US-AK,NA,Juneau,JNU,PAJN,58.354935,-134.574416,21.0,yes,medium_airport,yes,https://en.wikipedia.org/wiki/Juneau_International_Airport
Juwata International Airport / Suharnoko Harbani AFB,ID,ID-KU,AS,Tarakan,TRK,WAQQ,3.325145,117.564169,23.0,yes,medium_airport,no,https://en.wikipedia.org/wiki/Juwata_Airport
Jyväskylä Airport,FI,FI-08,EU,Jyväskylän Maalaiskunta,JYV,EFJY,62.399502,25.678301,459.0,yes,medium_airport,no,https://en.wikipedia.org/wiki/Jyv%C3%A4skyl%C3%A4_Airport
Jönköping Airport,SE,SE-F,EU,Jönköping,JKG,ESGJ,57.757598876953125,14.068699836730955,741.0,yes,medium_airport,no,https://en.wikipedia.org/wiki/J%C3%B6nk%C3%B6ping_Airport
K. D. Matanzima Airport,ZA,ZA-EC,AF,Mthatha,UTT,FAUT,-31.5463631849,28.6733551025,2400.0,yes,medium_airport,no,https://en.wikipedia.org/wiki/K.D._Matanzima_Airport
Kaadedhdhoo Airport,MV,MV-28,AS,Huvadhu Atoll,KDM,VRMT,0.488131,72.996902,2.0,yes,medium_airport,no,https://en.wikipedia.org/wiki/Kaadedhdhoo_Domestic_Airport
Kabul International Airport,AF,AF-KAB,AS,Kabul,KBL,OAKB,34.565899,69.212303,5877.0,yes,large_airport,yes,https://en.wikipedia.org/wiki/Kabul_International_Airport
Kadhdhoo Airport,MV,MV-05,AS,Kadhdhoo,KDO,VRMK,1.8591699600219729,73.52189636230469,4.0,yes,medium_airport,no,https://en.wikipedia.org/wiki/Kadhdhoo_Airport
Kaduna International Airport,NG,NG-KD,AF,Kaduna,KAD,DNKA,10.696,7.32011,2073.0,yes,large_airport,no,https://en.wikipedia.org/wiki/Kaduna_Airport
Kaghau Airport,SB,SB-CH,OC,Kagau Island,KGE,AGKG,-7.3305,157.585,30.0,yes,small_airport,no,https://en.wikipedia.org/wiki/Kaghau_Airport
Kagoshima Airport,JP,JP-46,AS,Kagoshima,KOJ,RJFK,31.8034,130.718994,906.0,yes,large_airport,yes,https://en.wikipedia.org/wiki/Kagoshima_Airport
Kahramanmaraş Airport,TR,TR-46,AS,Kahramanmaraş,KCM,LTCN,37.5388259888,36.9535217285,1723.0,yes,medium_airport,no,https://en.wikipedia.org/wiki/Kahramanmara%C5%9F_Airport
Kahului International Airport,US,US-HI,OC,Kahului,OGG,PHOG,20.896263,-156.431837,54.0,yes,large_airport,no,https://en.wikipedia.org/wiki/Kahului_Airport
Kaitaia Airport,NZ,NZ-NTL,OC,Awanui,KAT,NZKT,-35.069837,173.287053,270.0,yes,medium_airport,no,https://en.wikipedia.org/wiki/Kaitaia_Airport
Kajaani Airport,FI,FI-05,EU,Kajaani,KAJ,EFKI,64.2855,27.6924,483.0,yes,medium_airport,no,https://en.wikipedia.org/wiki/Kajaani_Airport
Kake Seaplane Base,US,US-AK,NA,Kake,KAE,,56.973,-133.945999,,yes,seaplane_base,no,https://en.wikipedia.org/wiki/Kake_Seaplane_Base
Kalamata Airport,GR,GR-J,EU,Kalamata,KLX,LGKL,37.06829833984375,22.02549934387207,26.0,yes,medium_airport,yes,https://en.wikipedia.org/wiki/Kalamata_International_Airport
Kalamazoo/Battle Creek International Airport,US,US-MI,NA,Kalamazoo,AZO,KAZO,42.232105,-85.549637,874.0,yes,medium_airport,no,https://en.wikipedia.org/wiki/Kalamazoo-Battle_Creek_International_Airport
Kalemie Airport,CD,CD-TA,AF,Kalemie,FMI,FZRF,-5.87556,29.25,2569.0,yes,medium_airport,no,https://en.wikipedia.org/wiki/Kalemie_Airport
Kalgoorlie Boulder Airport,AU,AU-WA,OC,Broadwood,KGI,YPKG,-30.791543,121.464586,1203.0,yes,medium_airport,no,https://en.wikipedia.org/wiki/Kalgoorlie-Boulder_Airport
Kalibo International Airport,PH,PH-AKL,AS,Kalibo,KLO,RPVK,11.6794,122.375999,14.0,yes,large_airport,yes,https://en.wikipedia.org/wiki/Kalibo_International_Airport
Kalimarau Airport,ID,ID-KI,AS,Tanjung Redeb - Borneo Island,BEJ,WAQT,2.14776,117.430705,59.0,yes,medium_airport,no,https://en.wikipedia.org/wiki/Kalimarau_Airport
Kalmar Airport,SE,SE-H,EU,Kalmar,KLR,ESMQ,56.685501,16.2876,17.0,yes,medium_airport,no,https://en.wikipedia.org/wiki/Kalmar_Airport
Kalskag Airport,US,US-AK,NA,Kalskag,KLG,PALG,61.53630065917969,-160.34100341796875,55.0,yes,small_airport,no,https://en.wikipedia.org/wiki/Kalskag_Airport
Kaltag Airport,US,US-AK,NA,Kaltag,KAL,PAKV,64.31864,-158.74197,181.0,yes,small_airport,no,https://en.wikipedia.org/wiki/Kaltag_Airport
Kalymnos Airport,GR,GR-L,EU,Kalymnos Island,JKL,LGKY,36.9632987976,26.9405994415,771.0,yes,small_airport,no,https://en.wikipedia.org/wiki/Kalymnos_Island_National_Airport
Kamembe Airport,RW,RW-04,AF,Kamembe,KME,HRZA,-2.462239980697632,28.907899856567383,5192.0,yes,medium_airport,no,https://en.wikipedia.org/wiki/Kamembe_Airport
Kamloops John Moose Fulton Field Regional Airport,CA,CA-BC,NA,Kamloops,YKA,CYKA,50.703038,-120.448641,1133.0,yes,medium_airport,yes,https://en.wikipedia.org/wiki/Kamloops_Airport
Kamuzu International Airport,MW,MW-LI,AF,Lumbadzi,LLW,FWKI,-13.7894,33.780998,4035.0,yes,large_airport,yes,https://en.wikipedia.org/wiki/Kamuzu_International_Airport
Kananga Airport,CD,CD-KC,AF,Kananga,KGA,FZUA,-5.90005,22.4692,2139.0,yes,medium_airport,no,https://en.wikipedia.org/wiki/Kananga_Airport
Kangding Airport,CN,CN-51,AS,Garzê (Kangding),KGT,ZUKD,30.142464,101.73872,14042.0,yes,medium_airport,no,https://en.wikipedia.org/wiki/Kangding_Airport
Kangerlussuaq International Airport,GL,GL-QA,NA,Kangerlussuaq,SFJ,BGSF,67.010446,-50.715294,165.0,yes,medium_airport,yes,https://en.wikipedia.org/wiki/Kangerlussuaq_Airport
Kangersuatsiaq Heliport,GL,GL-AV,NA,Kangersuatsiaq,KGQ,,72.381092,-55.536586,112.0,yes,heliport,no,https://en.wikipedia.org/wiki/Kangersuatsiaq_Heliport
Kangiqsualujjuaq (Georges River) Airport,CA,CA-QC,NA,Kangiqsualujjuaq,XGR,CYLU,58.711399,-65.992798,215.0,yes,small_airport,no,https://en.wikipedia.org/wiki/Kangiqsualujjuaq_(Georges_River)_Airport
Kangiqsujuaq (Wakeham Bay) Airport,CA,CA-QC,NA,Kangiqsujuaq,YWB,CYKG,61.5886,-71.929398,501.0,yes,small_airport,no,https://en.wikipedia.org/wiki/Kangiqsujuaq_(Wakeham_Bay)_Airport
Kangirsuk Airport,CA,CA-QC,NA,Kangirsuk,YKG,CYAS,60.027199,-69.999199,403.0,yes,small_airport,no,https://en.wikipedia.org/wiki/Kangirsuk_Airport
Kangra Airport,IN,IN-HP,AS,Kangra,DHM,VIGG,32.164902,76.263018,2525.0,yes,medium_airport,no,https://en.wikipedia.org/wiki/Kangra_Airport
Kanpur Airport,IN,IN-UP,AS,Kanpur,KNU,VECX,26.404301,80.410103,410.0,yes,medium_airport,no,https://en.wikipedia.org/wiki/Kanpur_Airport
Kansai International Airport,JP,JP-27,AS,Osaka,KIX,RJBB,34.427299,135.244003,26.0,yes,large_airport,yes,https://en.wikipedia.org/wiki/Kansai_International_Airport
Kansas City International Airport,US,US-MO,NA,Kansas City,MCI,KMCI,39.301699,-94.713893,1026.0,yes,large_airport,yes,https://en.wikipedia.org/wiki/Kansas_City_International_Airport
Kaohsiung International Airport,TW,TW-KHH,AS,Kaohsiung (Xiaogang),KHH,RCKH,22.577101,120.349998,31.0,yes,large_airport,yes,https://en.wikipedia.org/wiki/Kaohsiung_International_Airport
Kapalua Airport,US,US-HI,OC,Lahaina,JHM,PHJH,20.9629,-156.673004,256.0,yes,medium_airport,no,https://en.wikipedia.org/wiki/Kapalua_Airport
Kapuskasing Airport,CA,CA-ON,NA,Kapuskasing,YYU,CYYU,49.411587,-82.469645,743.0,no,medium_airport,no,https://en.wikipedia.org/wiki/Kapuskasing_Airport
Karamay Airport,CN,CN-65,AS,Karamay,KRY,ZWKM,45.46655,84.9527,,yes,small_airport,no,https://en.wikipedia.org/wiki/Karamay_Airport
Karel Sadsuitubun Airport,ID,ID-MA,AS,Langgur,LUV,WAPF,-5.760278,132.759444,78.0,yes,medium_airport,no,https://en.wikipedia.org/wiki/Karel_Sadsuitubun_Airport
Karlovy Vary Airport,CZ,CZ-KA,EU,Karlovy Vary,KLV,LKKV,50.202999,12.915,1989.0,yes,large_airport,yes,https://en.wikipedia.org/wiki/Karlovy_Vary_Airport
Karlsruhe Baden-Baden Airport,DE,DE-BW,EU,Rheinmünster,FKB,EDSB,48.7794,8.0805,408.0,yes,large_airport,yes,https://en.wikipedia.org/wiki/Baden_Airpark
Karlstad Airport,SE,SE-S,EU,Karlstad,KSD,ESOK,59.444698,13.3374,352.0,yes,medium_airport,no,https://en.wikipedia.org/wiki/Karlstad_Airport
Karluk Airport,US,US-AK,NA,Karluk,KYK,PAKY,57.565919,-154.453762,137.0,yes,small_airport,no,https://en.wikipedia.org/wiki/Karluk_Airport
Karpathos Airport,GR,GR-L,EU,Karpathos Island,AOK,LGKP,35.421398,27.146,66.0,yes,medium_airport,yes,https://en.wikipedia.org/wiki/Karpathos_Island_National_Airport
Karratha Airport,AU,AU-WA,OC,Karratha,KTA,YPKA,-20.712200164799995,116.773002625,29.0,yes,medium_airport,no,https://en.wikipedia.org/wiki/Karratha_Airport
Kars Airport,TR,TR-36,AS,Kars,KSY,LTCF,40.562198638916016,43.1150016784668,5889.0,yes,medium_airport,no,https://en.wikipedia.org/wiki/Kars_Airport
Karshi Airport,UZ,UZ-QA,AS,Karshi,KSQ,UZSK,38.802246,65.773068,1230.0,yes,small_airport,yes,https://en.wikipedia.org/wiki/Karshi_Airport
Kasabonika Airport,CA,CA-ON,NA,Kasabonika,XKS,CYAQ,53.52470016479492,-88.6427993774414,672.0,yes,medium_airport,no,https://en.wikipedia.org/wiki/Kasabonika_Airport
Kasama Airport,ZM,ZM-05,AF,Kasama,KAA,FLKS,-10.210169,31.123045,4541.0,yes,small_airport,no,https://en.wikipedia.org/wiki/Kasama_Airport
Kasane International Airport,BW,BW-CH,AF,Kasane,BBK,FBKE,-17.831653,25.166195,3289.0,yes,large_airport,yes,https://en.wikipedia.org/wiki/Kasane_Airport
Kasese Airport,UG,UG-W,AF,Kasese,KSE,HUKS,0.183,30.1,3146.0,no,small_airport,no,https://en.wikipedia.org/wiki/Kasese_Airport
Kashechewan Airport,CA,CA-ON,NA,Kashechewan,ZKE,CZKE,52.282501,-81.677803,35.0,yes,small_airport,no,https://en.wikipedia.org/wiki/Kashechewan_Airport
Kashgar Laining International Airport,CN,CN-65,AS,Kashgar,KHG,ZWSH,39.542273,76.02023,4529.0,yes,large_airport,no,https://en.wikipedia.org/wiki/Kashgar_Laining_International_Airport
Kasigluk Airport,US,US-AK,NA,Kasigluk,KUK,PFKA,60.872747,-162.5247,48.0,yes,small_airport,no,https://en.wikipedia.org/wiki/Kasigluk_Airport
Kasiguncu Airport,ID,ID-ST,AS,Poso-Celebes Island,PSJ,,-1.414121,120.659241,174.0,no,medium_airport,no,https://en.wikipedia.org/wiki/Kasiguncu_Airport
Kasos Airport,GR,GR-L,EU,Kasos Island,KSJ,LGKS,35.4213981628,26.9099998474,35.0,yes,small_airport,no,https://en.wikipedia.org/wiki/Kassos_Island_Public_Airport
Kassel Airport,DE,DE-HE,EU,Calden,KSF,EDVK,51.418395,9.391638,820.0,yes,large_airport,no,https://en.wikipedia.org/wiki/Kassel_Airport
Kastamonu Airport,TR,TR-37,AS,Kastamonu,KFS,LTAL,41.314201,33.795799,3520.0,yes,medium_airport,no,https://en.wikipedia.org/wiki/Kastamonu_Airport
Kastelorizo Airport,GR,GR-L,AS,Kastelorizo Island,KZS,LGKJ,36.141701,29.576401,489.0,yes,small_airport,no,https://en.wikipedia.org/wiki/Kastellorizo_Airport
Kastoria National Airport Aristotle,GR,GR-C,EU,Argos Orestiko,KSO,LGKA,40.446301,21.2822,2167.0,yes,small_airport,no,https://en.wikipedia.org/wiki/Kastoria_National_Airport
Katima Mulilo Airport,NA,NA-CA,AF,Mpacha,MPA,FYKM,-17.634258,24.176688,3144.0,yes,medium_airport,no,https://en.wikipedia.org/wiki/Katima_Mulilo_Airport
Katiu Airport,PF,PF-U-A,OC,Katiu,KXU,NTKT,-16.339681,-144.407966,7.0,no,small_airport,no,https://fr.wikipedia.org/wiki/A%C3%A9rodrome_de_Katiu
Katowice Wojciech Korfanty International Airport,PL,PL-SL,EU,Katowice,KTW,EPKT,50.476015,19.080705,995.0,yes,large_airport,yes,https://en.wikipedia.org/wiki/Katowice_International_Airport
Kauehi Airport,PF,PF-U-A,OC,Kauehi,KHZ,NTKA,-15.780622,-145.128443,13.0,yes,small_airport,no,https://en.wikipedia.org/wiki/Kauehi_Aerodrome
Kaukura Airport,PF,PF-U-A,OC,Raitahiti,KKR,NTGK,-15.6633,-146.884995,11.0,yes,medium_airport,no,https://en.wikipedia.org/wiki/Kaukura_Airport
Kaunas International Airport,LT,LT-KU,EU,Kaunas,KUN,EYKA,54.963965,24.08582,256.0,yes,large_airport,yes,https://en.wikipedia.org/wiki/Kaunas_Airport
Kavala Alexander the Great International Airport,GR,GR-A,EU,Kavala,KVA,LGKV,40.9133,24.6192,18.0,yes,large_airport,yes,https://en.wikipedia.org/wiki/Kavala_International_Airport
Kavieng Airport,PG,PG-NIK,OC,Kavieng,KVG,AYKV,-2.57940006256,150.807998657,7.0,yes,medium_airport,no,https://en.wikipedia.org/wiki/Kavieng_Airport
Kawthoung Airport,MM,MM-05,AS,Kawthoung,KAW,VYKT,10.04930019378662,98.53800201416016,180.0,yes,medium_airport,no,https://en.wikipedia.org/wiki/Kawthaung_Airport
Kayseri Erkilet International Airport,TR,TR-38,AS,Kayseri,ASR,LTAU,38.770401,35.495399,3463.0,yes,large_airport,yes,https://en.wikipedia.org/wiki/Erkilet_Airport
Kazan International Airport,RU,RU-TA,AS,Kazan,KZN,UWKD,55.606201,49.278702,411.0,yes,large_airport,yes,https://en.wikipedia.org/wiki/Kazan_International_Airport
Kearney Regional Airport,US,US-NE,NA,Kearney,EAR,KEAR,40.727001,-99.006798,2131.0,yes,medium_airport,no,https://en.wikipedia.org/wiki/Kearney_Municipal_Airport
Keewaywin Airport,CA,CA-ON,NA,Keewaywin,KEW,,52.9911,-92.836403,988.0,yes,small_airport,no,https://en.wikipedia.org/wiki/Keewaywin_Airport
Kefallinia Airport,GR,GR-F,EU,Kefallinia Island,EFL,LGKF,38.12009811401367,20.500499725341797,59.0,yes,medium_airport,yes,https://en.wikipedia.org/wiki/Kefalonia_Island_International_Airport
Keflavik International Airport,IS,IS-2,EU,Reykjavík,KEF,BIKF,63.985001,-22.6056,171.0,yes,large_airport,yes,https://en.wikipedia.org/wiki/Keflav%C3%ADk_International_Airport
Kelowna International Airport,CA,CA-BC,NA,Kelowna,YLW,CYLW,49.9561,-119.377998,1421.0,yes,large_airport,yes,https://en.wikipedia.org/wiki/Kelowna_International_Airport
Kemi-Tornio Airport,FI,FI-10,EU,Kemi / Tornio,KEM,EFKE,65.778701782227,24.582099914551,61.0,yes,medium_airport,no,https://en.wikipedia.org/wiki/Kemi-Tornio_Airport
Kempegowda International Airport Bengaluru,IN,IN-KA,AS,Bengaluru,BLR,VOBL,13.1979,77.706299,3000.0,yes,large_airport,yes,https://en.wikipedia.org/wiki/Kempegowda_International_Airport
Kenai Municipal Airport,US,US-AK,NA,Kenai,ENA,PAEN,60.570946,-151.245174,99.0,yes,medium_airport,no,https://en.wikipedia.org/wiki/Kenai_Municipal_Airport
Kengtung Airport,MM,MM-17,AS,Kengtung,KET,VYKG,21.301599502563477,99.63600158691406,2798.0,yes,medium_airport,no,https://en.wikipedia.org/wiki/Kengtung_Airport
Kenmore Air Harbor Seaplane Base,US,US-WA,NA,Seattle,LKE,,47.629002,-122.338997,14.0,yes,seaplane_base,yes,https://en.wikipedia.org/wiki/Kenmore_Air_Harbor_Seaplane_Base
Kenneth Kaunda International Airport,ZM,ZM-09,AF,Lusaka,LUN,FLKK,-15.330833,28.452722,3779.0,yes,large_airport,yes,https://en.wikipedia.org/wiki/Kenneth_Kaunda_International_Airport
Kenora Airport,CA,CA-ON,NA,Kenora,YQK,CYQK,49.788299560546875,-94.36309814453124,1332.0,yes,medium_airport,no,https://en.wikipedia.org/wiki/Kenora_Airport
Kerikeri Airport,NZ,NZ-NTL,OC,Kerikeri,KKE,NZKK,-35.259148,173.913317,492.0,yes,medium_airport,no,https://en.wikipedia.org/wiki/Kerikeri_Airport
Kerry Airport,IE,IE-KY,EU,Farranfore,KIR,EIKY,52.180901,-9.52378,112.0,yes,medium_airport,yes,https://en.wikipedia.org/wiki/Kerry_Airport
Kerteh Airport,MY,MY-11,AS,Kerteh,KTE,WMKE,4.53722,103.427002,18.0,no,medium_airport,no,https://en.wikipedia.org/wiki/Kerteh_Airport
Ketchikan International Airport,US,US-AK,NA,Ketchikan,KTN,PAKT,55.35559845,-131.7140045,89.0,yes,medium_airport,yes,https://en.wikipedia.org/wiki/Ketchikan_International_Airport
Key Field / Meridian Regional Airport,US,US-MS,NA,Meridian,MEI,KMEI,32.3326,-88.7519,297.0,yes,medium_airport,no,https://en.wikipedia.org/wiki/Meridian_Regional_Airport
Key West International Airport,US,US-FL,NA,Key West,EYW,KEYW,24.556119,-81.759579,3.0,yes,medium_airport,yes,https://en.wikipedia.org/wiki/Key_West_International_Airport
Khabarovsk Novy Airport,RU,RU-KHA,AS,Khabarovsk,KHV,UHHH,48.528338,135.188588,244.0,yes,medium_airport,yes,https://en.wikipedia.org/wiki/Khabarovsk_Novy_Airport
Khajuraho Airport,IN,IN-MP,AS,Khajuraho,HJR,VEKO,24.8172,79.918602,728.0,yes,medium_airport,no,https://en.wikipedia.org/wiki/Khajuraho_Airport
Khanty Mansiysk Airport,RU,RU-KHM,AS,Khanty-Mansiysk,HMA,USHH,61.0285,69.086098,76.0,yes,medium_airport,no,https://en.wikipedia.org/wiki/Khanty-Mansiysk_Airport
Kharkiv International Airport,UA,UA-U-A,EU,Kharkiv,HRK,UKHH,49.926943,36.290814,508.0,no,medium_airport,yes,https://en.wikipedia.org/wiki/Kharkiv_International_Airport
Khartoum International Airport,SD,SD-03,AF,Khartoum,KRT,HSSK,15.5895,32.5532,1265.0,yes,large_airport,yes,https://en.wikipedia.org/wiki/Khartoum_International_Airport
Khasab Airport,OM,OM-MU,AS,Khasab,KHS,OOKB,26.171,56.240601,100.0,yes,medium_airport,no,http://en.wikipedia.org/wiki/Khasab_Airport
Khon Kaen Airport,TH,TH-40,AS,Khon Kaen,KKC,VTUK,16.466600418099997,102.783996582,670.0,yes,medium_airport,no,https://en.wikipedia.org/wiki/Khon_Kaen_Airport
Khoram Abad Airport,IR,IR-15,AS,,KHD,OICK,33.43539810180664,48.282901763916016,3782.0,yes,medium_airport,no,https://en.wikipedia.org/wiki/Khorramabad_Airport
Khovd Airport,MN,MN-043,AS,Khovd,HVD,ZMKD,47.954102,91.628197,4898.0,yes,medium_airport,no,https://en.wikipedia.org/wiki/Khovd_Airport
Khoy Airport,IR,IR-04,AS,Khoy,KHY,OITK,38.4275016784668,44.97359848022461,3981.0,no,small_airport,no,https://en.wikipedia.org/wiki/Khoy_Airport
Khrabrovo Airport,RU,RU-KGD,EU,Kaliningrad,KGD,UMKK,54.89161,20.598559,42.0,yes,large_airport,yes,https://en.wikipedia.org/wiki/Khrabrovo_Airport
Khujand International Airport,TJ,TJ-SU,AS,Khujand,LBD,UTDL,40.215401,69.694702,1450.0,yes,large_airport,yes,https://en.wikipedia.org/wiki/Khudzhand_Airport
Kigali International Airport,RW,RW-01,AF,Kigali,KGL,HRYR,-1.96863,30.1395,4859.0,yes,large_airport,yes,https://en.wikipedia.org/wiki/Kigali_International_Airport
Kilimanjaro International Airport,TZ,TZ-01,AF,Arusha,JRO,HTKJ,-3.427049,37.07353,2932.0,yes,large_airport,yes,https://en.wikipedia.org/wiki/Kilimanjaro_International_Airport
Killeen Regional Airport / Robert Gray Army Airfield,US,US-TX,NA,Fort Cavazos,GRK,KGRK,31.0672,-97.828903,1015.0,yes,medium_airport,no,https://en.wikipedia.org/wiki/Killeen_Regional_Airport
Kimberley Airport,ZA,ZA-NC,AF,Kimberley,KIM,FAKM,-28.805401,24.764872,3950.0,yes,large_airport,no,https://en.wikipedia.org/wiki/Kimberley_Airport
Kimmirut Airport,CA,CA-NU,NA,Kimmirut,YLC,CYLC,62.848253,-69.877853,175.0,yes,small_airport,no,https://en.wikipedia.org/wiki/Kimmirut_Airport
Kindu Airport,CD,CD-MA,AF,Kindu,KND,FZOA,-2.91917991638,25.915399551399997,1630.0,yes,medium_airport,no,https://en.wikipedia.org/wiki/Kindu_Airport
King Abdulaziz International Airport,SA,SA-02,AS,Jeddah,JED,OEJN,21.680241,39.157436,48.0,yes,large_airport,yes,https://en.wikipedia.org/wiki/King_Abdulaziz_International_Airport
King County International Airport - Boeing Field,US,US-WA,NA,Seattle,BFI,KBFI,47.527042,-122.29995,21.0,yes,medium_airport,no,https://en.wikipedia.org/wiki/Boeing_Field
King Cove Airport,US,US-AK,NA,King Cove,KVC,PAVC,55.116299,-162.266006,155.0,yes,small_airport,no,https://en.wikipedia.org/wiki/King_Cove_Airport
King Fahd International Airport,SA,SA-04,AS,Ad Dammam,DMM,OEDF,26.4691,49.798209,72.0,yes,large_airport,yes,https://en.wikipedia.org/wiki/King_Fahd_International_Airport
King Hussein International Airport,JO,JO-AQ,AS,Aqaba,AQJ,OJAQ,29.611601,35.018101,175.0,yes,large_airport,yes,https://en.wikipedia.org/wiki/Aqaba_Airport
King Island Airport,AU,AU-TAS,OC,,KNS,YKII,-39.877498626708984,143.8780059814453,132.0,yes,medium_airport,no,https://en.wikipedia.org/wiki/King_Island_Airport
King Khalid International Airport,SA,SA-01,AS,Riyadh,RUH,OERK,24.9576,46.698799,2049.0,yes,large_airport,yes,https://en.wikipedia.org/wiki/King_Khalid_International_Airport
King Phalo Airport,ZA,ZA-EC,AF,East London,ELS,FAEL,-33.035599,27.825899,435.0,yes,large_airport,yes,https://en.wikipedia.org/wiki/East_London_Airport
King Salmon Airport,US,US-AK,NA,King Salmon,AKN,PAKN,58.677845,-156.651965,73.0,yes,medium_airport,no,https://en.wikipedia.org/wiki/King_Salmon_Airport
King Saud Bin Abdulaziz (Al Baha) Airport,SA,SA-11,AS,Al-Baha,ABT,OEBA,20.298506,41.636153,5486.0,yes,medium_airport,no,https://en.wikipedia.org/wiki/Al-Baha_Domestic_Airport
King Shaka International Airport,ZA,ZA-NL,AF,Durban,DUR,FALE,-29.6144444444,31.1197222222,295.0,yes,large_airport,yes,https://en.wikipedia.org/wiki/King_Shaka_International_Airport
Kingfisher Lake Airport,CA,CA-ON,NA,Kingfisher Lake,KIF,,53.01250076293945,-89.85530090332031,866.0,yes,small_airport,no,https://en.wikipedia.org/wiki/Kingfisher_Lake_Airport
Kingman Airport,US,US-AZ,NA,Kingman,IGM,KIGM,35.259499,-113.938004,3449.0,no,medium_airport,no,https://en.wikipedia.org/wiki/Kingman_Airport_(Arizona)
Kingscote Airport,AU,AU-SA,OC,,KGC,YKSC,-35.71390151977539,137.52099609375,24.0,yes,medium_airport,no,https://en.wikipedia.org/wiki/Kingscote_Airport
Kingston Norman Rogers Airport,CA,CA-ON,NA,Kingston,YGK,CYGK,44.2253,-76.596901,305.0,no,medium_airport,yes,https://en.wikipedia.org/wiki/Kingston/Norman_Rogers_Airport
Kinmen Airport,TW,TW-X-KM,AS,Shang-I,KNH,RCBS,24.4279,118.359001,93.0,yes,medium_airport,no,https://en.wikipedia.org/wiki/Kinmen_Airport
Kipnuk Airport,US,US-AK,NA,Kipnuk,KPN,PAKI,59.931796,-164.028196,11.0,yes,small_airport,no,https://en.wikipedia.org/wiki/Kipnuk_Airport
Kirensk Airport,RU,RU-IRK,AS,Kirensk,KCK,UIKK,57.773,108.064,840.0,no,small_airport,no,https://en.wikipedia.org/wiki/Kirensk_Airport
"Kirkenes Airport, Høybuktmoen",NO,NO-56,EU,Kirkenes,KKN,ENKR,69.7258,29.8913,283.0,yes,medium_airport,no,https://en.wikipedia.org/wiki/Kirkenes_Airport%2C_H%C3%B8ybuktmoen
Kirksville Regional Airport,US,US-MO,NA,Kirksville,IRK,KIRK,40.09349822998047,-92.5448989868164,966.0,yes,medium_airport,no,https://en.wikipedia.org/wiki/Kirksville_Regional_Airport
Kirkwall Airport,GB,GB-SCT,EU,"Kirkwall, Orkney Islands",KOI,EGPA,58.957903,-2.905077,50.0,yes,medium_airport,no,https://en.wikipedia.org/wiki/Kirkwall_Airport
Kirovsk-Apatity Airport,RU,RU-MUR,EU,Apatity,KVK,,67.462851,33.585294,515.0,yes,small_airport,no,https://en.wikipedia.org/wiki/Kirovsk-Apatity_Airport
Kiruna Airport,SE,SE-BD,EU,Kiruna,KRN,ESNQ,67.821999,20.3368,1508.0,yes,large_airport,no,https://en.wikipedia.org/wiki/Kiruna_Airport
Kish International Airport,IR,IR-22,AS,Kish Island,KIH,OIBK,26.525427,53.980462,101.0,yes,large_airport,yes,https://en.wikipedia.org/wiki/Kish_Airport
Kisumu International Airport,KE,KE-42,AF,Kisumu,KIS,HKKI,-0.086139,34.728901,3734.0,yes,large_airport,yes,https://en.wikipedia.org/wiki/Kisumu_Airport
Kitakyushu Airport,JP,JP-40,AS,Kitakyushu,KKJ,RJFR,33.845901,131.035004,21.0,yes,large_airport,yes,https://en.wikipedia.org/wiki/New_Kitakyushu_Airport
Kitale Airport,KE,KE-26,AF,Kitale,KTL,HKKT,0.971989,34.958599,6070.0,no,medium_airport,no,https://en.wikipedia.org/wiki/Kitale_Airport
Kithira Airport,GR,GR-I,EU,Kithira Island,KIT,LGKC,36.273978,23.016719,1045.0,yes,small_airport,no,https://en.wikipedia.org/wiki/Kithira_Island_National_Airport
Kitoi Bay Seaplane Base,US,US-AK,NA,Kitoi Bay,KKB,,58.190899,-152.369995,,yes,seaplane_base,no,https://en.wikipedia.org/wiki/Kitoi_Bay_Seaplane_Base
Kittilä International Airport,FI,FI-10,EU,Kittilä,KTT,EFKT,67.700996,24.8468,644.0,yes,large_airport,yes,https://en.wikipedia.org/wiki/Kittil%C3%A4_Airport
Kiunga Airport,PG,PG-WPD,OC,Kiunga,UNG,AYKI,-6.1257100105285645,141.28199768066406,88.0,yes,small_airport,no,https://en.wikipedia.org/wiki/Kiunga_Airport
Kivalina Airport,US,US-AK,NA,Kivalina,KVL,PAVL,67.734565,-164.559917,13.0,yes,small_airport,no,https://en.wikipedia.org/wiki/Kivalina_Airport
Klagenfurt Airport,AT,AT-2,EU,Klagenfurt am Wörthersee,KLU,LOWK,46.642502,14.3377,1472.0,yes,large_airport,yes,https://en.wikipedia.org/wiki/Klagenfurt_Airport
Klawock Airport,US,US-AK,NA,Klawock,KLW,PAKW,55.579201,-133.076004,80.0,yes,medium_airport,no,https://en.wikipedia.org/wiki/Klawock_Airport
Klemtu Water Aerodrome,CA,CA-BC,NA,Klemtu,YKT,,52.6076345452,-128.521757126,0.0,no,seaplane_base,no,
Knox County Regional Airport,US,US-ME,NA,Rockland,RKD,KRKD,44.060101,-69.099197,56.0,yes,medium_airport,no,https://en.wikipedia.org/wiki/Knox_County_Regional_Airport
Kobe Airport,JP,JP-28,AS,Kobe,UKB,RJBE,34.632801,135.223999,22.0,yes,large_airport,no,https://en.wikipedia.org/wiki/Kobe_Airport
Kobuk Airport,US,US-AK,NA,Kobuk,OBU,PAOB,66.9123,-156.897003,137.0,yes,small_airport,no,https://en.wikipedia.org/wiki/Kobuk_Airport
Kochi Ryoma Airport,JP,JP-39,AS,Nankoku,KCZ,RJOK,33.545217,133.670166,42.0,yes,large_airport,no,https://en.wikipedia.org/wiki/K%C5%8Dchi_Airport
Kodiak Airport,US,US-AK,NA,Kodiak,ADQ,PADQ,57.75,-152.4940033,78.0,yes,medium_airport,no,https://en.wikipedia.org/wiki/Kodiak_Airport
Kogalym International Airport,RU,RU-KHM,AS,Kogalym,KGP,USRK,62.190399169921875,74.53379821777344,220.0,yes,medium_airport,no,https://en.wikipedia.org/wiki/Kogalym_International_Airport
Koggala Airport,LK,LK-3,AS,Galle,KCT,VCCK,5.993680000305176,80.32029724121094,10.0,yes,medium_airport,no,https://en.wikipedia.org/wiki/Koggala_Airport
Kokkola-Pietarsaari Airport,FI,FI-07,EU,Kokkola / Kruunupyy,KOK,EFKK,63.721199,23.143101,84.0,yes,medium_airport,no,https://en.wikipedia.org/wiki/Kokkola-Pietarsaari_Airport
Kokshetau International Airport,KZ,KZ-AKM,AS,Kokshetau,KOV,UACK,53.329102,69.594597,900.0,yes,large_airport,yes,https://en.wikipedia.org/wiki/Kokshetau_Airport
Koltsovo Airport,RU,RU-SVE,AS,Yekaterinburg,SVX,USSS,56.743099212646,60.802700042725,764.0,yes,large_airport,yes,https://en.wikipedia.org/wiki/Koltsovo_Airport
Komatsu Airport / JASDF Komatsu Air Base,JP,JP-17,AS,Kanazawa,KMQ,RJNK,36.393407,136.406895,36.0,yes,large_airport,yes,https://en.wikipedia.org/wiki/Komatsu_Airport
Komodo Airport,ID,ID-NT,AS,"Labuan Bajo, Manggarai Barat",LBJ,WATO,-8.480694,119.888306,66.0,yes,small_airport,yes,https://en.wikipedia.org/wiki/Komodo_Airport
Kongiganak Airport,US,US-AK,NA,Kongiganak,KKH,PADY,59.9608,-162.880997,30.0,yes,small_airport,no,https://en.wikipedia.org/wiki/Kongiganak_Airport
Kongolo Airport,CD,CD-TA,AF,Kongolo,KOO,FZRQ,-5.393898,26.989932,1850.0,no,small_airport,no,https://en.wikipedia.org/wiki/Kongolo_Airport
Konya Airport,TR,TR-42,AS,Konya,KYA,LTAN,37.979,32.561901,3392.0,yes,large_airport,yes,https://en.wikipedia.org/wiki/Konya_Airport
Koné Airport,NC,NC-02,OC,Koné,KNQ,NWWD,-21.053551,164.838768,23.0,yes,medium_airport,no,https://en.wikipedia.org/wiki/Kon%C3%A9_Airport
Kooddoo Airport,MV,MV-27,AS,Huvadhu Atoll,GKK,VRMO,0.7324,73.4336,29.0,yes,small_airport,no,https://en.wikipedia.org/wiki/Kooddoo_Airport
Korkyt Ata International Airport,KZ,KZ-KZY,AS,Kyzylorda,KZO,UAOO,44.706902,65.592499,433.0,yes,large_airport,yes,https://en.wikipedia.org/wiki/Kyzylorda_Airport
Korla Licheng Airport,CN,CN-65,AS,Korla,KRL,ZWKL,41.614979,86.140817,3041.0,yes,medium_airport,no,https://en.wikipedia.org/wiki/Korla_Licheng_Airport
"Kos International Airport ""Ippokratis""",GR,GR-L,AS,Kos Island,KGS,LGKO,36.794523,27.09115,412.0,yes,large_airport,yes,https://en.wikipedia.org/wiki/Kos_International_Airport
Kosrae International Airport,FM,FM-KSA,OC,Okat,KSA,PTSA,5.35698,162.957993,11.0,yes,large_airport,yes,https://en.wikipedia.org/wiki/Kosrae_International_Airport
Kostanay International Airport,KZ,KZ-KUS,AS,Kostanay,KSN,UAUU,53.206902,63.550301,595.0,yes,large_airport,yes,https://en.wikipedia.org/wiki/Kostanai_Airport
Kota Kinabalu International Airport,MY,MY-12,AS,Kota Kinabalu,BKI,WBKK,5.932743,116.049324,10.0,yes,large_airport,yes,https://en.wikipedia.org/wiki/Kota_Kinabalu_International_Airport
Kotlik Airport,US,US-AK,NA,Kotlik,KOT,PFKO,63.030602,-163.533005,15.0,yes,small_airport,no,https://en.wikipedia.org/wiki/Kotlik_Airport
Kotoka International Airport,GH,GH-AA,AF,Accra,ACC,DGAA,5.605189800262451,-0.1667860001325607,205.0,yes,large_airport,yes,https://en.wikipedia.org/wiki/Kotoka_International_Airport
Koumac Airport,NC,NC-02,OC,Koumac,KOC,NWWK,-20.546323,164.255648,42.0,yes,small_airport,no,https://en.wikipedia.org/wiki/Koumac_Airport
Kowanyama Airport,AU,AU-QLD,OC,Kowanyama,KWM,YKOW,-15.485369,141.752572,35.0,yes,medium_airport,no,https://en.wikipedia.org/wiki/Kowanyama_Airport
Koyuk Alfred Adams Airport,US,US-AK,NA,Koyuk,KKA,PAKK,64.939499,-161.154007,154.0,yes,small_airport,no,https://en.wikipedia.org/wiki/Koyuk_Alfred_Adams_Airport
Koyukuk Airport,US,US-AK,NA,Koyukuk,KYU,PFKU,64.876099,-157.727005,149.0,yes,small_airport,no,https://en.wikipedia.org/wiki/Koyukuk_Airport
Kozani National Airport Filippos,GR,GR-C,EU,Kozani,KZI,LGKZ,40.286098,21.840799,2059.0,yes,medium_airport,no,https://en.wikipedia.org/wiki/Kozani_National_Airport
Košice International Airport,SK,SK-KI,EU,Košice,KSC,LZKZ,48.663101,21.2411,755.0,yes,medium_airport,yes,https://en.wikipedia.org/wiki/Ko%C5%A1ice_International_Airport
Krabi International Airport,TH,TH-81,AS,Krabi,KBV,VTSG,8.095591,98.988955,82.0,yes,large_airport,yes,https://en.wikipedia.org/wiki/Krabi_International_Airport
Kraków John Paul II International Airport,PL,PL-MA,EU,Balice,KRK,EPKK,50.077702,19.7848,791.0,yes,large_airport,yes,https://en.wikipedia.org/wiki/Kraków_John_Paul_II_International_Airport
Kramfors-Sollefteå Höga Kusten Airport,SE,SE-Y,EU,Nyland,KRF,ESNK,63.048599,17.7689,34.0,yes,medium_airport,no,https://en.wikipedia.org/wiki/Kramfors_Airport
Krasnodar Pashkovsky International Airport,RU,RU-KDA,EU,Krasnodar,KRR,URKK,45.034465,39.174215,118.0,yes,large_airport,yes,https://en.wikipedia.org/wiki/Pashkovsky_Airport
Krasnoyarsk International Airport,RU,RU-KYA,AS,Krasnoyarsk,KJA,UNKL,56.175743,92.485788,942.0,yes,large_airport,yes,https://en.wikipedia.org/wiki/Krasnoyarsk_International_Airport
Kristiansand Airport,NO,NO-42,EU,Kristiansand(Kjevik),KRS,ENCN,58.204201,8.08537,57.0,yes,large_airport,yes,https://en.wikipedia.org/wiki/Kristiansand_Airport%2C_Kjevik
Kristianstad Airport,SE,SE-M,EU,Kristianstad,KID,ESMK,55.9217,14.0855,76.0,no,medium_airport,no,https://en.wikipedia.org/wiki/Kristianstad_Airport
"Kristiansund Airport, Kvernberget",NO,NO-15,EU,Kvernberget,KSU,ENKB,63.111801,7.82452,204.0,yes,medium_airport,yes,https://en.wikipedia.org/wiki/Kristiansund_Airport%2C_Kvernberget
Kruger Mpumalanga International Airport,ZA,ZA-MP,AF,Mbombela,MQP,FAKN,-25.383327,31.105325,2829.0,yes,large_airport,yes,https://en.wikipedia.org/wiki/Kruger_Mpumalanga_International_Airport
Kuabang Airport,ID,ID-MU,AS,Kao,KAZ,WAEK,1.188608,127.896036,40.0,no,small_airport,no,https://en.wikipedia.org/wiki/Kuabang_Airport
Kuala Lumpur International Airport,MY,MY-10,AS,Sepang,KUL,WMKK,2.74558,101.709999,69.0,yes,large_airport,yes,https://en.wikipedia.org/wiki/Kuala_Lumpur_International_Airport
Kuantan Airport,MY,MY-06,AS,Kuantan,KUA,WMKD,3.7753899097442623,103.20899963378906,58.0,yes,medium_airport,yes,https://en.wikipedia.org/wiki/Sultan_Haji_Ahmad_Shah_Airport
Kuching International Airport,MY,MY-13,AS,Kuching,KCH,WBGG,1.487364,110.352859,89.0,yes,large_airport,yes,https://en.wikipedia.org/wiki/Kuching_International_Airport
Kudat Airport,MY,MY-12,AS,Kudat,KUD,WBKT,6.924111,116.837068,10.0,yes,small_airport,no,https://en.wikipedia.org/wiki/Kudat_Airport
Kufra Airport,LY,LY-KF,AF,Kufra,AKF,HLKF,24.178699493408203,23.31399917602539,1367.0,yes,medium_airport,no,https://en.wikipedia.org/wiki/Kufra_Airport
Kugluktuk Airport,CA,CA-NU,NA,Kugluktuk,YCO,CYCO,67.816408,-115.14307,74.0,yes,small_airport,no,https://en.wikipedia.org/wiki/Kugluktuk_Airport
Kuito Airport,AO,AO-BIE,AF,Kuito,SVP,FNKU,-12.404600143433,16.947399139404,5618.0,no,medium_airport,no,https://en.wikipedia.org/wiki/Kuito_Airport
Kullorsuaq Heliport,GL,GL-AV,NA,Kullorsuaq,KHQ,,74.57805,-57.226828,148.0,no,heliport,no,https://en.wikipedia.org/wiki/Kullorsuaq_Heliport
Kullu Manali Airport,IN,IN-HP,AS,Bhuntar,KUU,VIBR,31.876699,77.154404,3573.0,yes,medium_airport,no,https://en.wikipedia.org/wiki/Kullu%E2%80%93Manali_Airport
Kulob International Airport,TJ,TJ-KT,AS,Kulob,TJU,UTDK,37.988098,69.805,2293.0,yes,large_airport,yes,https://en.wikipedia.org/wiki/Kulob_International_Airport
Kulusuk Airport,GL,GL-SE,NA,Kulusuk,KUS,BGKK,65.573601,-37.1236,117.0,yes,medium_airport,no,https://en.wikipedia.org/wiki/Kulusuk_Airport
Kumamoto Airport,JP,JP-43,AS,Kumamoto,KMJ,RJFT,32.837299,130.854996,642.0,yes,large_airport,no,https://en.wikipedia.org/wiki/Kumamoto_Airport
Kumejima Airport,JP,JP-47,AS,Kumejima,UEO,ROKJ,26.363445,126.71384,23.0,yes,medium_airport,no,https://en.wikipedia.org/wiki/Kumejima_Airport
Kunming Changshui International Airport,CN,CN-53,AS,Kunming,KMG,ZPPP,25.110313,102.936743,6903.0,yes,large_airport,yes,https://en.wikipedia.org/wiki/Kunming_Changshui_International_Airport
Kuopio Airport,FI,FI-15,EU,Kuopio / Siilinjärvi,KUO,EFKU,63.007099,27.7978,323.0,yes,large_airport,yes,https://en.wikipedia.org/wiki/Kuopio_Airport
Kuqa Qiuci Airport,CN,CN-65,AS,Kuqa,KCA,ZWKC,41.677856,82.872917,3524.0,yes,small_airport,no,https://en.wikipedia.org/wiki/Kuqa_Qiuci_Airport
Kurchatov Chelyabinsk International Airport,RU,RU-CHE,AS,Chelyabinsk,CEK,USCC,55.303141,61.504927,769.0,yes,large_airport,yes,https://en.wikipedia.org/wiki/Chelyabinsk_Airport
Kuressaare Airport,EE,EE-74,EU,Kuressaare,URE,EEKE,58.22990036010742,22.50950050354004,14.0,yes,medium_airport,no,https://en.wikipedia.org/wiki/Kuressaare_Airport
Kurgan Airport,RU,RU-KGN,AS,Kurgan,KRO,USUU,55.4753,65.415604,240.0,yes,medium_airport,no,https://en.wikipedia.org/wiki/Kurgan_Airport
Kursk East Airport,RU,RU-KRS,EU,Kursk,URS,UUOK,51.7505989074707,36.29560089111328,686.0,yes,medium_airport,yes,https://en.wikipedia.org/wiki/Kursk_Vostochny_Airport
Kurumoch International Airport,RU,RU-SAM,EU,Samara,KUF,UWWW,53.504902,50.164299,477.0,yes,large_airport,yes,https://en.wikipedia.org/wiki/Kurumoch_International_Airport
Kushiro Airport,JP,JP-01,AS,Kushiro,KUH,RJCK,43.041,144.192993,327.0,yes,medium_airport,no,https://en.wikipedia.org/wiki/Kushiro_Airport
Kuujjuaq Airport,CA,CA-QC,NA,Kuujjuaq,YVP,CYVP,58.096099853515625,-68.4269027709961,129.0,yes,medium_airport,no,https://en.wikipedia.org/wiki/Kuujjuaq_Airport
Kuujjuarapik Airport,CA,CA-QC,NA,Kuujjuarapik,YGW,CYGW,55.28189849853515,-77.76529693603516,34.0,yes,medium_airport,no,https://en.wikipedia.org/wiki/Kuujjuarapik_Airport
Kuummiut Heliport,GL,GL-SE,NA,Kuummiut,KUZ,,65.863935,-36.997919,89.0,yes,heliport,no,https://en.wikipedia.org/wiki/Kuummiit_Heliport
Kuusamo Airport,FI,FI-14,EU,Kuusamo,KAO,EFKS,65.987602,29.239401,866.0,yes,medium_airport,yes,https://en.wikipedia.org/wiki/Kuusamo_Airport
Kuwait International Airport,KW,KW-FA,AS,Kuwait City,KWI,OKKK,29.224487,47.969813,206.0,yes,large_airport,yes,https://en.wikipedia.org/wiki/Kuwait_International_Airport
Kwethluk Airport,US,US-AK,NA,Kwethluk,KWT,PFKW,60.790298,-161.444,25.0,yes,small_airport,no,https://en.wikipedia.org/wiki/Kwethluk_Airport
Kwigillingok Airport,US,US-AK,NA,Kwigillingok,KWK,PAGG,59.876499,-163.169005,18.0,yes,small_airport,no,https://en.wikipedia.org/wiki/Kwigillingok_Airport
Kyaukpyu Airport,MM,MM-16,AS,Kyaukpyu,KYP,VYKP,19.42639923095703,93.53479766845705,20.0,yes,medium_airport,no,https://en.wikipedia.org/wiki/Kyaukpyu_Airport
Kyushu Saga International Airport,JP,JP-41,AS,Saga,HSG,RJFS,33.1497,130.302002,6.0,yes,large_airport,no,https://en.wikipedia.org/wiki/Saga_Airport
Kyzyl Airport,RU,RU-TY,AS,Kyzyl,KYZ,UNKY,51.669399,94.400597,2123.0,yes,medium_airport,no,https://en.wikipedia.org/wiki/Kyzyl_Airport
Kégashka Airport,CA,CA-QC,NA,Côte-Nord-du-Golfe-du-Saint-Laurent,ZKG,,50.195801,-61.2658,32.0,no,small_airport,no,https://en.wikipedia.org/wiki/K%C3%A9gashka_Airport
L M Clayton Airport,US,US-MT,NA,Wolf Point,OLF,KOLF,48.094501,-105.574997,1986.0,yes,medium_airport,no,https://en.wikipedia.org/wiki/L._M._Clayton_Airport
L.F. Wade International Airport,BM,BM-U-A,NA,Hamilton,BDA,TXKF,32.363802,-64.67824,12.0,yes,large_airport,yes,https://en.wikipedia.org/wiki/L.F._Wade_International_Airport
LTS Pulau Redang Airport,MY,MY-11,AS,Redang,RDN,WMPR,5.764804,103.004942,36.0,no,small_airport,no,https://en.wikipedia.org/wiki/Redang_Airport
La Araucanía International Airport,CL,CL-AR,SA,Temuco,ZCO,SCQP,-38.9259,-72.6515,333.0,yes,large_airport,no,https://en.wikipedia.org/wiki/La_Araucan%C3%ADa_International_Airport
La Aurora International Airport,GT,GT-GU,NA,Guatemala City,GUA,MGGT,14.582896,-90.527515,4952.0,yes,large_airport,yes,https://en.wikipedia.org/wiki/La_Aurora_International_Airport
La Chinita International Airport,VE,VE-V,SA,Maracaibo,MAR,SVMC,10.557542,-71.729307,239.0,yes,large_airport,yes,https://en.wikipedia.org/wiki/La_Chinita_International_Airport
La Crosse Regional Airport,US,US-WI,NA,La Crosse,LSE,KLSE,43.879002,-91.256699,655.0,yes,medium_airport,no,https://en.wikipedia.org/wiki/La_Crosse_Municipal_Airport
La Florida Airport,CO,CO-NAR,SA,Tumaco,TCO,SKCO,1.81442,-78.7492,8.0,yes,medium_airport,yes,https://en.wikipedia.org/wiki/La_Florida_Airport_(Colombia)
La Florida Airport,CL,CL-CO,SA,La Serena-Coquimbo,LSC,SCSE,-29.916201,-71.199501,481.0,yes,medium_airport,no,https://en.wikipedia.org/wiki/La_Florida_Airport_(Chile)
La Fortuna Arenal Airport,CR,CR-A,NA,La Fortuna,FON,MRAN,10.469311,-84.579073,342.0,yes,medium_airport,no,https://en.wikipedia.org/wiki/La_Fortuna_Arenal_Airport
La Fria Airport,VE,VE-S,SA,,LFR,SVLF,8.239167,-72.271027,305.0,no,medium_airport,no,https://en.wikipedia.org/wiki/La_Fr%C3%ADa_Airport
La Gomera Airport,ES,ES-CN,AF,"Alajero, La Gomera Island",GMZ,GCGM,28.0296,-17.2146,716.0,yes,small_airport,no,https://en.wikipedia.org/wiki/La_Gomera_Airport
La Grande Rivière Airport,CA,CA-QC,NA,La Grande Rivière,YGL,CYGL,53.625301361083984,-77.7042007446289,639.0,yes,medium_airport,no,https://en.wikipedia.org/wiki/La_Grande_Rivi%C3%A8re_Airport
La Isabela International Airport,DO,DO-01,NA,La Isabela,JBQ,MDJB,18.572500228881836,-69.98560333251953,98.0,yes,medium_airport,no,https://en.wikipedia.org/wiki/La_Isabela_International_Airport
La Laguna Airport,HN,HN-IB,NA,Guanaja,GJA,MHNJ,16.4454,-85.906601,49.0,yes,medium_airport,no,https://en.wikipedia.org/wiki/Guanaja_Airport
La Macarena Airport,CO,CO-MET,SA,La Macarena,LMC,SKNA,2.17565,-73.78674,790.0,yes,small_airport,no,https://en.wikipedia.org/wiki/La_Macarena_Airport
La Nubia Airport,CO,CO-CAL,SA,Manizales,MZL,SKMZ,5.0296,-75.4647,6871.0,yes,medium_airport,yes,https://en.wikipedia.org/wiki/La_Nubia_Airport
La Palma Airport,ES,ES-CN,AF,"Sta Cruz de la Palma, La Palma Island",SPC,GCLA,28.626499,-17.7556,107.0,yes,medium_airport,yes,https://en.wikipedia.org/wiki/La_Palma_Airport
La Pedrera Airport,CO,CO-AMA,SA,La Pedrera,LPD,SKLP,-1.324882,-69.581294,590.0,yes,small_airport,no,https://en.wikipedia.org/wiki/La_Pedrera_Airport
La Rochelle Île de Ré Airport,FR,FR-NAQ,EU,La Rochelle,LRH,LFBH,46.179199,-1.19528,74.0,yes,medium_airport,yes,https://en.wikipedia.org/wiki/La_Rochelle_-_%C3%8Ele_de_R%C3%A9_Airport
La Romaine Airport,CA,CA-QC,NA,Le Golfe-du-Saint-Laurent,ZGS,,50.259553,-60.674357,90.0,yes,small_airport,no,https://en.wikipedia.org/wiki/La_Romaine_Airport
La Tabatière Airport,CA,CA-QC,NA,La Tabatière,ZLT,,50.8307991027832,-58.97560119628906,102.0,yes,small_airport,no,https://en.wikipedia.org/wiki/La_Tabati%C3%A8re_Airport
La Tontouta International Airport,NC,NC-03,OC,Nouméa (La Tontouta),NOU,NWWW,-22.014601,166.212997,52.0,yes,large_airport,yes,https://en.wikipedia.org/wiki/La_Tontouta_International_Airport
LaGuardia Airport,US,US-NY,NA,New York,LGA,KLGA,40.777199,-73.872597,21.0,yes,large_airport,no,https://en.wikipedia.org/wiki/LaGuardia_Airport
Laayoune Hassan I International Airport,EH,EH-U-A,AF,El Aaiún,EUN,GMML,27.142467,-13.224947,207.0,yes,large_airport,yes,https://en.wikipedia.org/wiki/Hassan_Airport
Labasa Airport,FJ,FJ-N,OC,Labasa,LBS,NFNL,-16.4667,179.339996,44.0,yes,medium_airport,no,https://en.wikipedia.org/wiki/Lambasa_Airport
Labo Airport,PH,PH-MSC,AS,Ozamiz,OZC,RPMO,8.17851,123.842003,75.0,yes,medium_airport,no,https://en.wikipedia.org/wiki/Labo_Airport
Labuan Airport,MY,MY-15,AS,Labuan,LBU,WBKL,5.301667,115.248333,101.0,yes,medium_airport,yes,https://en.wikipedia.org/wiki/Labuan_Airport
Lafayette Regional Airport,US,US-LA,NA,Lafayette,LFT,KLFT,30.205299,-91.987602,42.0,yes,medium_airport,no,https://en.wikipedia.org/wiki/Lafayette_Regional_Airport
Laguindingan International Airport,PH,PH-MSR,AS,Laguindingan,CGY,RPMY,8.612203,124.456496,190.0,yes,large_airport,yes,https://en.wikipedia.org/wiki/Laguindingan_International_Airport
Lahad Datu Airport,MY,MY-12,AS,Lahad Datu,LDU,WBKD,5.03241,118.32376,45.0,yes,medium_airport,no,https://en.wikipedia.org/wiki/Lahad_Datu_Airport
Lajes Airport,PT,PT-20,EU,Praia da Vitória,TER,LPLA,38.761799,-27.090799,180.0,yes,medium_airport,yes,https://en.wikipedia.org/wiki/Lajes_Field
Lake Charles Regional Airport,US,US-LA,NA,Lake Charles,LCH,KLCH,30.126100540161133,-93.22329711914062,15.0,yes,medium_airport,no,https://en.wikipedia.org/wiki/Lake_Charles_Regional_Airport
Lakeba Island Airport,FJ,FJ-E,OC,Lakeba Island,LKB,NFNK,-18.1991996765,-178.817001343,280.0,yes,small_airport,no,https://en.wikipedia.org/wiki/Lakeba_Airport
"Lakselv Airport, Banak",NO,NO-56,EU,Lakselv,LKL,ENNA,70.068802,24.973499,25.0,yes,medium_airport,no,https://en.wikipedia.org/wiki/Lakselv_Airport%2C_Banak
Lal Bahadur Shastri International Airport,IN,IN-UP,AS,Varanasi,VNS,VEBN,25.452171,82.862549,266.0,yes,large_airport,yes,https://en.wikipedia.org/wiki/Lal_Bahadur_Shastri_Airport
Lalibela Airport,ET,ET-AM,AF,Girany Amba,LLI,HALL,11.975225,38.980198,6506.0,no,small_airport,no,https://en.wikipedia.org/wiki/Lalibela_Airport
Lamap Airport,VU,VU-MAP,OC,Lamap,LPM,NVSL,-16.4611228,167.829253,7.0,yes,small_airport,no,https://en.wikipedia.org/wiki/Malekoula_Airport
Lamen Bay Airport,VU,VU-SEE,OC,Lamen Bay,LNB,NVSM,-16.584199905400002,168.158996582,7.0,yes,small_airport,no,https://en.wikipedia.org/wiki/Lamen_Bay_Airport
Lamerd Airport,IR,IR-07,AS,Lamerd,LFM,OISR,27.3727,53.188801,1337.0,yes,medium_airport,yes,https://en.wikipedia.org/wiki/Lamerd_Airport
Lamezia Terme Sant'Eufemia International Airport,IT,IT-78,EU,Lamezia Terme (CZ),SUF,LICA,38.906214,16.246007,39.0,yes,large_airport,yes,https://en.wikipedia.org/wiki/Lamezia_Terme_International_Airport
Lampang Airport,TH,TH-52,AS,,LPT,VTCL,18.27090072631836,99.50420379638672,811.0,yes,medium_airport,no,https://en.wikipedia.org/wiki/Lampang_Airport
Lampedusa Airport,IT,IT-82,EU,Lampedusa,LMP,LICD,35.497898,12.6181,70.0,yes,medium_airport,no,https://en.wikipedia.org/wiki/Lampedusa_Airport
Lanai Airport,US,US-HI,OC,Lanai City,LNY,PHNY,20.785675,-156.951324,1308.0,yes,medium_airport,no,https://en.wikipedia.org/wiki/Lanai_Airport
Lancaster Airport,US,US-PA,NA,Lancaster,LNS,KLNS,40.121700286865234,-76.29609680175781,403.0,yes,medium_airport,no,https://en.wikipedia.org/wiki/Lancaster_Airport_(Pennsylvania)
Land's End Airport,GB,GB-ENG,EU,"Land's End, Cornwall",LEQ,EGHC,50.102798,-5.67056,398.0,yes,small_airport,no,https://en.wikipedia.org/wiki/Land%27s_End_Airport
Langkawi International Airport,MY,MY-02,AS,Langkawi,LGK,WMKL,6.32973,99.728699,29.0,yes,large_airport,yes,https://en.wikipedia.org/wiki/Langkawi_International_Airport
Lankaran International Airport,AZ,AZ-LA,AS,Lankaran,LLK,UBBL,38.757919,48.807042,30.0,yes,small_airport,yes,https://en.wikipedia.org/wiki/Lankaran_International_Airport
Lannion Airport,FR,FR-BRE,EU,Lannion,LAI,LFRO,48.754398,-3.47166,290.0,no,medium_airport,no,https://en.wikipedia.org/wiki/Lannion_%E2%80%93_C%C3%B4te_de_Granit_Airport
Lansdowne House Airport,CA,CA-ON,NA,Lansdowne House,YLH,CYLH,52.195599,-87.934196,834.0,yes,small_airport,no,https://en.wikipedia.org/wiki/Lansdowne_House_Airport
Lanseria International Airport,ZA,ZA-GT,AF,Johannesburg,HLA,FALA,-25.938964,27.926642,4517.0,yes,large_airport,no,https://en.wikipedia.org/wiki/Lanseria_Airport
Lanzhou Zhongchuan International Airport,CN,CN-62,AS,Lanzhou (Yongdeng),LHW,ZLLL,36.515202,103.620003,6388.0,yes,large_airport,yes,https://en.wikipedia.org/wiki/Lanzhou_Airport
Laoag International Airport,PH,PH-ILN,AS,Laoag City,LAO,RPLI,18.175089,120.531006,25.0,yes,large_airport,yes,https://en.wikipedia.org/wiki/Laoag_International_Airport
Lappeenranta Airport,FI,FI-02,EU,Lappeenranta,LPP,EFLP,61.044601,28.144743,349.0,yes,large_airport,yes,https://en.wikipedia.org/wiki/Lappeenranta_Airport
Lar Airport,IR,IR-07,AS,Lar,LRR,OISL,27.6747,54.383301,2641.0,yes,medium_airport,yes,https://en.wikipedia.org/wiki/Larestan_International_Airport
Laramie Regional Airport,US,US-WY,NA,Laramie,LAR,KLAR,41.31209945678711,-105.6750030517578,7284.0,yes,medium_airport,no,https://en.wikipedia.org/wiki/Laramie_Regional_Airport
Laredo International Airport,US,US-TX,NA,Laredo,LRD,KLRD,27.5438,-99.461601,508.0,yes,medium_airport,no,https://en.wikipedia.org/wiki/Laredo_International_Airport
Larnaca International Airport,CY,CY-04,AS,Larnaca,LCA,LCLK,34.875099,33.624901,8.0,yes,large_airport,yes,https://en.wikipedia.org/wiki/Larnaca_International_Airport
Larsen Bay Airport,US,US-AK,NA,Larsen Bay,KLN,PALB,57.53516,-153.976455,87.0,yes,small_airport,yes,https://en.wikipedia.org/wiki/Larsen_Bay_Airport
Las Américas International Airport,DO,DO-01,NA,Santo Domingo,SDQ,MDSD,18.42970085144,-69.668899536133,59.0,yes,large_airport,yes,https://en.wikipedia.org/wiki/Las_Am%C3%A9ricas_International_Airport
Las Brujas Airport,CO,CO-SUC,SA,Corozal,CZU,SKCZ,9.33274,-75.2856,528.0,yes,medium_airport,yes,https://en.wikipedia.org/wiki/Las_Brujas_Airport_(Colombia)
Launceston Airport,AU,AU-TAS,OC,Launceston (Western Junction),LST,YMLT,-41.544935,147.210785,562.0,yes,medium_airport,no,https://en.wikipedia.org/wiki/Launceston_Airport
Lauro Carneiro de Loyola Airport,BR,BR-SC,SA,Joinville,JOI,SBJV,-26.224501,-48.797401,15.0,yes,medium_airport,no,https://en.wikipedia.org/wiki/Joinville-Lauro_Carneiro_de_Loyola_Airport
Lauro Kurtz Airport,BR,BR-RS,SA,Passo Fundo,PFB,SBPF,-28.243976,-52.32777,2380.0,yes,medium_airport,no,https://en.wikipedia.org/wiki/Lauro_Kurtz_Airport
Lawas Airport,MY,MY-13,AS,Lawas,LWY,WBGW,4.84917,115.407997,5.0,yes,small_airport,no,https://en.wikipedia.org/wiki/Lawas_Airport
Lawton Fort Sill Regional Airport,US,US-OK,NA,Lawton,LAW,KLAW,34.567699,-98.416603,1110.0,yes,medium_airport,no,https://en.wikipedia.org/wiki/Lawton-Fort_Sill_Regional_Airport
Le Havre-Octeville Airport,FR,FR-NOR,EU,Le Havre,LEH,LFOH,49.534038,0.088406,313.0,no,medium_airport,no,https://en.wikipedia.org/wiki/Le_Havre_Octeville_Airport
Le Puy-Loudes Airfield,FR,FR-ARA,EU,"Chaspuzac, Haute-Loire",LPY,LFHP,45.0807,3.76289,2731.0,yes,small_airport,no,https://en.wikipedia.org/wiki/Le_Puy_-_Loudes_Airport
Lea County Regional Airport,US,US-NM,NA,Hobbs,HOB,KHOB,32.6875,-103.217003,3661.0,yes,medium_airport,no,https://en.wikipedia.org/wiki/Lea_County_Regional_Airport
Learmonth Airport,AU,AU-WA,OC,Exmouth,LEA,YPLM,-22.235201,114.090024,19.0,yes,medium_airport,no,https://en.wikipedia.org/wiki/RAAF_Learmonth
Lebanon Municipal Airport,US,US-NH,NA,Lebanon,LEB,KLEB,43.626098632799994,-72.30419921880001,603.0,yes,medium_airport,no,https://en.wikipedia.org/wiki/Lebanon_Municipal_Airport_(New_Hampshire)
Leeds Bradford Airport,GB,GB-ENG,EU,"Leeds, West Yorkshire",LBA,EGNM,53.865898,-1.66057,681.0,yes,large_airport,yes,https://en.wikipedia.org/wiki/Leeds_Bradford_International_Airport
Leh Kushok Bakula Rimpochee Airport,IN,IN-LA,AS,Leh,IXL,VILH,34.135899,77.546501,10682.0,yes,medium_airport,no,https://en.wikipedia.org/wiki/Leh_Kushok_Bakula_Rimpochee_Airport
Lehigh Valley International Airport,US,US-PA,NA,Allentown/Bethlehem,ABE,KABE,40.651773,-75.442797,393.0,yes,medium_airport,no,https://en.wikipedia.org/wiki/Lehigh_Valley_International_Airport
Leipzig/Halle Airport,DE,DE-SN,EU,Schkeuditz,LEJ,EDDP,51.420657,12.232705,465.0,yes,large_airport,yes,https://en.wikipedia.org/wiki/Leipzig/Halle_Airport
Leite Lopes Airport,BR,BR-SP,SA,Ribeirão Preto,RAO,SBRP,-21.134314,-47.774053,1805.0,yes,medium_airport,no,https://en.wikipedia.org/wiki/Leite_Lopes_Airport
Leknes Airport,NO,NO-18,EU,Leknes,LKN,ENLK,68.152496337891,13.609399795532,78.0,yes,medium_airport,no,https://en.wikipedia.org/wiki/Leknes_Airport
Lengpui Airport,IN,IN-MZ,AS,Aizawl (Lengpui),AJL,VELP,23.840599,92.619698,1398.0,yes,medium_airport,no,https://en.wikipedia.org/wiki/Lengpui_Airport
Lennart Meri Tallinn Airport,EE,EE-37,EU,Tallinn,TLL,EETN,59.413246,24.83264,131.0,yes,large_airport,yes,https://en.wikipedia.org/wiki/Tallinn_Airport
Lensk Airport,RU,RU-SA,AS,Lensk,ULK,UERL,60.723594,114.825319,801.0,yes,medium_airport,no,https://en.wikipedia.org/wiki/Lensk_Airport
Leonard M. Thompson International Airport,BS,BS-CO,NA,Marsh Harbour,MHH,MYAM,26.510711,-77.084262,6.0,yes,medium_airport,yes,https://en.wikipedia.org/wiki/Marsh_Harbour_Airport
Leoš Janáček Airport Ostrava,CZ,CZ-MO,EU,Mošnov,OSR,LKMT,49.696301,18.111099,844.0,yes,large_airport,yes,https://en.wikipedia.org/wiki/Ostrava_Leos_Janacek_Airport
Leros Airport,GR,GR-L,EU,Leros Island,LRS,LGLE,37.184898,26.800301,39.0,yes,small_airport,no,https://en.wikipedia.org/wiki/Leros_Municipal_Airport
Lethbridge County Airport,CA,CA-AB,NA,Lethbridge,YQL,CYQL,49.6302986145,-112.800003052,3048.0,yes,medium_airport,no,https://en.wikipedia.org/wiki/Lethbridge_County_Airport
Levelock Airport,US,US-AK,NA,Levelock,KLL,,59.12606,-156.860906,39.0,no,small_airport,no,https://en.wikipedia.org/wiki/Levelock_Airport
Lewiston Nez Perce County Airport,US,US-ID,NA,Lewiston,LWS,KLWS,46.3745002746582,-117.01499938964844,1442.0,yes,medium_airport,no,https://en.wikipedia.org/wiki/Lewiston-Nez_Perce_County_Airport
León Airport,ES,ES-CL,EU,La Virgen del Camino,LEN,LELN,42.590709,-5.653406,3006.0,yes,medium_airport,no,https://en.wikipedia.org/wiki/Le%C3%B3n_Airport
Lhasa Gonggar International Airport,CN,CN-54,AS,Shannan (Gonggar),LXA,ZULS,29.298001,90.911951,11713.0,yes,large_airport,yes,https://en.wikipedia.org/wiki/Lhasa_Gonggar_Airport
Liancheng Guanzhishan Airport,CN,CN-35,AS,Longyan (Liancheng),LCX,ZSLO,25.67592,116.745907,1225.0,yes,medium_airport,no,https://en.wikipedia.org/wiki/Liancheng_Guanzhishan_Airport
Lianyungang Huaguoshan International Airport,CN,CN-32,AS,Lianyungang,LYG,ZSLG,34.41406,119.17899,,yes,large_airport,yes,https://en.wikipedia.org/wiki/Lianyungang_Huaguoshan_International_Airport
Liberal Mid-America Regional Airport,US,US-KS,NA,Liberal,LBL,KLBL,37.0442009,-100.9599991,2885.0,yes,medium_airport,no,https://en.wikipedia.org/wiki/Liberal_Municipal_Airport
Libertador Gral D Jose De San Martin Airport,AR,AR-N,SA,Posadas,PSS,SARP,-27.3858,-55.9707,430.0,yes,medium_airport,yes,https://en.wikipedia.org/wiki/Libertador_General_Jos%C3%A9_de_San_Mart%C3%ADn_Airport
Libo Airport,CN,CN-52,AS,Qiannan (Libo),LLB,ZULB,25.4525,107.961667,,yes,small_airport,no,https://en.wikipedia.org/wiki/Libo_Airport
Libreville Leon M'ba International Airport,GA,GA-1,AF,Libreville,LBV,FOOL,0.458951,9.41214,39.0,yes,large_airport,yes,https://en.wikipedia.org/wiki/Libreville_International_Airport
Licenciado Miguel de la Madrid International Airport,MX,MX-COL,NA,Colima,CLQ,MMIA,19.277,-103.577002,2467.0,yes,medium_airport,no,https://en.wikipedia.org/wiki/Lic._Miguel_de_la_Madrid_Airport
Lichinga Airport,MZ,MZ-A,AF,Lichinga,VXC,FQLC,-13.274,35.2663,4505.0,yes,medium_airport,no,https://en.wikipedia.org/wiki/Lichinga_Airport
Lien Khuong Airport,VN,VN-CH,AS,Da Lat,DLI,VVDL,11.750556,108.366997,3156.0,yes,medium_airport,no,https://en.wikipedia.org/wiki/Lien_Khuong_Airport
Lieutenant Colonel Luis A. Mantilla International Airport,EC,EC-C,SA,Tulcán,TUA,SETU,0.809506,-77.708099,9649.0,yes,medium_airport,yes,https://en.wikipedia.org/wiki/Teniente_Coronel_Luis_a_Mantilla_International_Airport
Lifou Airport,NC,NC-01,OC,Lifou,LIF,NWWL,-20.774563,167.239328,92.0,yes,medium_airport,no,https://en.wikipedia.org/wiki/Lifou_Airport
Lihue Airport,US,US-HI,OC,"Lihue, Kauai",LIH,PHLI,21.974393,-159.337146,153.0,yes,large_airport,no,https://en.wikipedia.org/wiki/Lihu'e_Airport
Lijiang Sanyi International Airport,CN,CN-53,AS,Lijiang,LJG,ZPLJ,26.677483,100.244944,7359.0,yes,large_airport,yes,https://en.wikipedia.org/wiki/Lijiang_Sanyi_Airport
Lille Airport,FR,FR-HDF,EU,Lesquin,LIL,LFQQ,50.566564,3.102429,157.0,yes,large_airport,yes,https://en.wikipedia.org/wiki/Lille_Airport
Limbang Airport,MY,MY-13,AS,Limbang,LMN,WBGJ,4.808300018310547,115.01000213623048,14.0,yes,medium_airport,no,https://en.wikipedia.org/wiki/Limbang_Airport
Limnos Airport,GR,GR-K,EU,Limnos Island,LXS,LGLM,39.917098999,25.236299514799995,14.0,yes,small_airport,no,https://en.wikipedia.org/wiki/Lemnos_International_Airport
Limoges Airport,FR,FR-NAQ,EU,Limoges/Bellegarde,LIG,LFBL,45.862801,1.17944,1300.0,yes,medium_airport,yes,https://en.wikipedia.org/wiki/Limoges_-_Bellegarde_Airport
Lincang Boshang Airport,CN,CN-53,AS,Lincang,LNJ,ZPLC,23.7381,100.025002,6230.0,yes,medium_airport,no,https://en.wikipedia.org/wiki/Lincang_Airport
Lincoln Airport,US,US-NE,NA,Lincoln,LNK,KLNK,40.844882,-96.76178,1219.0,yes,medium_airport,no,https://en.wikipedia.org/wiki/Lincoln_Airport_%28Nebraska%29
Linköping City Airport,SE,SE-E,EU,Linköping,LPI,ESSL,58.404909,15.684499,172.0,yes,large_airport,no,https://en.wikipedia.org/wiki/Link%C3%B6ping_SAAB_Airport
Linyi Qiyang Airport,CN,CN-37,AS,Linyi (Hedong),LYI,ZSLY,35.052918,118.411828,177.0,yes,medium_airport,yes,https://en.wikipedia.org/wiki/Linyi_Airport
Linz-Hörsching Airport,AT,AT-4,EU,Linz,LNZ,LOWL,48.235362,14.188128,980.0,yes,large_airport,yes,https://en.wikipedia.org/wiki/Linz_Airport
Liping Airport,CN,CN-52,AS,Liping,HZH,ZUNP,26.32217,109.1499,1620.0,yes,medium_airport,no,https://en.wikipedia.org/wiki/Liping_Airport
Lisbon Humberto Delgado Airport,PT,PT-11,EU,Lisbon,LIS,LPPT,38.7813,-9.13592,374.0,yes,large_airport,yes,https://en.wikipedia.org/wiki/Lisbon_Airport
Lismore Airport,AU,AU-NSW,OC,Lismore,LSY,YLIS,-28.830689,153.258419,35.0,yes,medium_airport,no,https://en.wikipedia.org/wiki/Lismore_Airport
Liuzhou Bailian Airport / Bailian Air Base,CN,CN-45,AS,Liuzhou (Liujiang),LZH,ZGZH,24.2075,109.390999,295.0,yes,medium_airport,no,https://en.wikipedia.org/wiki/Liuzhou_Bailian_Airport
Liverpool John Lennon Airport,GB,GB-ENG,EU,Liverpool,LPL,EGGP,53.334863,-2.849637,80.0,yes,large_airport,yes,https://en.wikipedia.org/wiki/Liverpool_John_Lennon_Airport
Liège Airport,BE,BE-WLG,EU,Grâce-Hollogne,LGG,EBLG,50.638574,5.443897,659.0,yes,medium_airport,yes,https://en.wikipedia.org/wiki/Li%C3%A8ge_Airport
Ljubljana Jože Pučnik Airport,SI,SI-012,EU,Zgornji Brnik,LJU,LJLJ,46.223701,14.4576,1273.0,yes,large_airport,yes,https://en.wikipedia.org/wiki/Ljubljana_Jo%C5%BEe_Pu%C4%8Dnik_Airport
Lleida-Alguaire Airport,ES,ES-CT,EU,Lleida,ILD,LEDA,41.728185,0.535023,1152.0,yes,medium_airport,yes,https://en.wikipedia.org/wiki/Lleida-Alguaire_Airport
Lloydminster Airport,CA,CA-AB,NA,Lloydminster,YLL,CYLL,53.3092,-110.072998,2193.0,yes,medium_airport,no,https://en.wikipedia.org/wiki/Lloydminster_Airport
Lockhart River Airport,AU,AU-QLD,OC,Lockhart River,IRG,YLHR,-12.7869,143.304993,77.0,yes,medium_airport,no,https://en.wikipedia.org/wiki/Lockhart_River_Airport
Lodja Airport,CD,CD-SA,AF,Lodja,LJA,FZVA,-3.462745,23.615162,1647.0,no,small_airport,no,https://en.wikipedia.org/wiki/Lodja_Airport
Lodwar Airport,KE,KE-23,AF,Lodwar,LOK,HKLO,3.12197,35.6087,1715.0,no,medium_airport,no,https://en.wikipedia.org/wiki/Lodwar_Airport
Loei Airport,TH,TH-42,AS,,LOE,VTUL,17.43910026550293,101.72200012207033,860.0,yes,medium_airport,no,https://en.wikipedia.org/wiki/Loei_Airport
Logroño-Agoncillo Airport,ES,ES-RI,EU,Logroño,RJL,,42.460953,-2.322235,1161.0,no,medium_airport,no,https://en.wikipedia.org/wiki/Logro%C3%B1o%E2%80%93Agoncillo_Airport
Lokichogio Airport,KE,KE-23,AF,Lokichogio,LKG,HKLK,4.20412,34.348202,2074.0,no,medium_airport,no,https://en.wikipedia.org/wiki/Lokichogio_Airport
Lokpriya Gopinath Bordoloi International Airport,IN,IN-AS,AS,Guwahati,GAU,VEGT,26.106654,91.585226,162.0,yes,large_airport,yes,https://en.wikipedia.org/wiki/Lokpriya_Gopinath_Bordoloi_International_Airport
Lombok International Airport,ID,ID-NB,AS,"Mataram (Pujut, Lombok Tengah)",LOP,WADL,-8.759962,116.278169,319.0,yes,large_airport,yes,https://en.wikipedia.org/wiki/Lombok_International_Airport
Lomé–Tokoin International Airport,TG,TG-M,AF,Lomé,LFW,DXXX,6.16561,1.25451,72.0,yes,large_airport,yes,https://en.wikipedia.org/wiki/Lom%C3%A9%E2%80%93Tokoin_International_Airport
Londolovit Airport,PG,PG-NIK,OC,Londolovit,LNV,AYKY,-3.04361009598,152.628997803,167.0,yes,small_airport,no,https://en.wikipedia.org/wiki/Lihir_Island_Airport
London City Airport,GB,GB-ENG,EU,London,LCY,EGLC,51.505299,0.055278,19.0,yes,medium_airport,no,https://en.wikipedia.org/wiki/London_City_Airport
London Gatwick Airport,GB,GB-ENG,EU,London,LGW,EGKK,51.148744,-0.185739,202.0,yes,large_airport,yes,https://en.wikipedia.org/wiki/Gatwick_Airport
London Heathrow Airport,GB,GB-ENG,EU,London,LHR,EGLL,51.470748,-0.459909,83.0,yes,large_airport,no,https://en.wikipedia.org/wiki/Heathrow_Airport
London International Airport,CA,CA-ON,NA,London,YXU,CYXU,43.032845,-81.149003,912.0,yes,medium_airport,yes,https://en.wikipedia.org/wiki/London_International_Airport
London Luton Airport,GB,GB-ENG,EU,"Luton, Luton",LTN,EGGW,51.874699,-0.368333,526.0,yes,large_airport,no,https://en.wikipedia.org/wiki/Luton_Airport
London Southend Airport,GB,GB-ENG,EU,"Southend-on-Sea, Essex",SEN,EGMC,51.570562,0.693627,49.0,yes,medium_airport,no,https://en.wikipedia.org/wiki/London_Southend_Airport
London Stansted Airport,GB,GB-ENG,EU,"London, Essex",STN,EGSS,51.884998,0.235,348.0,yes,large_airport,no,https://en.wikipedia.org/wiki/London_Stansted_Airport
Long Akah Airport,MY,MY-13,AS,Long Akah,LKH,WBGL,3.310909,114.785553,289.0,no,small_airport,no,https://en.wikipedia.org/wiki/Long_Akah_Airport
Long Banga Airport,MY,MY-13,AS,Long Banga,LBP,,3.202138,115.401811,750.0,yes,small_airport,no,https://en.wikipedia.org/wiki/Long_Banga_Airport
Long Beach International Airport,US,US-CA,NA,Long Beach,LGB,KLGB,33.816523,-118.149891,60.0,yes,large_airport,no,https://en.wikipedia.org/wiki/Long_Beach_Airport
Long Island MacArthur Airport,US,US-NY,NA,Islip,ISP,KISP,40.796324,-73.101703,99.0,yes,medium_airport,no,https://en.wikipedia.org/wiki/Long_Island_MacArthur_Airport
Long Lellang Airport,MY,MY-13,AS,Long Datih,LGL,WBGF,3.4210000038099997,115.153999329,1400.0,yes,small_airport,no,https://en.wikipedia.org/wiki/Long_Lellang_Airport
Long Seridan Airport,MY,MY-13,AS,Long Seridan,ODN,WBGI,3.976087,115.067303,607.0,yes,small_airport,no,https://en.wikipedia.org/wiki/Long_Seridan_Airport
Longana Airport,VU,VU-PAM,OC,Longana,LOD,NVSG,-15.3066997528,167.966995239,167.0,yes,small_airport,no,https://en.wikipedia.org/wiki/Longana_Airport
Longreach Airport,AU,AU-QLD,OC,Longreach,LRE,YLRE,-23.43202,144.277492,627.0,yes,medium_airport,no,https://en.wikipedia.org/wiki/Longreach_Airport
Lonorore Airport,VU,VU-PAM,OC,Lonorore,LNE,NVSO,-15.8655996323,168.17199707,43.0,yes,small_airport,no,https://en.wikipedia.org/wiki/Lonorore_Airport
Lopez Island Airport,US,US-WA,NA,Lopez,LPS,,48.4838981628418,-122.93800354003906,209.0,yes,small_airport,no,https://en.wikipedia.org/wiki/Lopez_Island_Airport
Lord Howe Island Airport,AU,AU-NSW,OC,Lord Howe Island,LDH,YLHI,-31.538204,159.07546,5.0,yes,small_airport,no,https://en.wikipedia.org/wiki/Lord_Howe_Island_Airport
Loreto International Airport,MX,MX-BCS,NA,Loreto,LTO,MMLT,25.989549,-111.348408,34.0,yes,large_airport,yes,https://en.wikipedia.org/wiki/Loreto_International_Airport
Lorient South Brittany (Bretagne Sud) Airport,FR,FR-BRE,EU,Lorient/Lann/Bihoué,LRT,LFRH,47.760601,-3.44,160.0,yes,medium_airport,no,https://en.wikipedia.org/wiki/Lorient_South_Brittany_Airport
Los Alamos Airport,US,US-NM,NA,Los Alamos,LAM,KLAM,35.8797988892,-106.268997192,7171.0,no,small_airport,no,https://en.wikipedia.org/wiki/Los_Alamos_County_Airport
Los Angeles International Airport,US,US-CA,NA,Los Angeles,LAX,KLAX,33.942501,-118.407997,125.0,yes,large_airport,yes,https://en.wikipedia.org/wiki/Los_Angeles_International_Airport
Los Cabos International Airport,MX,MX-BCS,NA,San José del Cabo,SJD,MMSD,23.151919,-109.720731,374.0,yes,large_airport,no,https://en.wikipedia.org/wiki/Los_Cabos_International_Airport
Los Colonizadores Airport,CO,CO-ARA,SA,Saravena,RVE,SKSA,6.951868,-71.857179,680.0,yes,small_airport,no,https://en.wikipedia.org/wiki/Los_Colonizadores_Airport
Los Garzones Airport,CO,CO-COR,SA,Montería,MTR,SKMR,8.82374,-75.8258,41.0,yes,medium_airport,yes,https://en.wikipedia.org/wiki/Los_Garzones_Airport
Losuia Airport,PG,PG-MBA,OC,Losuia,LSA,AYKA,-8.505820274353027,151.08099365234375,27.0,yes,small_airport,no,https://en.wikipedia.org/wiki/Losuia_Airport
Louis Armstrong New Orleans International Airport,US,US-LA,NA,New Orleans,MSY,KMSY,29.993401,-90.264673,4.0,yes,large_airport,yes,https://en.wikipedia.org/wiki/Louis_Armstrong_New_Orleans_International_Airport
Louisville Muhammad Ali International Airport,US,US-KY,NA,Louisville,SDF,KSDF,38.1706,-85.735076,501.0,yes,large_airport,yes,https://en.wikipedia.org/wiki/Louisville_International_Airport
Lourdes-de-Blanc-Sablon Airport,CA,CA-QC,NA,Blanc-Sablon,YBX,CYBX,51.4436,-57.185299,121.0,yes,medium_airport,no,https://en.wikipedia.org/wiki/Lourdes-de-Blanc-Sablon_Airport
Luang Namtha Airport,LA,LA-LM,AS,Luang Namtha,LXG,VLLN,20.966999,101.400002,1968.0,yes,small_airport,no,https://en.wikipedia.org/wiki/Louang_Namtha_Airport
Luang Phabang International Airport,LA,LA-LP,AS,Luang Phabang,LPQ,VLLB,19.904273,102.167191,955.0,yes,large_airport,yes,https://en.wikipedia.org/wiki/Luang_Prabang_International_Airport
Lubango Mukanka International Airport,AO,AO-HUI,AF,Lubango,SDD,FNUB,-14.924839,13.576653,5778.0,yes,medium_airport,yes,https://en.wikipedia.org/wiki/Lubango_Airport
Lubbock Preston Smith International Airport,US,US-TX,NA,Lubbock,LBB,KLBB,33.663601,-101.822998,3282.0,yes,medium_airport,yes,https://en.wikipedia.org/wiki/Lubbock_Preston_Smith_International_Airport
Lublin Airport,PL,PL-LU,EU,Lublin,LUZ,EPLB,51.240157,22.713461,633.0,yes,large_airport,yes,https://en.wikipedia.org/wiki/Lublin_Airport
Lubumbashi International Airport,CD,CD-HK,AF,Lubumbashi,FBM,FZQA,-11.591494,27.530753,4295.0,yes,large_airport,yes,https://en.wikipedia.org/wiki/Lubumbashi_International_Airport
Luderitz Airport,NA,NA-KA,AF,Luderitz,LUD,FYLZ,-26.687400817871097,15.242899894714355,457.0,yes,medium_airport,no,https://en.wikipedia.org/wiki/L%C3%BCderitz_Airport
Ludhiana Airport,IN,IN-PB,AS,,LUH,VILD,30.854700088500977,75.95259857177734,834.0,no,medium_airport,no,https://en.wikipedia.org/wiki/Sahnewal_Airport
Luena Airport,AO,AO-MOX,AF,Luena,LUO,FNUE,-11.7681,19.897699,4360.0,no,medium_airport,no,https://en.wikipedia.org/wiki/Luena_Airport
Lugano Airport,CH,CH-TI,EU,Agno,LUG,LSZA,46.004299,8.91058,915.0,yes,medium_airport,yes,https://en.wikipedia.org/wiki/Lugano_Airport
Luis Alberto Lehr Airport,BR,BR-RS,SA,Santa Rosa,SRA,SSZR,-27.90658,-54.520628,1014.0,yes,small_airport,no,https://en.wikipedia.org/wiki/Santa_Rosa_Airport_(Brazil)
Luis Munoz Marin International Airport,PR,PR-U-A,NA,San Juan,SJU,TJSJ,18.4394,-66.001801,9.0,yes,large_airport,no,https://en.wikipedia.org/wiki/Luis_Mu%C3%B1oz_Mar%C3%ADn_International_Airport
Luleå Airport,SE,SE-BD,EU,Luleå,LLA,ESPA,65.5438,22.122,65.0,yes,large_airport,yes,https://en.wikipedia.org/wiki/Lule%C3%A5_Airport
Lungi International Airport,SL,SL-N,AF,Freetown (Lungi-Town),FNA,GFLL,8.61644,-13.1955,84.0,yes,large_airport,yes,https://en.wikipedia.org/wiki/Lungi_International_Airport
Luoyang Beijiao Airport,CN,CN-41,AS,Luoyang (Laocheng),LYA,ZHLY,34.7411,112.388,840.0,yes,large_airport,yes,https://en.wikipedia.org/wiki/Luoyang_Beijiao_Airport
Lutselk'e Airport,CA,CA-NT,NA,Lutselk'e,YSG,CYLK,62.417823,-110.682793,596.0,yes,small_airport,no,https://en.wikipedia.org/wiki/Lutselk'e_Airport
Luxembourg-Findel International Airport,LU,LU-L,EU,Luxembourg,LUX,ELLX,49.626845,6.212134,1234.0,yes,large_airport,yes,https://en.wikipedia.org/wiki/Luxembourg-Findel_International_Airport
Luxor International Airport,EG,EG-LX,AF,Luxor,LXR,HELX,25.671018,32.706446,276.0,yes,large_airport,yes,https://en.wikipedia.org/wiki/Luxor_International_Airport
Luzhou Yunlong Airport,CN,CN-51,AS,Luzhou (Yunlong),LZO,ZULZ,29.030357,105.468407,,yes,medium_airport,no,https://en.wikipedia.org/wiki/Luzhou_Yunlong_Airport
Lviv International Airport,UA,UA-46,EU,Lviv,LWO,UKLL,49.8125,23.9561,1071.0,yes,large_airport,yes,https://en.wikipedia.org/wiki/Lviv_International_Airport
Lycksele Airport,SE,SE-AC,EU,Lycksele,LYC,ESNL,64.548302,18.7162,705.0,yes,medium_airport,no,https://en.wikipedia.org/wiki/Lycksele_Airport
Lynchburg Regional Airport - Preston Glenn Field,US,US-VA,NA,Lynchburg,LYH,KLYH,37.326698,-79.200401,938.0,yes,medium_airport,no,https://en.wikipedia.org/wiki/Lynchburg_Regional_Airport
Lynden Pindling International Airport,BS,BS-NP,NA,Nassau,NAS,MYNN,25.039,-77.466202,16.0,yes,large_airport,yes,https://en.wikipedia.org/wiki/Lynden_Pindling_International_Airport
Lyon Saint-Exupéry Airport,FR,FR-ARA,EU,"Colombier-Saugnieu, Rhône",LYS,LFLL,45.725996,5.090139,821.0,yes,large_airport,yes,https://en.wikipedia.org/wiki/Lyon%E2%80%93Saint-Exup%C3%A9ry_Airport
Lázaro Cárdenas Airport,MX,MX-MIC,NA,Lázaro Cárdenas,LZC,MMLC,18.001672,-102.220316,39.0,no,medium_airport,no,https://en.wikipedia.org/wiki/L%C3%A1zaro_C%C3%A1rdenas_Airport
Léopold Sédar Senghor International Airport,SN,SN-DK,AF,Dakar,DKR,GOOY,14.742337,-17.479222,85.0,yes,large_airport,no,https://en.wikipedia.org/wiki/Dakar-Yoff-L%C3%A9opold_S%C3%A9dar_Senghor_International_Airport
Lübeck Blankensee Airport,DE,DE-SH,EU,Lübeck,LBC,EDHL,53.805401,10.7192,53.0,yes,medium_airport,yes,https://en.wikipedia.org/wiki/L%C3%BCbeck_Airport
M. R. Štefánik Airport,SK,SK-BL,EU,Bratislava,BTS,LZIB,48.1702,17.2127,436.0,yes,large_airport,yes,https://en.wikipedia.org/wiki/M._R._%C5%A0tef%C3%A1nik_Airport
MBS International Airport,US,US-MI,NA,Freeland,MBS,KMBS,43.533181,-84.083104,668.0,yes,medium_airport,no,https://en.wikipedia.org/wiki/MBS_International_Airport
Maastricht Aachen Airport,NL,NL-LI,EU,Maastricht,MST,EHBK,50.911087,5.769401,375.0,yes,large_airport,yes,https://en.wikipedia.org/wiki/Maastricht_Aachen_Airport
Macapá - Alberto Alcolumbre International Airport,BR,BR-AP,SA,Macapá,MCP,SBMQ,0.050664,-51.072201,56.0,yes,medium_airport,no,https://en.wikipedia.org/wiki/Macap%C3%A1_International_Airport
Macau International Airport,MO,MO-CAR,AS,Nossa Senhora do Carmo,MFM,VMMC,22.149599,113.592003,20.0,yes,large_airport,yes,https://en.wikipedia.org/wiki/Macau_International_Airport
Macaé Benedito Lacerda Airport,BR,BR-RJ,SA,Macaé,MEA,SBME,-22.343,-41.765999,8.0,no,medium_airport,no,https://en.wikipedia.org/wiki/Maca%C3%A9_Airport
Mackay Airport,AU,AU-QLD,OC,Mackay,MKY,YBMK,-21.170816,149.182588,19.0,yes,medium_airport,no,https://en.wikipedia.org/wiki/Mackay_Airport
Mactan Cebu International Airport,PH,PH-CEB,AS,Cebu City/Lapu-Lapu City,CEB,RPVM,10.309261,123.97974,31.0,yes,large_airport,yes,https://en.wikipedia.org/wiki/Mactan-Cebu_International_Airport
Madang Airport,PG,PG-MPM,OC,Madang,MAG,AYMD,-5.20707988739,145.789001465,20.0,yes,medium_airport,no,https://en.wikipedia.org/wiki/Madang_Airport
Madurai Airport,IN,IN-TN,AS,Madurai,IXM,VOMD,9.83450984955,78.09339904790001,459.0,yes,medium_airport,yes,https://en.wikipedia.org/wiki/Madurai_Airport
Mae Fah Luang - Chiang Rai International Airport,TH,TH-57,AS,Chiang Rai,CEI,VTCT,19.952299,99.882896,1280.0,yes,large_airport,yes,https://en.wikipedia.org/wiki/Chiang_Rai_International_Airport
Mae Hong Son Airport,TH,TH-58,AS,Mae Hong Son,HGN,VTCH,19.3013,97.9758,929.0,yes,medium_airport,no,https://en.wikipedia.org/wiki/Mae_Hong_Son_Airport
Mae Sot Airport,TH,TH-63,AS,,MAQ,VTPM,16.699899673461914,98.54509735107422,690.0,yes,medium_airport,no,https://en.wikipedia.org/wiki/Mae_Sot_Airport
Maestro Marinho Franco Airport,BR,BR-MT,SA,Rondonópolis,ROO,SBRD,-16.584292,-54.724803,1467.0,yes,medium_airport,no,https://en.wikipedia.org/wiki/Rondon%C3%B3polis_Airport
Maewo-Naone Airport,VU,VU-PAM,OC,Maewo Island,MWF,NVSN,-14.997222,168.081111,509.0,no,small_airport,no,https://en.wikipedia.org/wiki/Maewo-Naone_Airport
Magnitogorsk International Airport,RU,RU-BA,AS,Magnitogorsk,MQF,USCM,53.391991,58.755235,1430.0,yes,large_airport,yes,https://en.wikipedia.org/wiki/Magnitogorsk_International_Airport
Maharana Pratap Airport,IN,IN-RJ,AS,Udaipur,UDR,VAUD,24.617700576799997,73.89610290530001,1684.0,yes,medium_airport,no,https://en.wikipedia.org/wiki/Udaipur_Airport
Mahshahr Airport,IR,IR-06,AS,Mahshahr,MRX,OIAM,30.5562,49.151901,8.0,yes,medium_airport,no,https://en.wikipedia.org/wiki/Mahshahr_Airport
Maio Airport,CV,CV-S,AF,Vila do Maio,MMO,GVMA,15.15590000152588,-23.213699340820312,36.0,yes,medium_airport,no,https://en.wikipedia.org/wiki/Maio_Airport
Maiquetía Simón Bolívar International Airport,VE,VE-X,SA,Maiquetía,CCS,SVMI,10.602214,-66.991174,234.0,yes,large_airport,yes,https://en.wikipedia.org/wiki/Sim%C3%B3n_Bol%C3%ADvar_International_Airport
Makemo Airport,PF,PF-U-A,OC,Makemo,MKP,NTGM,-16.5839,-143.658005,3.0,yes,medium_airport,no,https://en.wikipedia.org/wiki/Makemo_Airport
Makhachkala Uytash International Airport,RU,RU-DA,AS,Makhachkala,MCX,URML,42.816799,47.652302,12.0,yes,large_airport,yes,https://en.wikipedia.org/wiki/Uytash_airport
Makkovik Airport,CA,CA-NL,NA,Makkovik,YMN,CYFT,55.077335,-59.187942,234.0,yes,small_airport,no,https://en.wikipedia.org/wiki/Makkovik_Airport
Malabo International Airport,GQ,GQ-BN,AF,Malabo,SSG,FGSL,3.75527,8.70872,76.0,yes,large_airport,yes,https://en.wikipedia.org/wiki/Malabo_International_Airport
Malanje Airport,AO,AO-MAL,AF,Malanje,MEG,FNMA,-9.525090217590332,16.312400817871094,3868.0,yes,medium_airport,no,https://en.wikipedia.org/wiki/Malanje_Airport
Malatya Erhaç Airport,TR,TR-44,AS,Malatya,MLX,LTAT,38.4352989197,38.0909996033,2828.0,yes,medium_airport,yes,https://en.wikipedia.org/wiki/Erha%C3%A7_Airport
Malindi International Airport,KE,KE-03,AF,Malindi,MYD,HKML,-3.22931,40.1017,80.0,yes,medium_airport,no,https://en.wikipedia.org/wiki/Malindi_Airport
Mallam Aminu Kano International Airport,NG,NG-KN,AF,Kano,KAN,DNKN,12.045613,8.523566,1562.0,yes,large_airport,yes,https://en.wikipedia.org/wiki/Mallam_Aminu_Kano_International_Airport
Malmö Sturup Airport,SE,SE-M,EU,Malmö,MMX,ESMS,55.535564,13.376327,236.0,yes,large_airport,yes,https://en.wikipedia.org/wiki/Malm%C3%B6_Airport
Malta International Airport,MT,MT-25,EU,Valletta,MLA,LMML,35.845932,14.491546,300.0,yes,large_airport,yes,https://en.wikipedia.org/wiki/Malta_International_Airport
Mammoth Yosemite Airport,US,US-CA,NA,Mammoth Lakes,MMH,KMMH,37.625381,-118.84306,7135.0,yes,medium_airport,no,https://en.wikipedia.org/wiki/Mammoth_Yosemite_Airport
Mananara Nord Airport,MG,MG-A,AF,Mananara Nord,WMR,FMNC,-16.1639,49.7738,9.0,no,medium_airport,no,https://en.wikipedia.org/wiki/Mananara_Nord_Airport
Manchester Airport,GB,GB-ENG,EU,"Manchester, Greater Manchester",MAN,EGCC,53.349375,-2.279521,257.0,yes,large_airport,yes,https://en.wikipedia.org/wiki/Manchester_Airport
Manchester-Boston Regional Airport,US,US-NH,NA,Manchester,MHT,KMHT,42.932598,-71.435699,266.0,yes,medium_airport,no,https://en.wikipedia.org/wiki/Manchester-Boston_Regional_Airport
Manda Airport,KE,KE-05,AF,Lamu,LAU,HKLU,-2.252431,40.912892,20.0,yes,medium_airport,no,https://en.wikipedia.org/wiki/Manda_Airport
Mandalay International Airport,MM,MM-04,AS,Mandalay,MDL,VYMD,21.70219993591309,95.97789764404295,300.0,yes,large_airport,yes,https://en.wikipedia.org/wiki/Mandalay_International_Airport
Mangaia Island Airport,CK,CK-U-A,OC,Mangaia Island,MGS,NCMG,-21.895987,-157.906662,45.0,no,small_airport,no,https://en.wikipedia.org/wiki/Mangaia_Airport
Mangaluru International Airport,IN,IN-KA,AS,Mangaluru,IXE,VOML,12.95471,74.886812,337.0,yes,large_airport,yes,https://en.wikipedia.org/wiki/Mangalore_International_Airport
Manhattan Regional Airport,US,US-KS,NA,Manhattan,MHK,KMHK,39.14099884033203,-96.6707992553711,1057.0,yes,medium_airport,no,https://en.wikipedia.org/wiki/Manhattan_Regional_Airport
Manihi Airport,PF,PF-U-A,OC,,XMH,NTGI,-14.436800003051758,-146.07000732421875,14.0,yes,medium_airport,no,https://en.wikipedia.org/wiki/Manihi_Airport
Maniitsoq Airport,GL,GL-QA,NA,Maniitsoq,JSU,BGMQ,65.412498,-52.9394,91.0,yes,small_airport,no,https://en.wikipedia.org/wiki/Maniitsoq_Airport
Maningrida Airport,AU,AU-NT,OC,Maningrida,MNG,YMGD,-12.0560998917,134.23399353,123.0,yes,medium_airport,no,https://en.wikipedia.org/wiki/Maningrida_Airport
Manistee County Blacker Airport,US,US-MI,NA,Manistee,MBL,KMBL,44.272707,-86.246495,621.0,yes,small_airport,no,https://en.wikipedia.org/wiki/Manistee_County-Blacker_Airport
Manley Hot Springs Airport,US,US-AK,NA,Manley Hot Springs,MLY,PAML,64.99188,-150.644102,270.0,yes,small_airport,no,https://en.wikipedia.org/wiki/Manley_Hot_Springs_Airport
Mansa Airport,ZM,ZM-04,AF,Mansa,MNS,FLMA,-11.137,28.872601,4101.0,no,small_airport,no,https://en.wikipedia.org/wiki/Mansa_Airport
Manshuk Mametova International Airport,KZ,KZ-ZAP,AS,Uralsk,URA,UARR,51.151976,51.543652,125.0,yes,large_airport,yes,https://en.wikipedia.org/wiki/Oral_Ak_Zhol_Airport
Manuel Crescencio Rejón International Airport,MX,MX-YUC,NA,Mérida,MID,MMMD,20.930485,-89.645462,38.0,yes,large_airport,yes,https://en.wikipedia.org/wiki/Manuel_Crescencio_Rej%C3%B3n_International_Airport
Manuel Márquez de León International Airport,MX,MX-BCS,NA,La Paz,LAP,MMLP,24.072331,-110.362662,69.0,yes,medium_airport,no,https://en.wikipedia.org/wiki/La_Paz_International_Airport
Manzhouli Xijiao Airport,CN,CN-15,AS,Manzhouli,NZH,ZBMZ,49.566667,117.33,2231.0,yes,medium_airport,yes,https://en.wikipedia.org/wiki/Manzhouli_Xijiao_Airport
Maputo Airport,MZ,MZ-MPM,AF,Maputo,MPM,FQMA,-25.920799,32.572601,145.0,yes,large_airport,yes,https://en.wikipedia.org/wiki/Maputo_International_Airport
Mara Serena Lodge Airstrip,KE,KE-33,AF,Serena,MRE,HKMS,-1.404588,35.008349,5200.0,yes,medium_airport,no,https://en.wikipedia.org/wiki/Mara_Serena_Airport
Maramureș International Airport,RO,RO-MM,EU,Tăuții-Măgherăuș,BAY,LRBM,47.658444,23.464445,605.0,yes,medium_airport,yes,https://en.wikipedia.org/wiki/Maramureș_Airport
Marau Airport,SB,SB-GU,OC,Marau,RUS,AGGU,-9.86167,160.824997,3.0,yes,small_airport,no,https://en.wikipedia.org/wiki/Marau_Airport
Marche Airport,IT,IT-57,EU,Falconara Marittima (AN),AOI,LIPY,43.616299,13.3623,49.0,yes,medium_airport,yes,https://en.wikipedia.org/wiki/Marche_Airport
Marcos A. Gelabert International Airport,PA,PA-8,NA,Albrook,PAC,MPMG,8.97334,-79.555603,31.0,yes,medium_airport,yes,https://en.wikipedia.org/wiki/Albrook_%22Marcos_A._Gelabert%22_International_Airport
Mardin Airport,TR,TR-47,AS,Mardin,MQM,LTCR,37.2233009338,40.6316986084,1729.0,yes,medium_airport,no,https://en.wikipedia.org/wiki/Mardin_Airport
Marechal Cunha Machado International Airport,BR,BR-MA,SA,São Luís,SLZ,SBSL,-2.586386,-44.235008,178.0,yes,large_airport,yes,https://en.wikipedia.org/wiki/Marechal_Cunha_Machado_International_Airport
Margaret Ekpo International Airport,NG,NG-CR,AF,Calabar,CBQ,DNCA,4.976019859313965,8.347200393676758,210.0,yes,medium_airport,yes,https://en.wikipedia.org/wiki/Margaret_Ekpo_International_Airport
Margate Airport,ZA,ZA-NL,AF,Margate,MGH,FAMG,-30.8574008942,30.343000412,495.0,yes,medium_airport,no,https://en.wikipedia.org/wiki/Margate_Airport
Mariana Grajales Airport,CU,CU-14,NA,Guantánamo,GAO,MUGT,20.0853,-75.158302,56.0,no,medium_airport,no,https://en.wikipedia.org/wiki/Mariana_Grajales_Airport
Mariehamn Airport,FI,FI-01,EU,Mariehamn,MHQ,EFMA,60.1222,19.898199,17.0,yes,medium_airport,yes,https://en.wikipedia.org/wiki/Mariehamn_Airport
Marina di Campo Airport,IT,IT-52,EU,Campo nell'Elba (LI),EBA,LIRJ,42.760871,10.239811,31.0,yes,medium_airport,no,https://en.wikipedia.org/wiki/Marina_di_Campo_Airport
Mariscal Lamar Airport,EC,EC-A,SA,Cuenca,CUE,SECU,-2.88947,-78.984398,8306.0,yes,medium_airport,yes,https://en.wikipedia.org/wiki/Mariscal_Lamar_International_Airport
Mariscal Sucre International Airport,EC,EC-P,SA,Quito,UIO,SEQM,-0.125399,-78.354306,7841.0,yes,large_airport,yes,https://en.wikipedia.org/wiki/Mariscal_Sucre_International_Airport
Maroantsetra Airport,MG,MG-A,AF,Maroantsetra,WMN,FMNR,-15.437742,49.689081,9.0,yes,medium_airport,no,https://en.wikipedia.org/wiki/Maroantsetra_Airport
Marquette/Sawyer International Airport,US,US-MI,NA,Gwinn,MQT,KSAW,46.351498,-87.395884,1221.0,yes,medium_airport,no,https://en.wikipedia.org/wiki/Sawyer_International_Airport
Marrakesh Menara Airport,MA,MA-07,AF,Marrakesh,RAK,GMMX,31.604807,-8.035788,1545.0,yes,large_airport,yes,https://en.wikipedia.org/wiki/Menara_International_Airport
Marsa Alam International Airport,EG,EG-BA,AF,Marsa Alam,RMF,HEMA,25.555548,34.59245,213.0,yes,large_airport,yes,https://en.wikipedia.org/wiki/Marsa_Alam_International_Airport
Marseille Provence Airport,FR,FR-PAC,EU,"Marignane, Bouches-du-Rhône",MRS,LFML,43.438088,5.2125,74.0,yes,large_airport,yes,https://en.wikipedia.org/wiki/Marseille_Provence_Airport
Marshall Don Hunter Sr Airport,US,US-AK,NA,Marshall,MLL,PADM,61.8643,-162.026001,103.0,yes,small_airport,no,https://en.wikipedia.org/wiki/Marshall_Don_Hunter_Sr._Airport
Marshall Islands International Airport,MH,MH-MAJ,OC,Majuro Atoll,MAJ,PKMJ,7.06511,171.271656,6.0,yes,large_airport,yes,https://en.wikipedia.org/wiki/Marshall_Islands_International_Airport
Martha's Vineyard Airport,US,US-MA,NA,Martha's Vineyard,MVY,KMVY,41.3931007385,-70.6143035889,67.0,yes,small_airport,no,https://en.wikipedia.org/wiki/Martha's_Vineyard_Airport
Martinique Aimé Césaire International Airport,MQ,MQ-U-A,NA,Fort-de-France,FDF,TFFF,14.591,-61.003201,16.0,yes,large_airport,yes,https://en.wikipedia.org/wiki/Martinique_Aim%C3%A9_C%C3%A9saire_International_Airport
Martín Miguel de Güemes International Airport,AR,AR-A,SA,Salta,SLA,SASA,-24.856001,-65.486198,4088.0,yes,large_airport,yes,https://en.wikipedia.org/wiki/Mart%C3%ADn_Miguel_de_G%C3%BCemes_Airport
Marudi Airport,MY,MY-13,AS,Marudi,MUR,WBGM,4.178734,114.330318,103.0,yes,medium_airport,no,https://en.wikipedia.org/wiki/Marudi_Airport
Maryse Condé International Airport,GP,GP-U-A,NA,Pointe-à-Pitre,PTP,TFFR,16.265443,-61.532754,36.0,yes,large_airport,yes,https://en.wikipedia.org/wiki/Pointe-%C3%A0-Pitre_International_Airport
Maré Airport,NC,NC-01,OC,Maré,MEE,NWWR,-21.482438,168.038465,141.0,yes,medium_airport,no,https://en.wikipedia.org/wiki/Mar%C3%A9_Airport
Mashhad International Airport,IR,IR-09,AS,Mashhad,MHD,OIMM,36.234821,59.642949,3263.0,yes,large_airport,yes,https://en.wikipedia.org/wiki/Mashhad_International_Airport
Massawa International Airport,ER,ER-SK,AF,Massawa,MSW,HHMS,15.67,39.370098,194.0,no,medium_airport,no,https://en.wikipedia.org/wiki/Massawa_International_Airport
Massena International Airport Richards Field,US,US-NY,NA,Massena,MSS,KMSS,44.936157,-74.844304,215.0,yes,medium_airport,no,https://en.wikipedia.org/wiki/Massena_International_Airport
Masset Airport,CA,CA-BC,NA,Masset,ZMT,CZMT,54.0275,-132.125,25.0,yes,medium_airport,no,https://en.wikipedia.org/wiki/Masset_Airport
Mataiva Airport,PF,PF-U-A,OC,,MVT,NTGV,-14.8681001663208,-148.7169952392578,11.0,yes,medium_airport,no,https://en.wikipedia.org/wiki/Mataiva_Airport
Matari Airport,CD,CD-HU,AF,Isiro,IRP,FZJH,2.82761,27.588301,2438.0,yes,medium_airport,no,https://en.wikipedia.org/wiki/Matari_Airport
Mataveri International Airport,CL,CL-VS,SA,Isla De Pascua,IPC,SCIP,-27.165411,-109.421027,227.0,yes,large_airport,yes,https://en.wikipedia.org/wiki/Mataveri_International_Airport
Matecaña International Airport,CO,CO-RIS,SA,Pereira,PEI,SKPE,4.81267,-75.7395,4416.0,yes,medium_airport,yes,https://en.wikipedia.org/wiki/Mateca%C3%B1a_International_Airport
Matei Airport,FJ,FJ-N,OC,Matei,TVU,NFNM,-16.690599,-179.876999,60.0,yes,small_airport,no,https://en.wikipedia.org/wiki/Matei_Airport
Mathilda Batlayeri Airport,ID,ID-MA,AS,Saumlaki-Yamdena Island,SXK,WAPS,-7.848354,131.337068,446.0,yes,small_airport,no,https://en.wikipedia.org/wiki/Mathilda_Batlayeri_Airport
Matsapha International Airport,SZ,SZ-MA,AF,Manzini,MTS,FDMS,-26.528919,31.307577,2075.0,no,medium_airport,no,https://en.wikipedia.org/wiki/Matsapha_Airport
Matsuyama Airport,JP,JP-38,AS,Matsuyama,MYJ,RJOM,33.826893,132.700114,25.0,yes,large_airport,no,https://en.wikipedia.org/wiki/Matsuyama_Airport
Mattala Rajapaksa International Airport,LK,LK-3,AS,Mattala,HRI,VCRI,6.283878,81.124163,157.0,yes,medium_airport,yes,https://en.wikipedia.org/wiki/Mattala_Rajapaksa_International_Airport
Matthew Spain Airport,BZ,BZ-CY,NA,Spanish Lookout,SQS,,17.185898,-89.009936,199.0,no,small_airport,no,https://en.wikipedia.org/wiki/Matthew_Spain_Airport
Mauke Airport,CK,CK-U-A,OC,Mauke Island,MUK,NCMK,-20.13610076904297,-157.34500122070312,26.0,yes,small_airport,no,https://en.wikipedia.org/wiki/Mauke_Airport
Maun International Airport,BW,BW-NW,AF,Maun,MUB,FBMN,-19.970491,23.431409,3093.0,yes,large_airport,yes,https://en.wikipedia.org/wiki/Maun_Airport
Maupiti Airport,PF,PF-U-A,OC,,MAU,NTTP,-16.42650032043457,-152.24400329589844,15.0,yes,medium_airport,no,https://en.wikipedia.org/wiki/Maupiti_Airport
Maurice Bishop International Airport,GD,GD-GE,NA,Saint George's,GND,TGPY,12.003996,-61.785302,41.0,yes,large_airport,yes,https://en.wikipedia.org/wiki/Point_Salines_International_Airport
Mawella Lagoon Seaplane Base,LK,LK-3,AS,Dickwella,DIW,,5.990192,80.733129,16.0,no,seaplane_base,no,
Maya-Maya International Airport,CG,CG-12,AF,Brazzaville,BZV,FCBB,-4.2517,15.253,1048.0,yes,large_airport,yes,https://en.wikipedia.org/wiki/Maya-Maya_Airport
Mayaguana Airport,BS,BS-MG,NA,Abraham Bay Settlement,MYG,MYMM,22.379499,-73.013494,11.0,yes,medium_airport,no,https://en.wikipedia.org/wiki/Mayaguana_Airport
Mayor Buenaventura Vivas International Airport,VE,VE-S,SA,Santo Domingo,STD,SVSO,7.56538,-72.035103,1083.0,yes,medium_airport,no,https://en.wikipedia.org/wiki/Mayor_Buenaventura_Vivas_Airport
Mayor General FAP Armando Revoredo Iglesias Airport,PE,PE-CAJ,SA,Cajamarca,CJA,SPJR,-7.13918,-78.489403,8781.0,yes,medium_airport,no,https://en.wikipedia.org/wiki/Mayor_General_FAP_Armando_Revoredo_Iglesias_Airport
Mazar-i-Sharif International Airport,AF,AF-BAL,AS,Mazar-i-Sharif,MZR,OAMS,36.70412,67.210459,1284.0,yes,large_airport,yes,https://en.wikipedia.org/wiki/Mazar-i-Sharif_International_Airport
Mbandaka Airport,CD,CD-EQ,AF,Mbandaka,MDK,FZEA,0.0226000007242,18.2887001038,1040.0,yes,medium_airport,no,https://en.wikipedia.org/wiki/Mbandaka_Airport
Mbanza Congo Airport,AO,AO-ZAI,AF,Mbanza Congo,SSY,FNBC,-6.269899845123291,14.246999740600586,1860.0,yes,medium_airport,no,https://en.wikipedia.org/wiki/Mbanza_Congo_Airport
Mbuji Mayi Airport,CD,CD-KE,AF,Mbuji Mayi,MJM,FZWA,-6.121240139010001,23.569000244099996,2221.0,yes,medium_airport,no,https://en.wikipedia.org/wiki/Mbuji_Mayi_Airport
McAllen Miller International Airport,US,US-TX,NA,McAllen,MFE,KMFE,26.176141,-98.237965,107.0,yes,medium_airport,yes,https://en.wikipedia.org/wiki/McAllen-Miller_International_Airport
McArthur River Mine Airport,AU,AU-NT,OC,McArthur River Mine,MCV,YMHU,-16.4424991608,136.083999634,131.0,yes,small_airport,no,https://en.wikipedia.org/wiki/McArthur_River_Mine_Airport
McClellan-Palomar Airport,US,US-CA,NA,Carlsbad,CLD,KCRQ,33.1283,-117.279999,331.0,yes,medium_airport,no,https://en.wikipedia.org/wiki/McClellan-Palomar_Airport
McCook Ben Nelson Regional Airport,US,US-NE,NA,McCook,MCK,KMCK,40.207787,-100.592794,2583.0,yes,medium_airport,no,https://en.wikipedia.org/wiki/McCook_Regional_Airport
McGhee Tyson Airport,US,US-TN,NA,Knoxville/Maryville,TYS,KTYS,35.811001,-83.994003,981.0,yes,large_airport,yes,https://en.wikipedia.org/wiki/McGhee_Tyson_Airport
McGrath Airport,US,US-AK,NA,McGrath,MCG,PAMC,62.95289993,-155.6060028,341.0,yes,medium_airport,no,https://en.wikipedia.org/wiki/McGrath_Airport
McKellar-Sipes Regional Airport,US,US-TN,NA,Jackson,MKL,KMKL,35.599899,-88.915604,434.0,yes,medium_airport,no,https://en.wikipedia.org/wiki/McKellar-Sipes_Regional_Airport
Meadows Field,US,US-CA,NA,Bakersfield,BFL,KBFL,35.433601,-119.056999,510.0,yes,medium_airport,no,https://en.wikipedia.org/wiki/Meadows_Field_Airport
Mecheria Airport,DZ,DZ-45,AF,Mecheria,MZW,DAAY,33.5359,-0.242353,3855.0,yes,medium_airport,no,http://fr.wikipedia.org/wiki/A%C3%A9roport_de_Mecheria
Medicine Hat Regional Airport,CA,CA-AB,NA,Medicine Hat,YXH,CYXH,50.018902,-110.721001,2352.0,yes,medium_airport,no,https://en.wikipedia.org/wiki/Medicine_Hat_Airport
Mehamn Airport,NO,NO-56,EU,Mehamn,MEH,ENMH,71.029701,27.8267,39.0,yes,medium_airport,no,https://en.wikipedia.org/wiki/Mehamn_Airport
Mehrabad International Airport,IR,IR-23,AS,Tehran,THR,OIII,35.689175,51.314392,3962.0,yes,large_airport,no,https://en.wikipedia.org/wiki/Mehrabad_International_Airport
Meizhou Meixian Changgangji International Airport,CN,CN-44,AS,Meizhou (Meixian),MXZ,ZGMX,24.263425,116.097857,312.0,yes,small_airport,no,https://en.wikipedia.org/wiki/Meixian_Airport
Mekele Alula Aba Nega Airport,ET,ET-TI,AF,Mekele,MQX,HAMK,13.4674,39.533501,7396.0,yes,medium_airport,no,https://en.wikipedia.org/wiki/Alula_Aba_Nega_Airport
Mekoryuk Airport,US,US-AK,NA,Mekoryuk,MYU,PAMY,60.372338,-166.269751,48.0,yes,medium_airport,no,https://en.wikipedia.org/wiki/Mekoryuk_Airport
Melangguane Airport,ID,ID-SA,AS,Karakelong Island,MNA,WAMN,4.010334,126.673192,3.0,no,small_airport,no,https://en.wikipedia.org/wiki/Melangguane_Airport
Melbourne Airport,AU,AU-VIC,OC,Melbourne,MEL,YMML,-37.670732,144.837898,434.0,yes,large_airport,yes,https://en.wikipedia.org/wiki/Melbourne_Airport
Melbourne Avalon International Airport,AU,AU-VIC,OC,Geelong/Melbourne,AVV,YMAV,-38.040269,144.467196,35.0,yes,large_airport,no,https://en.wikipedia.org/wiki/Avalon_Airport
Melbourne Essendon Airport,AU,AU-VIC,OC,Essendon Fields,MEB,YMEN,-37.7281,144.901993,282.0,yes,medium_airport,no,https://en.wikipedia.org/wiki/Essendon_Airport
Melbourne Orlando International Airport,US,US-FL,NA,Melbourne,MLB,KMLB,28.102009,-80.641088,33.0,yes,medium_airport,yes,https://en.wikipedia.org/wiki/Melbourne_International_Airport
Melilla Airport,ES,ES-ML,AF,Melilla,MLN,GEML,35.2798,-2.95626,156.0,yes,medium_airport,no,https://en.wikipedia.org/wiki/Melilla_Airport
Memanbetsu Airport,JP,JP-01,AS,Ōzora,MMB,RJCM,43.8805999756,144.164001465,135.0,yes,medium_airport,no,https://en.wikipedia.org/wiki/Memanbetsu_Airport
Memmingen Allgau Airport,DE,DE-BY,EU,Memmingen,FMM,EDJA,47.988092,10.238248,2077.0,yes,large_airport,yes,https://en.wikipedia.org/wiki/Memmingen_Airport
Memorial Field Airport,US,US-AR,NA,Hot Springs,HOT,KHOT,34.4788,-93.096262,540.0,yes,medium_airport,no,https://en.wikipedia.org/wiki/Hot_Springs_Memorial_Field_Airport
Mendi Airport,PG,PG-SHM,OC,Mendi,MDU,AYMN,-6.14774,143.656998,5680.0,yes,medium_airport,no,https://en.wikipedia.org/wiki/Mendi_Airport
Menongue Airport,AO,AO-CCU,AF,Menongue,SPP,FNME,-14.657600402832031,17.71980094909668,4469.0,yes,medium_airport,no,https://en.wikipedia.org/wiki/Menongue_Airport
Menorca Airport,ES,ES-IB,EU,Mahón (Maó),MAH,LEMH,39.862598,4.21865,302.0,yes,large_airport,yes,https://en.wikipedia.org/wiki/Menorca_Airport
Merced Regional Macready Field,US,US-CA,NA,Merced,MCE,KMCE,37.284698,-120.514,155.0,yes,medium_airport,no,https://en.wikipedia.org/wiki/Merced_Regional_Airport
Mercedita International Airport,PR,PR-U-A,NA,Ponce,PSE,TJPS,18.008301,-66.563004,29.0,yes,medium_airport,yes,https://en.wikipedia.org/wiki/Mercedita_Airport
Merimbula Airport,AU,AU-NSW,OC,Merimbula,MIM,YMER,-36.9085998535,149.901000977,7.0,yes,medium_airport,no,https://en.wikipedia.org/wiki/Merimbula_Airport
Merle K (Mudhole) Smith Airport,US,US-AK,NA,Cordova,CDV,PACV,60.491798,-145.477997,54.0,yes,medium_airport,no,https://en.wikipedia.org/wiki/Merle_K._(Mudhole)_Smith_Airport
Mertarvik Airport,US,US-AK,NA,Mertarvik,WWT,PAEW,60.81037,-164.499511,346.0,yes,small_airport,no,
Mesa Gateway Airport,US,US-AZ,NA,Mesa,AZA,KIWA,33.3078,-111.654999,1382.0,yes,medium_airport,yes,https://en.wikipedia.org/wiki/Phoenix%E2%80%93Mesa_Gateway_Airport
Metlakatla Seaplane Base,US,US-AK,NA,Metlakatla,MTM,PAMM,55.131001,-131.578003,,yes,seaplane_base,no,https://en.wikipedia.org/wiki/Metlakatla_Seaplane_Base
Metz-Nancy-Lorraine Airport,FR,FR-GES,EU,Goin,ETZ,LFJL,48.982101,6.25132,870.0,yes,medium_airport,no,https://en.wikipedia.org/wiki/Metz-Nancy-Lorraine_Airport
Mexico City Benito Juárez International Airport,MX,MX-DIF,NA,Mexico City,MEX,MMMX,19.435822,-99.07033,7316.0,yes,large_airport,yes,https://en.wikipedia.org/wiki/Mexico_City_International_Airport
Mfuwe International Airport,ZM,ZM-03,AF,Mfuwe,MFU,FLMF,-13.2589,31.9366,1853.0,yes,large_airport,yes,https://en.wikipedia.org/wiki/Mfuwe_Airport
Miami International Airport,US,US-FL,NA,Miami,MIA,KMIA,25.796011,-80.289751,8.0,yes,large_airport,yes,https://en.wikipedia.org/wiki/Miami_International_Airport
Mianyang Nanjiao Airport,CN,CN-51,AS,Mianyang (Fucheng),MIG,ZUMY,31.428101,104.740997,7874.0,yes,medium_airport,no,https://en.wikipedia.org/wiki/Mianyang_Airport
Michel-Pouliot Gaspé Airport,CA,CA-QC,NA,Gaspé,YGP,CYGP,48.774915,-64.481893,112.0,yes,medium_airport,no,https://en.wikipedia.org/wiki/Gasp%C3%A9_Airport
Mid Delta Regional Airport,US,US-MS,NA,Greenville,GLH,KGLH,33.482899,-90.985603,131.0,yes,medium_airport,no,https://en.wikipedia.org/wiki/Greenville_Mid-Delta_Airport
Mid Ohio Valley Regional Airport,US,US-WV,NA,Parkersburg (Williamstown),PKB,KPKB,39.3451,-81.439201,858.0,yes,medium_airport,no,https://en.wikipedia.org/wiki/Mid-Ohio_Valley_Regional_Airport
Middle Georgia Regional Airport,US,US-GA,NA,Macon,MCN,KMCN,32.69279861450195,-83.64920043945312,354.0,yes,medium_airport,no,https://en.wikipedia.org/wiki/Middle_Georgia_Regional_Airport
Midland International Air and Space Port,US,US-TX,NA,Midland,MAF,KMAF,31.942499,-102.202003,2871.0,yes,medium_airport,yes,https://en.wikipedia.org/wiki/Midland_International_Airport
Midtjyllands Airport / Air Base Karup,DK,DK-82,EU,Karup,KRP,EKKA,56.297139,9.104311,170.0,yes,medium_airport,no,https://en.wikipedia.org/wiki/Midtjyllands_Airport
Mihail Kogălniceanu International Airport,RO,RO-CT,EU,Constanța,CND,LRCK,44.362202,28.4883,353.0,yes,large_airport,yes,https://en.wikipedia.org/wiki/Mihail_Kog%C4%83lniceanu_International_Airport
Milan Malpensa International Airport,IT,IT-25,EU,Ferno (VA),MXP,LIMC,45.6306,8.72811,768.0,yes,large_airport,no,https://en.wikipedia.org/wiki/Malpensa_Airport
Milano Linate Airport,IT,IT-25,EU,Segrate (MI),LIN,LIML,45.445099,9.27674,353.0,yes,large_airport,yes,https://en.wikipedia.org/wiki/Linate_Airport
Milas Bodrum International Airport,TR,TR-48,AS,Bodrum,BJV,LTFE,37.249314,27.66401,21.0,yes,large_airport,yes,https://en.wikipedia.org/wiki/Milas-Bodrum_Airport
Mildura Airport,AU,AU-VIC,OC,Mildura,MQL,YMIA,-34.229198455799995,142.085998535,167.0,yes,medium_airport,no,https://en.wikipedia.org/wiki/Mildura_Airport
Milingimbi Airport,AU,AU-NT,OC,Milingimbi Island,MGT,YMGB,-12.0944004059,134.893997192,53.0,yes,small_airport,no,https://en.wikipedia.org/wiki/Milingimbi_Airport
Milos Airport,GR,GR-L,EU,Milos Island,MLO,LGML,36.696899,24.4769,10.0,yes,small_airport,no,https://en.wikipedia.org/wiki/Milos_Island_National_Airport
Minangkabau International Airport,ID,ID-SB,AS,Padang (Katapiang),PDG,WIEE,-0.785964,100.280384,18.0,yes,large_airport,yes,https://en.wikipedia.org/wiki/Minangkabau_International_Airport
Minatitlán/Coatzacoalcos International Airport,MX,MX-VER,NA,Cosoleacaque,MTT,MMMT,18.103399,-94.580704,36.0,yes,medium_airport,no,https://en.wikipedia.org/wiki/Minatitl%C3%A1n/Coatzacoalcos_International_Airport
Minaçu Airport,BR,BR-GO,SA,Minaçu,MQH,,-13.5491,-48.195301,1401.0,no,medium_airport,no,https://en.wikipedia.org/wiki/Mina%C3%A7u_Airport
Minchumina Airport,US,US-AK,NA,Minchumina,LMA,PAMH,63.886002,-152.302002,678.0,yes,small_airport,no,https://en.wikipedia.org/wiki/Minchumina_Airport
Mineralnye Vody Airport,RU,RU-STA,EU,Mineralnyye Vody,MRV,URMM,44.225101,43.081902,1054.0,yes,large_airport,yes,https://en.wikipedia.org/wiki/Mineralnye_Vody_Airport
Ministro Victor Konder International Airport,BR,BR-SC,SA,Navegantes,NVT,SBNF,-26.879431,-48.650979,18.0,yes,large_airport,no,https://en.wikipedia.org/wiki/Navegantes_Airport
Minneapolis–Saint Paul International Airport / Wold–Chamberlain Field,US,US-MN,NA,Minneapolis,MSP,KMSP,44.880081,-93.221741,841.0,yes,large_airport,yes,https://en.wikipedia.org/wiki/Minneapolis–Saint_Paul_International_Airport
Minot International Airport,US,US-ND,NA,Minot,MOT,KMOT,48.25801,-101.279123,1716.0,yes,medium_airport,no,https://en.wikipedia.org/wiki/Minot_International_Airport
Minsk National Airport,BY,BY-MI,EU,Minsk,MSQ,UMMS,53.888071,28.039964,670.0,yes,large_airport,yes,https://en.wikipedia.org/wiki/Minsk_National_Airport
Minto Al Wright Airport,US,US-AK,NA,Minto,MNT,,65.147991,-149.368658,460.0,yes,small_airport,no,https://en.wikipedia.org/wiki/Minto_Airport
Miri Airport,MY,MY-13,AS,Miri,MYY,WBGR,4.32201,113.987,59.0,yes,medium_airport,no,https://en.wikipedia.org/wiki/Miri_Airport
Mirny Airport,RU,RU-SA,AS,Mirny,MJZ,UERR,62.534698486328125,114.03900146484376,1156.0,yes,medium_airport,no,https://en.wikipedia.org/wiki/Mirny_Airport
Misawa Airport / Misawa Air Base,JP,JP-02,AS,Misawa,MSJ,RJSM,40.703201,141.367996,119.0,yes,medium_airport,no,https://en.wikipedia.org/wiki/Misawa_Air_Base
Misima Island Airport,PG,PG-MBA,OC,Misima Island,MIS,AYMS,-10.6892004013,152.837997437,26.0,yes,small_airport,no,https://en.wikipedia.org/wiki/Misima_Airport
Misrata International Airport,LY,LY-MI,AF,Misrata,MRA,HLMS,32.325001,15.061,60.0,yes,small_airport,no,https://en.wikipedia.org/wiki/Misrata_Airport
Missoula Montana Airport,US,US-MT,NA,Missoula,MSO,KMSO,46.915816,-114.091107,3206.0,yes,medium_airport,no,https://en.wikipedia.org/wiki/Missoula_International_Airport
Mitiaro Island Airport,CK,CK-U-A,OC,Mitiaro Island,MOI,NCMR,-19.842501,-157.703003,25.0,yes,small_airport,no,https://en.wikipedia.org/wiki/Mitiaro_Airport
Miyako Airport,JP,JP-47,AS,Miyakojima,MMY,ROMY,24.782801,125.294998,150.0,yes,medium_airport,no,https://en.wikipedia.org/wiki/Miyako_Airport
Miyazaki Airport,JP,JP-45,AS,Miyazaki,KMI,RJFM,31.877199,131.449005,20.0,yes,large_airport,no,https://en.wikipedia.org/wiki/Miyazaki_Airport
"Mo i Rana Airport, Røssvoll",NO,NO-18,EU,Mo i Rana,MQN,ENRA,66.363899230957,14.301400184631,229.0,yes,medium_airport,no,https://en.wikipedia.org/wiki/Mo_i_Rana_Airport%2C_R%C3%B8ssvoll
Mobile Regional Airport,US,US-AL,NA,Mobile,MOB,KMOB,30.6912,-88.242798,219.0,yes,medium_airport,no,https://en.wikipedia.org/wiki/Mobile_Regional_Airport
Mocopulli Airport,CL,CL-LL,SA,Dalcahue,MHC,SCPQ,-42.340388,-73.715693,528.0,yes,small_airport,no,https://en.wikipedia.org/wiki/Mocopulli_Airport
Modesto City Co-Harry Sham Field,US,US-CA,NA,Modesto,MOD,KMOD,37.625801,-120.954002,97.0,no,medium_airport,no,https://en.wikipedia.org/wiki/Modesto_City-County_Airport
Modibo Keita International Airport,ML,ML-2,AF,Bamako,BKO,GABS,12.5335,-7.94994,1247.0,yes,large_airport,yes,https://en.wikipedia.org/wiki/Bamako%E2%80%93S%C3%A9nou_International_Airport
Moenjodaro Airport,PK,PK-SD,AS,Moenjodaro,MJD,OPMJ,27.335199,68.143097,154.0,no,medium_airport,no,https://en.wikipedia.org/wiki/Moenjodaro_Airport
Mohamed Boudiaf International Airport,DZ,DZ-25,AF,Constantine,CZL,DABC,36.276001,6.62039,2265.0,yes,large_airport,yes,https://en.wikipedia.org/wiki/Mohamed_Boudiaf_International_Airport
Mohammed V International Airport,MA,MA-06,AF,Casablanca,CMN,GMMN,33.3675,-7.58997,656.0,yes,large_airport,yes,https://en.wikipedia.org/wiki/Mohammed_V_International_Airport
Mohe Gulian Airport,CN,CN-23,AS,Mohe,OHE,ZYMH,52.916871,122.422759,1836.0,yes,medium_airport,no,https://en.wikipedia.org/wiki/Mohe_Gulian_Airport
Moi International Airport,KE,KE-01,AF,Mombasa,MBA,HKMO,-4.03483,39.5942,200.0,yes,large_airport,yes,https://en.wikipedia.org/wiki/Moi_International_Airport
Moises R. Espinosa Airport,PH,PH-MAS,AS,Masbate,MBT,RPVJ,12.369682,123.630095,49.0,yes,medium_airport,no,https://en.wikipedia.org/wiki/Masbate_Airport
"Molde Airport, Årø",NO,NO-15,EU,Årø,MOL,ENML,62.744701,7.2625,10.0,yes,medium_airport,no,https://en.wikipedia.org/wiki/Molde_Airport%2C_%C3%85r%C3%B8
Molokai Airport,US,US-HI,OC,Kaunakakai,MKK,PHMK,21.152901,-157.095993,454.0,yes,medium_airport,no,https://en.wikipedia.org/wiki/Molokai_Airport
Moma Airport,RU,RU-SA,AS,Khonuu,MQJ,UEMA,66.450861,143.261551,656.0,yes,medium_airport,no,https://en.wikipedia.org/wiki/Moma_Airport
Momote Airport,PG,PG-MRL,OC,Manus Island,MAS,AYMO,-2.06189,147.423996,12.0,yes,medium_airport,no,https://en.wikipedia.org/wiki/Momote_Airport
Monaco Heliport,MC,MC-U-A,EU,Fontvieille,MCM,LNMC,43.725798,7.419673,20.0,yes,heliport,no,https://en.wikipedia.org/w/index.php?title=Monaco_Heliport&oldid=1139229385
Monastir Habib Bourguiba International Airport,TN,TN-52,AF,Monastir,MIR,DTMB,35.75809860229492,10.75469970703125,9.0,yes,medium_airport,yes,https://en.wikipedia.org/wiki/Habib_Bourguiba_International_Airport
Monbetsu Airport,JP,JP-01,AS,Monbetsu,MBE,RJEB,44.303901672399995,143.404006958,80.0,yes,medium_airport,no,https://en.wikipedia.org/wiki/Monbetsu_Airport
Monroe Regional Airport,US,US-LA,NA,Monroe,MLU,KMLU,32.510899,-92.037697,79.0,yes,medium_airport,no,https://en.wikipedia.org/wiki/Monroe_Regional_Airport
Mont Joli Airport,CA,CA-QC,NA,Mont-Joli,YYY,CYYY,48.60860061645508,-68.20809936523438,172.0,yes,medium_airport,no,https://en.wikipedia.org/wiki/Mont-Joli_Airport
Monte Alegre Airport,BR,BR-PA,SA,Monte Alegre,MTE,SNMA,-1.9958,-54.0742,325.0,no,small_airport,no,https://en.wikipedia.org/wiki/Monte_Alegre_Airport
Monte Dourado - Serra do Areão Airport,BR,BR-PA,SA,Almeirim,MEU,SBMD,-0.889839,-52.6022,677.0,no,medium_airport,no,https://en.wikipedia.org/wiki/Monte_Dourado_Airport
Monterey Regional Airport,US,US-CA,NA,Monterey,MRY,KMRY,36.586777,-121.844183,257.0,yes,medium_airport,no,https://en.wikipedia.org/wiki/Monterey_Peninsula_Airport
Monterrey International Airport,MX,MX-NLE,NA,Monterrey,MTY,MMMY,25.778521,-100.106989,1278.0,yes,large_airport,yes,https://en.wikipedia.org/wiki/General_Mariano_Escobedo_International_Airport
Montgomery Regional (Dannelly Field) Airport,US,US-AL,NA,Montgomery,MGM,KMGM,32.300598,-86.393997,221.0,yes,medium_airport,no,https://en.wikipedia.org/wiki/Montgomery_Regional_Airport
Montpellier-Méditerranée Airport,FR,FR-OCC,EU,Montpellier/Méditerranée,MPL,LFMT,43.576199,3.96301,17.0,yes,large_airport,no,https://en.wikipedia.org/wiki/Montpellier_-_M%C3%A9diterran%C3%A9e_Airport
Montreal / Pierre Elliott Trudeau International Airport,CA,CA-QC,NA,Montréal,YUL,CYUL,45.467837,-73.742294,118.0,yes,large_airport,yes,https://en.wikipedia.org/wiki/Montréal–Trudeau_International_Airport
Montrose Regional Airport,US,US-CO,NA,Montrose,MTJ,KMTJ,38.5098,-107.893997,5759.0,yes,medium_airport,no,https://en.wikipedia.org/wiki/Montrose_Regional_Airport
Montréal / Saint-Hubert Metropolitan Airport,CA,CA-QC,NA,Montréal,YHU,CYHU,45.517502,-73.416901,90.0,yes,medium_airport,no,https://en.wikipedia.org/wiki/Montr%C3%A9al/St-Hubert_Airport
Moorea Temae Airport,PF,PF-U-A,OC,Moorea-Maiao,MOZ,NTTM,-17.48979,-149.761777,9.0,yes,medium_airport,no,https://en.wikipedia.org/wiki/Moorea_Airport
Moosonee Airport,CA,CA-ON,NA,Moosonee,YMO,CYMO,51.29109954833984,-80.60780334472656,30.0,yes,medium_airport,no,https://en.wikipedia.org/wiki/Moosonee_Airport
Mopah International Airport,ID,ID-PS,AS,Merauke,MKQ,WAKK,-8.523898,140.419693,10.0,yes,medium_airport,no,https://en.wikipedia.org/wiki/Mopah_International_Airport
Mora Airport,SE,SE-W,EU,Mora,MXX,ESKM,60.957901,14.5114,634.0,yes,medium_airport,no,https://en.wikipedia.org/wiki/Mora-Siljan_Airport
Moranbah Airport,AU,AU-QLD,OC,Moranbah,MOV,YMRB,-22.057800293,148.07699585,770.0,yes,medium_airport,no,https://en.wikipedia.org/wiki/Moranbah_Airport
Moree Airport,AU,AU-NSW,OC,Moree,MRZ,YMOR,-29.498899459799997,149.845001221,701.0,yes,medium_airport,no,https://en.wikipedia.org/wiki/Moree_Airport
Morgantown Municipal Airport Walter L. (Bill) Hart Field,US,US-WV,NA,Morgantown,MGW,KMGW,39.643305,-79.917598,1248.0,yes,medium_airport,no,https://en.wikipedia.org/wiki/Morgantown_Municipal_Airport
Mornington Island Airport,AU,AU-QLD,OC,,ONG,YMTI,-16.662500381469727,139.17799377441406,33.0,yes,small_airport,no,https://en.wikipedia.org/wiki/Mornington_Island_Airport
Moro Airport,PG,PG-SHM,OC,Moro,MXH,AYMR,-6.36332988739,143.238006592,2740.0,yes,small_airport,no,https://en.wikipedia.org/wiki/Moro_Airport
Morondava Airport,MG,MG-U,AF,Morondava,MOQ,FMMV,-20.2847,44.3176,30.0,yes,medium_airport,no,https://en.wikipedia.org/wiki/Morondava_Airport
Morristown Municipal Airport,US,US-NJ,NA,Morristown,MMU,KMMU,40.799062,-74.414949,187.0,no,medium_airport,no,https://en.wikipedia.org/wiki/Morristown_Municipal_Airport
Moruya Airport,AU,AU-NSW,OC,Moruya,MYA,YMRY,-35.8978004456,150.143997192,14.0,yes,medium_airport,no,https://en.wikipedia.org/wiki/Moruya_Airport
Moshoeshoe I International Airport,LS,LS-A,AF,Maseru(Mazenod),MSU,FXMM,-29.456277,27.554456,5348.0,yes,large_airport,yes,https://en.wikipedia.org/wiki/Moshoeshoe_I_International_Airport
"Mosjøen Airport, Kjærstad",NO,NO-18,EU,Mosjøen,MJF,ENMS,65.783997,13.2149,237.0,yes,medium_airport,no,https://en.wikipedia.org/wiki/Mosj%C3%B8en_Airport%2C_Kj%C3%A6rstad
Mostar International Airport,BA,BA-BIH,EU,Mostar,OMO,LQMO,43.282489,17.846101,156.0,yes,large_airport,yes,https://en.wikipedia.org/wiki/Mostar_International_Airport
Mosul International Airport,IQ,IQ-NI,AS,Mosul,OSM,ORBM,36.305801,43.1474,719.0,no,large_airport,yes,https://en.wikipedia.org/wiki/Mosul_International_Airport
Mota Lava Airport,VU,VU-TOB,OC,Ablow,MTV,NVSA,-13.666,167.712006,63.0,no,small_airport,no,https://en.wikipedia.org/wiki/Mota_Lava_Airport
Mount Fuji Shizuoka Airport,JP,JP-22,AS,Makinohara / Shimada,FSZ,RJNS,34.795022,138.190976,433.0,yes,large_airport,yes,https://en.wikipedia.org/wiki/Shizuoka_Airport
Mount Gambier Airport,AU,AU-SA,OC,Mount Gambier,MGB,YMTG,-37.744382,140.780561,,yes,medium_airport,no,https://en.wikipedia.org/wiki/Mount_Gambier_Airport
Mount Hagen Kagamuga Airport,PG,PG-WHM,OC,Mount Hagen,HGU,AYMH,-5.828212,144.299412,5388.0,yes,medium_airport,yes,https://en.wikipedia.org/wiki/Mount_Hagen_Airport
Mount Isa Airport,AU,AU-QLD,OC,Mount Isa,ISA,YBMA,-20.66638,139.488468,1121.0,yes,medium_airport,no,https://en.wikipedia.org/wiki/Mount_Isa_Airport
Mount Pleasant Airport / RAF Mount Pleasant,FK,FK-U-A,SA,Mount Pleasant,MPN,EGYP,-51.822642,-58.445777,244.0,yes,large_airport,yes,https://en.wikipedia.org/wiki/RAF_Mount_Pleasant
Mountain Village Airport,US,US-AK,NA,Mountain Village,MOU,PAMO,62.095401763916016,-163.6820068359375,337.0,yes,small_airport,no,https://en.wikipedia.org/wiki/Mountain_Village_Airport
Mozes Kilangin Airport,ID,ID-PT,AS,Timika,TIM,WAYY,-4.52978,136.887388,103.0,yes,medium_airport,no,https://en.wikipedia.org/wiki/Mozes_Kilangin_Airport
Mtwara Airport,TZ,TZ-17,AF,Mtwara,MYW,HTMT,-10.336204,40.181997,371.0,yes,medium_airport,no,https://en.wikipedia.org/wiki/Mtwara_Airport
Muan International Airport,KR,KR-46,AS,Muan (Piseo-ri),MWX,RKJB,34.991406,126.382814,35.0,yes,large_airport,yes,https://en.wikipedia.org/wiki/Muan_International_Airport
Mudanjiang Hailang International Airport,CN,CN-23,AS,Mudanjiang,MDG,ZYMD,44.525172,129.568634,883.0,yes,medium_airport,yes,https://en.wikipedia.org/wiki/Mudanjiang_Hailang_International_Airport
Mukah Airport,MY,MY-13,AS,Mukah,MKM,WBGK,2.881944,112.043333,20.0,yes,medium_airport,no,https://en.wikipedia.org/wiki/Mukah_Airport
Mulatupo Airport,PA,PA-GY,NA,Mulatupo,MPP,,8.945487,-77.733486,15.0,no,small_airport,no,https://en.wikipedia.org/wiki/Mulatupo_Airport
Multan International Airport,PK,PK-PB,AS,Multan,MUX,OPMT,30.203199,71.419098,403.0,yes,large_airport,yes,https://en.wikipedia.org/wiki/Multan_International_Airport
Mulu Airport,MY,MY-13,AS,Mulu,MZV,WBMU,4.048329830169678,114.80500030517578,80.0,yes,medium_airport,no,https://en.wikipedia.org/wiki/Mulu_Airport
Munda Airport,SB,SB-WE,OC,Munda,MUA,AGGM,-8.32797,157.263,10.0,yes,medium_airport,no,https://en.wikipedia.org/wiki/Munda_Airport
Mundo Maya International Airport,GT,GT-PE,NA,San Benito,FRS,MGMM,16.913707,-89.866143,427.0,yes,medium_airport,yes,https://en.wikipedia.org/wiki/Mundo_Maya_International_Airport
Munich Airport,DE,DE-BY,EU,Munich,MUC,EDDM,48.353802,11.7861,1487.0,yes,large_airport,yes,https://en.wikipedia.org/wiki/Munich_Airport
Murtala Muhammed International Airport,NG,NG-LA,AF,Lagos,LOS,DNMM,6.57737,3.32116,135.0,yes,large_airport,yes,https://en.wikipedia.org/wiki/Murtala_Muhammed_International_Airport
Muscat International Airport,OM,OM-MA,AS,Muscat/Seeb,MCT,OOMS,23.600218,58.285268,48.0,yes,large_airport,yes,https://en.wikipedia.org/wiki/Seeb_International_Airport
Muskegon County Airport,US,US-MI,NA,Muskegon,MKG,KMKG,43.169498,-86.238197,629.0,yes,medium_airport,no,https://en.wikipedia.org/wiki/Muskegon_County_Airport
Muskrat Dam Airport,CA,CA-ON,NA,Muskrat Dam,MSA,CZMD,53.441399,-91.762802,911.0,yes,small_airport,no,https://en.wikipedia.org/wiki/Muskrat_Dam_Airport
Mutiara - SIS Al-Jufrie Airport,ID,ID-ST,AS,Palu,PLW,WAFF,-0.916462,119.908647,284.0,yes,medium_airport,no,https://en.wikipedia.org/wiki/Mutiara_Airport
Muş Airport,TR,TR-49,AS,Muş,MSR,LTCK,38.747798919677734,41.66120147705078,4157.0,yes,medium_airport,no,https://en.wikipedia.org/wiki/Mu%C5%9F_Airport
Mwanza International Airport,TZ,TZ-18,AF,Mwanza,MWZ,HTMW,-2.446563,32.936049,3763.0,yes,large_airport,yes,https://en.wikipedia.org/wiki/Mwanza_Airport
Myeik Airport,MM,MM-05,AS,Mkeik,MGZ,VYME,12.439800262451172,98.62149810791016,75.0,yes,medium_airport,no,https://en.wikipedia.org/wiki/Myeik_Airport
Myitkyina Airport,MM,MM-11,AS,Myitkyina,MYT,VYMK,25.3836,97.351898,475.0,yes,medium_airport,no,https://en.wikipedia.org/wiki/Myitkyina_Airport
Mykonos Island National Airport,GR,GR-L,EU,Mykonos,JMK,LGMK,37.435101,25.348101,405.0,yes,medium_airport,yes,https://en.wikipedia.org/wiki/Mykonos_Island_National_Airport
Myrtle Beach International Airport,US,US-SC,NA,Myrtle Beach,MYR,KMYR,33.679699,-78.928299,25.0,yes,large_airport,yes,https://en.wikipedia.org/wiki/Myrtle_Beach_International_Airport
Mysore Airport,IN,IN-KA,AS,Mysore,MYQ,VOMY,12.229751,76.653683,2349.0,yes,medium_airport,no,https://en.wikipedia.org/wiki/Mysore_Airport
Mytilene International Airport,GR,GR-K,EU,Mytilene,MJT,LGMT,39.057406,26.598629,60.0,yes,medium_airport,yes,https://en.wikipedia.org/wiki/Mytilene_International_Airport
Málaga-Costa del Sol Airport,ES,ES-AN,EU,Málaga,AGP,LEMG,36.6749,-4.49911,53.0,yes,large_airport,yes,https://en.wikipedia.org/wiki/M%C3%A1laga_Airport
Mário Ribeiro Airport,BR,BR-MG,SA,Montes Claros,MOC,SBMK,-16.706919,-43.818901,2191.0,yes,medium_airport,no,https://en.wikipedia.org/wiki/Montes_Claros_Airport
Mário de Almeida Franco Airport,BR,BR-MG,SA,Uberaba,UBA,SBUR,-19.765036,-47.964805,2655.0,yes,medium_airport,no,https://en.wikipedia.org/wiki/Uberaba_Airport
Mörön Airport,MN,MN-041,AS,Mörön,MXV,ZMMN,49.663677,100.100028,4272.0,yes,medium_airport,no,https://en.wikipedia.org/wiki/M%C3%B6r%C3%B6n_Airport
Münster Osnabrück Airport,DE,DE-NW,EU,Greven,FMO,EDDG,52.133816,7.688482,160.0,yes,large_airport,no,https://en.wikipedia.org/wiki/M%C3%BCnster_Osnabr%C3%BCck_International_Airport
N'Djamena International Airport,TD,TD-ND,AF,N'Djamena,NDJ,FTTJ,12.1337,15.034,968.0,yes,large_airport,yes,https://en.wikipedia.org/wiki/N'Djamena_International_Airport
N'Gaoundéré Airport,CM,CM-AD,AF,N'Gaoundéré,NGE,FKKN,7.357009887695312,13.559200286865234,3655.0,yes,medium_airport,no,https://en.wikipedia.org/wiki/N'Gaound%C3%A9r%C3%A9_Airport
Nadi International Airport,FJ,FJ-W,OC,Nadi,NAN,NFFN,-17.761822,177.437843,59.0,yes,large_airport,yes,https://en.wikipedia.org/wiki/Nadi_International_Airport
Nador Al Aaroui International Airport,MA,MA-02,AF,Al Aaroui,NDR,GMMW,34.9888,-3.02821,574.0,yes,large_airport,yes,https://en.wikipedia.org/wiki/Nador_International_Airport
Nadym Airport,RU,RU-YAN,AS,Nadym,NYM,USMM,65.48090362548828,72.69889831542969,49.0,yes,medium_airport,no,https://en.wikipedia.org/wiki/Nadym_Airport
Nadzab Tomodachi International Airport,PG,PG-MPL,OC,Lae,LAE,AYNZ,-6.567995,146.726544,239.0,yes,large_airport,no,https://en.wikipedia.org/wiki/Lae_Nadzab_Airport
Naga Airport,PH,PH-CAS,AS,Naga,WNP,RPUN,13.58489990234375,123.2699966430664,142.0,yes,medium_airport,no,https://en.wikipedia.org/wiki/Naga_Airport
Nagasaki Airport,JP,JP-42,AS,Nagasaki,NGS,RJFU,32.916901,129.914001,15.0,yes,large_airport,yes,https://en.wikipedia.org/wiki/Nagasaki_Airport
Nagoya Airport / JASDF Komaki Air Base,JP,JP-23,AS,Nagoya,NKM,RJNA,35.255759,136.924095,52.0,yes,medium_airport,no,https://en.wikipedia.org/wiki/Nagoya_Airfield
Naha Airport,ID,ID-SA,AS,"Tabukan Utara, Sangihe Islands",NAH,WAMH,3.68478,125.527162,16.0,yes,medium_airport,no,https://en.wikipedia.org/wiki/Naha_Airport_(Indonesia)
Naha International Airport,JP,JP-47,AS,Naha,OKA,ROAH,26.192437,127.639804,12.0,yes,large_airport,yes,https://en.wikipedia.org/wiki/Naha_Airport
Nain Airport,CA,CA-NL,NA,Nain,YDP,CYDP,56.550778,-61.682224,22.0,yes,small_airport,no,https://en.wikipedia.org/wiki/Nain_Airport
Nairobi Wilson Airport,KE,KE-47,AF,Nairobi,WIL,HKNW,-1.32172,36.8148,5536.0,yes,medium_airport,no,https://en.wikipedia.org/wiki/Wilson_Airport
Najran Domestic Airport,SA,SA-10,AS,Najran,EAM,OENG,17.611401,44.419201,3982.0,yes,medium_airport,yes,https://en.wikipedia.org/wiki/Najran_Domestic_Airport
Nakashibetsu Airport,JP,JP-01,AS,Nakashibetsu,SHB,RJCN,43.5774993896,144.960006714,234.0,yes,medium_airport,no,https://en.wikipedia.org/wiki/Nakashibetsu_Airport
Nakhchivan International Airport,AZ,AZ-NX,AS,Nakhchivan,NAJ,UBBN,39.188801,45.458401,2863.0,yes,large_airport,yes,https://en.wikipedia.org/wiki/Nakhichevan_Airport
Nakhon Phanom Airport,TH,TH-48,AS,Nakhon Phanom,KOP,VTUW,17.383801,104.642998,587.0,yes,medium_airport,no,https://en.wikipedia.org/wiki/Nakhon_Phanom_Airport
Nakhon Si Thammarat Airport,TH,TH-80,AS,Nakhon Si Thammarat,NST,VTSF,8.539620399475098,99.9447021484375,13.0,yes,medium_airport,no,https://en.wikipedia.org/wiki/Nakhon_Si_Thammarat_Airport
Namangan International Airport,UZ,UZ-NG,AS,Namangan,NMA,UZFN,40.984622,71.5578,1555.0,yes,large_airport,yes,https://en.wikipedia.org/wiki/Namangan_Airport
Nampula Airport,MZ,MZ-N,AF,Nampula,APL,FQNP,-15.1056,39.281799,1444.0,yes,large_airport,yes,https://en.wikipedia.org/wiki/Nampula_Airport
Namsos Airport,NO,NO-50,EU,Namsos,OSY,ENNM,64.472198,11.5786,7.0,yes,small_airport,no,https://en.wikipedia.org/wiki/Namsos_Airport%2C_H%C3%B8knes%C3%B8ra
Nan Airport,TH,TH-55,AS,,NNT,VTCN,18.807899475097656,100.78299713134766,685.0,yes,medium_airport,no,https://en.wikipedia.org/wiki/Nan_Airport
Nanaimo Airport,CA,CA-BC,NA,Nanaimo,YCD,CYCD,49.05497,-123.869863,92.0,yes,medium_airport,no,https://en.wikipedia.org/wiki/Nanaimo_Airport
Nanchang Changbei International Airport,CN,CN-36,AS,Nanchang,KHN,ZSCN,28.864815,115.90271,143.0,yes,large_airport,yes,https://en.wikipedia.org/wiki/Nanchang_Changbei_International_Airport
Nanchong Gaoping Airport,CN,CN-51,AS,Nanchong (Gaoping),NAO,ZUNC,30.798104,106.16415,1145.0,yes,small_airport,no,https://en.wikipedia.org/wiki/Nanchong_Airport
Nanjing Lukou International Airport,CN,CN-32,AS,Nanjing,NKG,ZSNJ,31.735032,118.865949,49.0,yes,large_airport,yes,https://en.wikipedia.org/wiki/Nanjing_Lukou_International_Airport
Nanki Shirahama Airport,JP,JP-30,AS,Shirahama,SHM,RJBD,33.6622009277,135.363998413,298.0,yes,medium_airport,no,https://en.wikipedia.org/wiki/Nanki-Shirahama_Airport
Nanning Wuxu International Airport,CN,CN-45,AS,Nanning (Jiangnan),NNG,ZGNN,22.598071,108.181922,421.0,yes,large_airport,yes,https://en.wikipedia.org/wiki/Nanning_Wuxu_International_Airport
Nanortalik Heliport,GL,GL-KU,NA,Nanortalik,JNN,,60.141884,-45.232977,17.0,yes,heliport,no,https://en.wikipedia.org/wiki/Nanortalik_Heliport
Nanping Wuyishan Airport,CN,CN-35,AS,Wuyishan,WUS,ZSWY,27.7019,118.000999,614.0,yes,medium_airport,yes,https://en.wikipedia.org/wiki/Wuyishan_Airport
Nantes Atlantique Airport,FR,FR-PDL,EU,Nantes,NTE,LFRS,47.153198,-1.61073,90.0,yes,medium_airport,yes,https://en.wikipedia.org/wiki/Nantes_Atlantique_Airport
Nantong Xingdong International Airport,CN,CN-32,AS,Nantong (Tongzhou),NTG,ZSNT,32.073566,120.980076,16.0,yes,medium_airport,yes,https://en.wikipedia.org/wiki/Nantong_Xingdong_Airport
Nantucket Memorial Airport,US,US-MA,NA,Nantucket,ACK,KACK,41.25310135,-70.06020355,47.0,yes,medium_airport,no,https://en.wikipedia.org/wiki/Nantucket_Memorial_Airport
Nanyang Jiangying Airport,CN,CN-41,AS,Nanyang (Wancheng),NNY,ZHNY,32.982696,112.617467,840.0,yes,small_airport,no,https://en.wikipedia.org/wiki/Nanyang_Jiangying_Airport
Nanyuki Civil Airport,KE,KE-19,AF,Gathiuru,NYK,HKNL,-0.062352,37.041296,6250.0,yes,medium_airport,no,https://en.wikipedia.org/wiki/Nanyuki_Airport
Napakiak Airport,US,US-AK,NA,Napakiak,WNA,PANA,60.6903,-161.979004,17.0,yes,small_airport,no,https://en.wikipedia.org/wiki/Napakiak_Airport
Napaskiak Airport,US,US-AK,NA,Napaskiak,PKA,PAPK,60.7029,-161.778,24.0,yes,small_airport,no,https://en.wikipedia.org/wiki/Napaskiak_Airport
Naples International Airport,IT,IT-72,EU,Napoli,NAP,LIRN,40.886002,14.2908,294.0,yes,large_airport,yes,https://en.wikipedia.org/wiki/Naples_International_Airport
Naples Municipal Airport,US,US-FL,NA,Naples,APF,KAPF,26.1525993347,-81.7752990723,8.0,no,medium_airport,no,https://en.wikipedia.org/wiki/Naples_Municipal_Airport
Narathiwat Airport,TH,TH-96,AS,,NAW,VTSC,6.5199198722839355,101.74299621582033,16.0,yes,medium_airport,no,https://en.wikipedia.org/wiki/Narathiwat_Airport
Narita International Airport,JP,JP-12,AS,Narita,NRT,RJAA,35.76858,140.388714,141.0,yes,large_airport,no,https://en.wikipedia.org/wiki/Narita_International_Airport
Narrandera Airport,AU,AU-NSW,OC,Narrandera,NRA,YNAR,-34.7022018433,146.511993408,474.0,yes,medium_airport,no,https://en.wikipedia.org/wiki/Narrandera_Airport
Narsaq Heliport,GL,GL-KU,NA,Narsaq,JNS,,60.917283,-46.059923,83.0,yes,heliport,no,https://en.wikipedia.org/wiki/Narsaq_Heliport
Narsarmijit Heliport,GL,GL-KU,NA,Narsarmijit,QFN,,60.004694,-44.656935,44.0,yes,heliport,no,https://en.wikipedia.org/wiki/Narsarmijit_Heliport
Narsarsuaq Airport,GL,GL-KU,NA,Narsarsuaq,UAK,BGBW,61.15958,-45.42469,112.0,yes,heliport,yes,https://en.wikipedia.org/wiki/Narsarsuaq_Airport
Naryan Mar Airport,RU,RU-NEN,EU,Naryan Mar,NNM,ULAM,67.639999,53.121899,36.0,yes,medium_airport,no,https://en.wikipedia.org/wiki/Naryan-Mar_Airport
Nashville International Airport,US,US-TN,NA,Nashville,BNA,KBNA,36.1245,-86.6782,599.0,yes,large_airport,yes,https://en.wikipedia.org/wiki/Nashville_International_Airport
Natashquan Airport,CA,CA-QC,NA,Natashquan,YNA,CYNA,50.190114,-61.78898,39.0,yes,medium_airport,no,https://en.wikipedia.org/wiki/Natashquan_Airport
Natuashish Airport,CA,CA-NL,NA,Natuashish,YNP,,55.913898,-61.184399,30.0,yes,small_airport,no,https://en.wikipedia.org/wiki/Natuashish_Airport
Naujaat Airport,CA,CA-NU,NA,Repulse Bay,YUT,CYUT,66.521024,-86.225166,80.0,yes,small_airport,no,https://en.wikipedia.org/wiki/Repulse_Bay_Airport
Naukati Bay Seaplane Base,US,US-AK,NA,Tuxekan Island,NKI,,55.849602,-133.227994,,yes,seaplane_base,no,https://en.wikipedia.org/wiki/Naukati_Bay_Seaplane_Base
Nauru International Airport,NR,NR-14,OC,Yaren,INU,ANYN,-0.547893,166.919525,22.0,yes,medium_airport,yes,https://en.wikipedia.org/wiki/Nauru_International_Airport
Nausori International Airport,FJ,FJ-C,OC,Nausori,SUV,NFNA,-18.044226,178.561486,17.0,yes,large_airport,yes,https://en.wikipedia.org/wiki/Nausori_International_Airport
Navoi International Airport,UZ,UZ-NW,AS,Navoi,NVI,UZSA,40.117599,65.172658,1140.0,yes,medium_airport,yes,https://en.wikipedia.org/wiki/Navoi_International_Airport
Naxos Island National Airport,GR,GR-L,EU,Naxos,JNX,LGNX,37.0811,25.368099,10.0,yes,small_airport,no,https://en.wikipedia.org/wiki/Naxos_Island_National_Airport
Nay Pyi Taw International Airport,MM,MM-04,AS,Naypyitaw,NYT,VYNT,19.623501,96.200996,302.0,yes,large_airport,yes,https://en.wikipedia.org/wiki/Nay_Pyi_Taw_International_Airport
Ndjili International Airport,CD,CD-KN,AF,Kinshasa,FIH,FZAA,-4.38575,15.4446,1027.0,yes,large_airport,yes,https://en.wikipedia.org/wiki/N%27djili_Airport
Nea Anchialos National Airport,GR,GR-E,EU,Nea Anchialos,VOL,LGBL,39.219601,22.7943,83.0,yes,medium_airport,yes,https://en.wikipedia.org/wiki/Nea_Anchialos_National_Airport
Neerlerit Inaat Airport,GL,GL-SE,NA,Neerlerit Inaat,CNP,BGCO,70.743103,-22.650499,45.0,yes,medium_airport,no,https://en.wikipedia.org/wiki/Nerlerit_Inaat_Airport
Nelson Airport,NZ,NZ-NSN,OC,Nelson,NSN,NZNS,-41.296709,173.224323,17.0,yes,medium_airport,no,https://en.wikipedia.org/wiki/Nelson_Airport_(New_Zealand)
Nelson Lagoon Airport,US,US-AK,NA,Nelson Lagoon,NLG,PAOU,56.0075,-161.160004,14.0,yes,small_airport,no,https://en.wikipedia.org/wiki/Nelson_Lagoon_Airport
Nelson Mandela International Airport,CV,CV-S,AF,Praia,RAI,GVNP,14.941126,-23.484728,230.0,yes,large_airport,yes,https://en.wikipedia.org/wiki/Nelson_Mandela_International_Airport
Nelson Ribeiro Guimarães Airport,BR,BR-GO,SA,Caldas Novas,CLV,SBCN,-17.725096,-48.606324,2307.0,yes,small_airport,no,https://en.wikipedia.org/wiki/Caldas_Novas_Airport
Nemiscau Airport,CA,CA-QC,NA,Nemiscau,YNS,CYHH,51.691101,-76.135597,802.0,yes,small_airport,no,https://en.wikipedia.org/wiki/Nemiscau_Airport
Nepalgunj Airport,NP,NP-P5,AS,Nepalgunj,KEP,VNNG,28.1036,81.667,540.0,yes,medium_airport,no,https://en.wikipedia.org/wiki/Nepalgunj_Airport
Netaji Subhash Chandra Bose International Airport,IN,IN-WB,AS,Kolkata,CCU,VECC,22.654012,88.44765,16.0,yes,large_airport,yes,https://en.wikipedia.org/wiki/Netaji_Subhash_Chandra_Bose_International_Airport
Nevşehir Kapadokya Airport,TR,TR-50,AS,Nevşehir,NAV,LTAZ,38.7719,34.5345,3100.0,yes,large_airport,yes,https://en.wikipedia.org/wiki/Nev%C5%9Fehir_Kapadokya_Airport
New Bedford Regional Airport,US,US-MA,NA,New Bedford,EWB,KEWB,41.67610168457031,-70.95690155029297,80.0,yes,medium_airport,no,https://en.wikipedia.org/wiki/New_Bedford_Regional_Airport
New Bight Airport,BS,BS-CI,NA,Cat Island,TBI,MYCB,24.3153,-75.452301,5.0,yes,medium_airport,no,https://en.wikipedia.org/wiki/New_Bight_Airport
New Chitose Airport,JP,JP-01,AS,Sapporo,CTS,RJCC,42.774753,141.690414,82.0,yes,large_airport,yes,https://en.wikipedia.org/wiki/New_Chitose_Airport
New Gwadar International Airport,PK,PK-BA,AS,Gurandani,GWD,OPGW,25.296733,62.498822,61.0,yes,large_airport,yes,https://en.wikipedia.org/wiki/New_Gwadar_International_Airport
New Ishigaki Airport,JP,JP-47,AS,Ishigaki,ISG,ROIG,24.396389,124.245,102.0,yes,medium_airport,no,https://en.wikipedia.org/wiki/New_Ishigaki_Airport
New Plymouth Airport,NZ,NZ-TKI,OC,New Plymouth,NPL,NZNP,-39.00859832763672,174.1790008544922,97.0,yes,medium_airport,no,https://en.wikipedia.org/wiki/New_Plymouth_Airport
New York Stewart International Airport,US,US-NY,NA,Newburgh,SWF,KSWF,41.50421,-74.108901,491.0,yes,medium_airport,yes,https://en.wikipedia.org/wiki/Stewart_International_Airport
Newark Liberty International Airport,US,US-NJ,NA,Newark,EWR,KEWR,40.6894,-74.170545,18.0,yes,large_airport,yes,https://en.wikipedia.org/wiki/Newark_Liberty_International_Airport
Newcastle Airport,AU,AU-NSW,OC,Williamtown,NTL,YWLM,-32.796114,151.835025,31.0,yes,large_airport,yes,https://en.wikipedia.org/wiki/Newcastle_Airport_(Williamtown)
Newcastle International Airport,GB,GB-ENG,EU,"Newcastle upon Tyne, Tyne and Wear",NCL,EGNT,55.037958,-1.689577,266.0,yes,large_airport,yes,https://en.wikipedia.org/wiki/Newcastle_International_Airport
Newman Airport,AU,AU-WA,OC,Newman,ZNE,YNWN,-23.4178009033,119.803001404,1724.0,yes,medium_airport,no,https://en.wikipedia.org/wiki/Newman_Airport
Newport News Williamsburg International Airport,US,US-VA,NA,Newport News,PHF,KPHF,37.131901,-76.492996,42.0,yes,medium_airport,yes,https://en.wikipedia.org/wiki/Newport_News/Williamsburg_International_Airport
Ngari Gunsa Airport,CN,CN-54,AS,Shiquanhe,NGQ,ZUAL,32.09794,80.053971,14022.0,yes,medium_airport,no,https://en.wikipedia.org/wiki/Ngari_Gunsa_Airport
Ngjiva Pereira Airport,AO,AO-CNN,AF,Ngiva,VPE,FNGI,-17.0435009003,15.683799743700002,3566.0,yes,medium_airport,no,https://en.wikipedia.org/wiki/Ondjiva_Pereira_Airport
Ngorangora Airport,SB,SB-MK,OC,Kirakira,IRA,AGGK,-10.4497003555,161.897994995,54.0,yes,small_airport,no,https://en.wikipedia.org/wiki/Kirakira_Airport
Niagara Falls International Airport,US,US-NY,NA,Niagara Falls,IAG,KIAG,43.1073,-78.946198,589.0,yes,medium_airport,yes,https://en.wikipedia.org/wiki/Niagara_Falls_International_Airport
Niaqornat Heliport,GL,GL-AV,NA,Niaqornat,NIQ,,70.789385,-53.662945,10.0,yes,heliport,no,https://en.wikipedia.org/wiki/Niaqornat_Heliport
Nice-Côte d'Azur Airport,FR,FR-PAC,EU,"Nice, Alpes-Maritimes",NCE,LFMN,43.658401,7.21587,12.0,yes,large_airport,yes,https://en.wikipedia.org/wiki/C%C3%B4te_d'Azur_International_Airport
Nightmute Airport,US,US-AK,NA,Nightmute,NME,PAGT,60.469129,-164.70407,4.0,yes,small_airport,no,https://en.wikipedia.org/wiki/Nightmute_Airport
Niigata Airport,JP,JP-15,AS,Niigata,KIJ,RJSN,37.954166,139.112189,29.0,yes,large_airport,yes,https://en.wikipedia.org/wiki/Niigata_Airport
Nikolai Airport,US,US-AK,NA,Nikolai,NIB,PAFS,63.017949,-154.360399,441.0,yes,small_airport,no,https://en.wikipedia.org/wiki/Nikolai_Airport
Nikolski Air Station,US,US-AK,NA,Nikolski,IKO,PAKO,52.941552,-168.849478,77.0,yes,small_airport,no,https://en.wikipedia.org/wiki/Nikolski_Air_Station
Ningbo Lishe International Airport,CN,CN-33,AS,Ningbo,NGB,ZSNB,29.82670021057129,121.46199798583984,13.0,yes,large_airport,yes,https://en.wikipedia.org/wiki/Ningbo_Lishe_International_Airport
Ninoy Aquino International Airport,PH,PH-00,AS,Manila (Pasay),MNL,RPLL,14.5086,121.019997,75.0,yes,large_airport,yes,https://en.wikipedia.org/wiki/Ninoy_Aquino_International_Airport
Niue International Airport,NU,NU-U-A,OC,Alofi,IUE,NIUE,-19.080109,-169.923493,209.0,yes,medium_airport,yes,https://en.wikipedia.org/wiki/Niue_International_Airport
Nizhnevartovsk Airport,RU,RU-KHM,AS,Nizhnevartovsk,NJC,USNN,60.949299,76.483597,177.0,yes,large_airport,yes,https://en.wikipedia.org/wiki/Nizhnevartovsk_Airport
Nizhny Novgorod / Strigino International Airport,RU,RU-NIZ,EU,Nizhny Novgorod,GOJ,UWGG,56.227351,43.785152,256.0,yes,large_airport,yes,https://en.wikipedia.org/wiki/Nizhny_Novgorod_International_Airport
Nnamdi Azikiwe International Airport,NG,NG-FC,AF,Abuja,ABV,DNAA,9.00679,7.26317,1123.0,yes,large_airport,yes,https://en.wikipedia.org/wiki/Nnamdi_Azikiwe_International_Airport
Noatak Airport,US,US-AK,NA,Noatak,WTK,PAWN,67.561241,-162.980461,88.0,yes,small_airport,no,https://en.wikipedia.org/wiki/Noatak_Airport
Nogliki Airport,RU,RU-SAK,AS,Nogliki,NGK,,51.783955,143.141785,109.0,yes,small_airport,no,https://en.wikipedia.org/wiki/Nogliki_Airport
Noi Bai International Airport,VN,VN-RRD,AS,Hanoi (Soc Son),HAN,VVNB,21.221201,105.806999,39.0,yes,large_airport,yes,https://en.wikipedia.org/wiki/Noi_Bai_International_Airport
Nome Airport,US,US-AK,NA,Nome,OME,PAOM,64.51219940185547,-165.44500732421875,37.0,yes,medium_airport,no,https://en.wikipedia.org/wiki/Nome_Airport
Norfolk International Airport,US,US-VA,NA,Norfolk,ORF,KORF,36.895341,-76.201,26.0,yes,large_airport,yes,https://en.wikipedia.org/wiki/Norfolk_International_Airport
Norfolk Island International Airport,NF,NF-U-A,OC,Burnt Pine,NLK,YSNF,-29.041759,167.939474,371.0,yes,medium_airport,yes,https://en.wikipedia.org/wiki/Norfolk_Island_Airport
Norman Manley International Airport,JM,JM-01,NA,Kingston,KIN,MKJP,17.935699462890625,-76.7874984741211,10.0,yes,large_airport,yes,https://en.wikipedia.org/wiki/Norman_Manley_International_Airport
Norman Wells Airport,CA,CA-NT,NA,Norman Wells,YVQ,CYVQ,65.28160095214844,-126.7979965209961,238.0,yes,medium_airport,no,https://en.wikipedia.org/wiki/Norman_Wells_Airport
Norman Y. Mineta San Jose International Airport,US,US-CA,NA,San Jose,SJC,KSJC,37.362452,-121.929188,62.0,yes,large_airport,yes,https://en.wikipedia.org/wiki/San_Jose_International_Airport
Normanton Airport,AU,AU-QLD,OC,Normanton,NTN,YNTN,-17.68409,141.069664,73.0,yes,medium_airport,no,https://en.wikipedia.org/wiki/Normanton_Airport
Norrköping Airport,SE,SE-E,EU,Norrköping,NRK,ESSP,58.586299896240234,16.250600814819336,32.0,yes,medium_airport,yes,https://en.wikipedia.org/wiki/Norrk%C3%B6ping_Airport
Norsup Airport,VU,VU-MAP,OC,Norsup,NUS,NVSP,-16.0797,167.401001,23.0,yes,small_airport,no,https://en.wikipedia.org/wiki/Norsup_Airport
North Bay Jack Garland Airport,CA,CA-ON,NA,North Bay,YYB,CYYB,46.363602,-79.422798,1215.0,yes,medium_airport,no,https://en.wikipedia.org/wiki/North_Bay/Jack_Garland_Airport
North Central West Virginia Airport,US,US-WV,NA,Bridgeport,CKB,KCKB,39.2966,-80.228104,1217.0,yes,medium_airport,no,https://en.wikipedia.org/wiki/Harrison/Marion_Regional_Airport
North Eleuthera Airport,BS,BS-HI,NA,North Eleuthera,ELH,MYEH,25.475823,-76.680784,13.0,yes,medium_airport,yes,https://en.wikipedia.org/wiki/North_Eleuthera_Airport
North Platte Regional Airport Lee Bird Field,US,US-NE,NA,North Platte,LBF,KLBF,41.12620163,-100.6839981,2777.0,yes,medium_airport,no,https://en.wikipedia.org/wiki/North_Platte_Regional_Airport
North Ronaldsay Airport,GB,GB-SCT,EU,North Ronaldsay,NRL,EGEN,59.3675003052,-2.43443989754,40.0,yes,small_airport,no,https://en.wikipedia.org/wiki/North_Ronaldsay_Airport
North Spirit Lake Airport,CA,CA-ON,NA,North Spirit Lake,YNO,,52.4900016784668,-92.97109985351562,1082.0,yes,small_airport,no,https://en.wikipedia.org/wiki/North_Spirit_Lake_Airport
Northeast Florida Regional Airport,US,US-FL,NA,St Augustine,UST,KSGJ,29.9592,-81.339798,10.0,yes,medium_airport,no,https://en.wikipedia.org/wiki/St._Augustine_Airport
Northeast Wyoming Regional Airport,US,US-WY,NA,Gillette,GCC,KGCC,44.3489,-105.539001,4365.0,yes,medium_airport,no,https://en.wikipedia.org/wiki/Gillette%E2%80%93Campbell_County_Airport
Northern Peninsula Airport,AU,AU-QLD,OC,Bamaga,ABM,YNPE,-10.946194,142.455081,34.0,yes,small_airport,no,https://en.wikipedia.org/wiki/Northern_Peninsula_Airport
Northwest Alabama Regional Airport,US,US-AL,NA,Muscle Shoals,MSL,KMSL,34.745123,-87.612981,551.0,yes,medium_airport,no,https://en.wikipedia.org/wiki/Northwest_Alabama_Regional_Airport
Northwest Arkansas National Airport,US,US-AR,NA,Fayetteville/Springdale/Rogers,XNA,KXNA,36.281898,-94.306801,1287.0,yes,medium_airport,no,https://en.wikipedia.org/wiki/Northwest_Arkansas_Regional_Airport
Northwest Florida Beaches International Airport,US,US-FL,NA,Panama City Beach,ECP,KECP,30.357106,-85.795414,69.0,yes,medium_airport,yes,https://en.wikipedia.org/wiki/Northwest_Florida_Beaches_International_Airport
Northwest Regional Airport Terrace-Kitimat,CA,CA-BC,NA,Terrace,YXT,CYXT,54.468498,-128.576009,713.0,yes,medium_airport,no,https://en.wikipedia.org/wiki/Terrace_Airport
Norwich Airport,GB,GB-ENG,EU,"Norwich, Norfolk",NWI,EGSH,52.6758,1.28278,118.0,yes,medium_airport,yes,https://en.wikipedia.org/wiki/Norwich_Airport
Nosara Airport,CR,CR-G,NA,Nicoya,NOB,MRNS,9.97649002075,-85.65299987790002,33.0,yes,medium_airport,no,https://en.wikipedia.org/wiki/Nosara_Airport
Nosy Be International Airport,MG,MG-D,AF,Nosy Be,NOS,FMNN,-13.3121,48.3148,36.0,yes,large_airport,yes,https://en.wikipedia.org/wiki/Fascene_Airport
Noto Satoyama Airport,JP,JP-17,AS,Wajima,NTQ,RJNW,37.293098,136.962006,718.0,yes,medium_airport,no,https://en.wikipedia.org/wiki/Noto_Airport
Nouadhibou International Airport,MR,MR-08,AF,Nouadhibou,NDB,GQPP,20.932404,-17.030199,24.0,yes,large_airport,yes,https://en.wikipedia.org/wiki/Nouadhibou_International_Airport
Nouakchott–Oumtounsy International Airport,MR,MR-NKC,AF,Nouakchott,NKC,GQNO,18.31,-15.969722,9.0,yes,large_airport,yes,https://en.wikipedia.org/wiki/Nouakchott%E2%80%93Oumtounsy_International_Airport
Nouméa Magenta Airport,NC,NC-03,OC,Nouméa,GEA,NWWM,-22.257706,166.472822,10.0,yes,medium_airport,no,https://en.wikipedia.org/wiki/Noum%C3%A9a_Magenta_Airport
Noumérat - Moufdi Zakaria Airport,DZ,DZ-47,AF,El Atteuf,GHA,DAUG,32.384102,3.79411,1512.0,yes,medium_airport,yes,https://en.wikipedia.org/wiki/Noumerate_Airport
Novosibirsk Tolmachevo Airport,RU,RU-NVS,EU,Novosibirsk,OVB,UNNT,55.019756,82.618675,365.0,yes,large_airport,yes,https://en.wikipedia.org/wiki/Tolmachevo_Airport
Novy Urengoy Airport,RU,RU-YAN,AS,Novy Urengoy,NUX,USMU,66.06939697265625,76.52030181884766,210.0,yes,medium_airport,no,https://en.wikipedia.org/wiki/Novy_Urengoy_Airport
Nowshahr Airport,IR,IR-02,AS,Nowshahr,NSH,OINN,36.664286,51.46273,-61.0,yes,medium_airport,no,https://en.wikipedia.org/wiki/Noshahr_Airport
Noyabrsk Airport,RU,RU-YAN,AS,Noyabrsk,NOJ,USRO,63.18330001831055,75.2699966430664,446.0,yes,medium_airport,no,https://en.wikipedia.org/wiki/Noyabrsk_Airport
Nueva Loja Airport,EC,EC-U,SA,Lago Agrio,LGQ,SENL,0.0930560007691,-76.86750030520001,980.0,no,small_airport,no,https://en.wikipedia.org/wiki/Lago_Agrio_Airport
Nuiqsut Airport,US,US-AK,NA,Nuiqsut,NUI,PAQT,70.209999,-151.005998,38.0,yes,medium_airport,no,https://en.wikipedia.org/wiki/Nuiqsut_Airport
Nuku Hiva Airport,PF,PF-U-A,OC,Nuku Hiva,NHV,NTMD,-8.7956,-140.229004,220.0,yes,medium_airport,no,https://en.wikipedia.org/wiki/Nuku_Hiva_Airport
Nukus International Airport,UZ,UZ-QR,AS,Nukus,NCU,UZNN,42.4884,59.623299,246.0,yes,large_airport,yes,https://en.m.wikipedia.org/wiki/Nukus_Airport
Nulato Airport,US,US-AK,NA,Nulato,NUL,PANU,64.729301,-158.074005,399.0,yes,small_airport,no,https://en.wikipedia.org/wiki/Nulato_Airport
Nunam Iqua Airport,US,US-AK,NA,Nunam Iqua,SXP,,62.520599,-164.848006,12.0,yes,small_airport,no,https://en.wikipedia.org/wiki/Sheldon_Point_Airport
Nunapitchuk Airport,US,US-AK,NA,Nunapitchuk,NUP,PPIT,60.905591,-162.440454,12.0,yes,small_airport,no,https://en.wikipedia.org/wiki/Nunapitchuk_Airport
Nuremberg Airport,DE,DE-BY,EU,Nuremberg,NUE,EDDN,49.498699,11.078056,1046.0,yes,large_airport,yes,https://en.wikipedia.org/wiki/Nuremberg_Airport
Nusatupe Airport,SB,SB-WE,OC,Gizo,GZO,AGGN,-8.09778022766,156.863998413,13.0,yes,small_airport,no,https://en.wikipedia.org/wiki/Nusatupe_Airport
Nuugaatsiaq Heliport,GL,GL-AV,NA,Nuugaatsiaq,JUU,,71.538769,-53.205038,57.0,yes,heliport,no,https://en.wikipedia.org/wiki/Nuugaatsiaq_Heliport
Nuuk International Airport,GL,GL-SE,NA,Nuuk,GOH,BGGH,64.191066,-51.67914,283.0,yes,large_airport,yes,https://en.wikipedia.org/wiki/Nuuk_Airport
Nuussuaq Heliport,GL,GL-AV,NA,Nuussuaq,NSQ,,74.109853,-57.065037,184.0,no,heliport,no,https://en.wikipedia.org/wiki/Nuussuaq_Heliport
Nyagan Airport,RU,RU-KHM,EU,Nyagan,NYA,USHN,62.110001,65.614998,361.0,yes,medium_airport,no,https://en.wikipedia.org/wiki/Nyagan_Airport
Nyala Airport,SD,SD-11,AF,Nyala,UYL,HSNN,12.0535,24.9562,2106.0,yes,medium_airport,no,https://en.wikipedia.org/wiki/Nyala_Airport
Nyingchi Mainling Airport,CN,CN-54,AS,Nyingchi (Mainling),LZY,ZUNZ,29.303301,94.335297,9675.0,yes,medium_airport,no,https://en.wikipedia.org/wiki/Nyingchi_Airport
Nîmes-Arles-Camargue Airport,FR,FR-OCC,EU,Nîmes/Garons,FNI,LFTW,43.757401,4.41635,309.0,yes,medium_airport,yes,https://en.wikipedia.org/wiki/N%C3%AEmes-Arles-Camargue_Airport
O.R. Tambo International Airport,ZA,ZA-GT,AF,Johannesburg,JNB,FAOR,-26.140081,28.246801,5558.0,yes,large_airport,yes,https://en.wikipedia.org/wiki/O._R._Tambo_International_Airport
OKC Will Rogers World Airport,US,US-OK,NA,Oklahoma City,OKC,KOKC,35.393388,-97.598248,1295.0,yes,large_airport,yes,https://en.wikipedia.org/wiki/Will_Rogers_World_Airport
Oakland San Francisco Bay Airport,US,US-CA,NA,Oakland,OAK,KOAK,37.720085,-122.221184,9.0,yes,large_airport,yes,https://en.wikipedia.org/wiki/Oakland_International_Airport
Obando Cesar Gaviria Trujillo Airport,CO,CO-GUA,SA,Puerto Inírida,PDA,SKPD,3.85353,-67.9062,460.0,yes,medium_airport,no,https://en.wikipedia.org/wiki/Obando_Airport
Odate Noshiro Airport,JP,JP-05,AS,Kitaakita,ONJ,RJSR,40.191898,140.371002,292.0,yes,medium_airport,no,https://en.wikipedia.org/wiki/Odate-Noshiro_Airport
Odesa International Airport,UA,UA-51,EU,Odesa,ODS,UKOO,46.427196,30.672649,172.0,no,large_airport,yes,https://en.wikipedia.org/wiki/Odessa_International_Airport
Ogden Hinckley Airport,US,US-UT,NA,Ogden,OGD,KOGD,41.195899963379,-112.0120010376,4473.0,yes,medium_airport,no,https://en.wikipedia.org/wiki/Ogden-Hinckley_Airport
Ogdensburg International Airport,US,US-NY,NA,Ogdensburg,OGS,KOGS,44.6819,-75.4655,297.0,yes,medium_airport,no,https://en.wikipedia.org/wiki/Ogdensburg_International_Airport
Ogobsucum Airport,PA,PA-GY,NA,Ustupu,OGM,,9.1383,-77.93385,13.0,no,small_airport,no,https://en.wikipedia.org/wiki/Ustupu-Ogobsucum_Airport
Ogoki Post Airport,CA,CA-ON,NA,Ogoki Post,YOG,CYKP,51.6585998535,-85.9017028809,594.0,yes,small_airport,no,https://en.wikipedia.org/wiki/Ogoki_Post_Airport
Oita Airport,JP,JP-44,AS,Oita,OIT,RJFO,33.479400634799994,131.736999512,19.0,yes,medium_airport,yes,https://en.wikipedia.org/wiki/Oita_Airport
Okayama Momotaro Airport,JP,JP-33,AS,Okayama,OKJ,RJOB,34.756901,133.854996,806.0,yes,large_airport,yes,https://en.wikipedia.org/wiki/Okayama_Airport
Okha Airport,RU,RU-SAK,AS,Okha,OHH,UHSH,53.516446,142.881426,123.0,no,small_airport,no,https://en.wikipedia.org/wiki/Okha_Airport
Oksibil Airport,ID,ID-PP,AS,Oksibil,OKL,WAJO,-4.9071,140.6277,4315.0,yes,medium_airport,no,https://id.wikipedia.org/wiki/Bandar_Udara_Oksibil
Olbia Costa Smeralda Airport,IT,IT-88,EU,Olbia (SS),OLB,LIEO,40.898953,9.518457,37.0,yes,large_airport,yes,https://en.wikipedia.org/wiki/Olbia_Costa_Smeralda_Airport
Old Harbor Airport,US,US-AK,NA,Old Harbor,OLH,,57.218102,-153.270004,55.0,yes,small_airport,no,https://en.wikipedia.org/wiki/Old_Harbor_Airport
Olympic Dam Airport,AU,AU-SA,OC,Olympic Dam,OLP,YOLD,-30.483861,136.876699,344.0,yes,small_airport,no,https://en.wikipedia.org/wiki/Olympic_Dam_Airport
Omsk Central Airport,RU,RU-OMS,AS,Omsk,OMS,UNOO,54.963124,73.312418,311.0,yes,large_airport,yes,https://en.wikipedia.org/wiki/Tsentralny_Airport
Ondangwa Airport,NA,NA-ON,AF,Ondangwa,OND,FYOA,-17.878201,15.9526,3599.0,yes,medium_airport,no,https://en.wikipedia.org/wiki/Ondangwa_Airport
Ontario International Airport,US,US-CA,NA,Ontario,ONT,KONT,34.056,-117.600998,944.0,yes,large_airport,yes,https://en.wikipedia.org/wiki/LA/Ontario_International_Airport
Oradea International Airport,RO,RO-BH,EU,Oradea,OMR,LROD,47.025299,21.9025,465.0,yes,large_airport,yes,https://en.wikipedia.org/wiki/Oradea_International_Airport
Oran Es-Sénia (Ahmed Ben Bella) International Airport,DZ,DZ-31,AF,Es-Sénia,ORN,DAOO,35.620648,-0.622486,295.0,yes,large_airport,yes,https://en.wikipedia.org/wiki/Oran_Es_Senia_Airport
Orange Airport,AU,AU-NSW,OC,Orange,OAG,YORG,-33.382014,149.131262,3115.0,no,medium_airport,no,https://en.wikipedia.org/wiki/Orange_Airport
Oranjemund Airport,NA,NA-KA,AF,Oranjemund,OMD,FYOG,-28.585318,16.44638,14.0,yes,medium_airport,no,https://en.wikipedia.org/wiki/Oranjemund_Airport
Orcas Island Airport,US,US-WA,NA,Eastsound,ESD,KORS,48.708199,-122.910004,31.0,yes,medium_airport,no,https://en.wikipedia.org/wiki/Orcas_Island_Airport
Ordos Ejin Horo International Airport,CN,CN-15,AS,Ordos,DSN,ZBDS,39.493514,109.8599,4557.0,yes,large_airport,yes,https://en.wikipedia.org/wiki/Ordos_Ejin_Horo_Airport
Orenburg Central Airport,RU,RU-ORE,AS,Orenburg,REN,UWOO,51.792668,55.457229,387.0,yes,medium_airport,yes,https://en.wikipedia.org/wiki/Orenburg_Tsentralny_Airport
Oriximiná Airport,BR,BR-PA,SA,Oriximiná,ORX,SNOX,-1.71408,-55.836201,262.0,no,small_airport,no,https://en.wikipedia.org/wiki/Oriximin%C3%A1_Airport
Orlando Bezerra de Menezes Airport,BR,BR-CE,SA,Juazeiro do Norte,JDO,SBJU,-7.21932,-39.269096,1342.0,yes,small_airport,no,https://en.wikipedia.org/wiki/Juazeiro_do_Norte_Airport
Orlando International Airport,US,US-FL,NA,Orlando,MCO,KMCO,28.429399490356445,-81.30899810791016,96.0,yes,large_airport,yes,https://en.wikipedia.org/wiki/Orlando_International_Airport
Orlando Sanford International Airport,US,US-FL,NA,Orlando,SFB,KSFB,28.774277,-81.234626,55.0,yes,large_airport,yes,https://en.wikipedia.org/wiki/Orlando_Sanford_International_Airport
Oro Negro Airport,VE,VE-V,SA,Cabimas,CBS,SVON,10.3307,-71.322502,164.0,no,small_airport,no,https://en.wikipedia.org/wiki/Oro_Negro_Airport
Orsk Airport,RU,RU-ORE,AS,Orsk,OSW,UWOR,51.072498,58.5956,909.0,yes,medium_airport,yes,https://en.wikipedia.org/wiki/Orsk_Airport
Osaka Itami International Airport,JP,JP-27,AS,Osaka,ITM,RJOO,34.780853,135.440829,50.0,yes,large_airport,no,https://en.wikipedia.org/wiki/Osaka_International_Airport
Osh International Airport,KG,KG-O,AS,Osh,OSS,UCFO,40.609001,72.793297,2927.0,yes,large_airport,yes,https://en.wikipedia.org/wiki/Osh_Airport
Oshima Airport,JP,JP-13,AS,Izu Oshima,OIM,RJTO,34.782001495399996,139.36000061,130.0,yes,medium_airport,no,https://en.wikipedia.org/wiki/Oshima_Airport
Osijek Airport,HR,HR-14,EU,Osijek(Klisa),OSI,LDOS,45.462355,18.811278,290.0,yes,medium_airport,yes,https://en.wikipedia.org/wiki/Osijek_Airport
Oskemen International Airport,KZ,KZ-VOS,AS,Ust-Kamenogorsk (Oskemen),UKK,UASK,50.035033,82.496057,939.0,yes,large_airport,yes,https://en.wikipedia.org/wiki/Ust-Kamenogorsk_Airport
Oslo-Gardermoen International Airport,NO,NO-32,EU,Oslo (Gardermoen),OSL,ENGM,60.193901,11.1004,681.0,yes,large_airport,yes,"https://en.wikipedia.org/wiki/Oslo_Airport,_Gardermoen"
Osmany International Airport,BD,BD-G,AS,Sylhet,ZYL,VGSY,24.963993,91.864749,50.0,yes,large_airport,yes,https://en.wikipedia.org/wiki/Osmani_International_Airport
Ostend-Bruges International Airport,BE,BE-VWV,EU,Oostende,OST,EBOS,51.1998,2.874673,13.0,yes,large_airport,yes,https://en.wikipedia.org/wiki/Ostend-Bruges_International_Airport
Osvaldo Vieira International Airport,GW,GW-BS,AF,Bissau,OXB,GGOV,11.894262,-15.653596,129.0,yes,large_airport,yes,https://en.wikipedia.org/wiki/Osvaldo_Vieira_International_Airport
Ottawa Macdonald-Cartier International Airport,CA,CA-ON,NA,Ottawa,YOW,CYOW,45.322498,-75.669197,374.0,yes,large_airport,yes,https://en.wikipedia.org/wiki/Ottawa_Macdonald%E2%80%93Cartier_International_Airport
Ouagadougou Thomas Sankara International Airport,BF,BF-KAD,AF,Ouagadougou,OUA,DFFD,12.3532,-1.51242,1037.0,yes,large_airport,yes,https://en.wikipedia.org/wiki/Ouagadougou_Airport
Ouarzazate International Airport,MA,MA-08,AF,Ouarzazate,OZZ,GMMZ,30.9391,-6.90943,3782.0,yes,large_airport,yes,https://en.wikipedia.org/wiki/Ouarzazate_Airport
Oudomsay Airport,LA,LA-OU,AS,Oudomsay,ODY,VLOS,20.68269920349121,101.99400329589844,1804.0,yes,small_airport,no,https://en.wikipedia.org/wiki/Oudomsay_Airport
Oujda Angads Airport,MA,MA-02,AF,Ahl Angad,OUD,GMFO,34.789558,-1.926041,1535.0,yes,large_airport,yes,https://en.wikipedia.org/wiki/Angads_Airport
Oulu Airport,FI,FI-14,EU,Oulu / Oulunsalo,OUL,EFOU,64.930099,25.354601,47.0,yes,large_airport,yes,https://en.wikipedia.org/wiki/Oulu_Airport
Ourilândia do Norte Airport,BR,BR-PA,SA,Ourilândia do Norte,OIA,SDOW,-6.762992,-51.04993,751.0,no,small_airport,no,https://en.wikipedia.org/wiki/Ouril%C3%A2ndia_do_Norte_Airport
Ouvéa Airport,NC,NC-01,OC,Ouvéa,UVE,NWWV,-20.640932,166.573024,23.0,yes,medium_airport,no,https://en.wikipedia.org/wiki/Ouv%C3%A9a_Airport
Ouzinkie Airport,US,US-AK,NA,Ouzinkie,KOZ,,57.942094,-152.464314,55.0,yes,small_airport,no,https://en.wikipedia.org/wiki/Ouzinkie_Airport
Ovda Airport,IL,IL-D,AS,Eilat,VDA,LLOV,29.9403,34.935799,1492.0,no,small_airport,no,https://en.wikipedia.org/wiki/Ovda_Airport
Owen Roberts International Airport,KY,KY-GC,NA,George Town,GCM,MWCR,19.292801,-81.357697,8.0,yes,large_airport,yes,https://en.wikipedia.org/wiki/Owen_Roberts_International_Airport
Owensboro Daviess County Airport,US,US-KY,NA,Owensboro,OWB,KOWB,37.74010086,-87.16680145,407.0,yes,medium_airport,no,https://en.wikipedia.org/wiki/Owensboro-Daviess_County_Regional_Airport
Oyo Ollombo Airport,CG,CG-14,AF,Oyo,OLL,FCOD,-1.226666,15.91,1073.0,no,medium_airport,no,https://en.wikipedia.org/wiki/Oyo_Ollombo_Airport
PAF Captain Guillermo Concha Iberico International Airport,PE,PE-PIU,SA,Piura,PIU,SPUR,-5.20575,-80.616402,120.0,yes,medium_airport,no,https://en.wikipedia.org/wiki/Cap._FAP_Guillermo_Concha_Iberico_International_Airport
Paamiut Airport,GL,GL-SE,NA,Paamiut,JFR,BGPT,62.014736,-49.670937,120.0,yes,small_airport,no,https://en.wikipedia.org/wiki/Paamiut_Airport
Paderborn Lippstadt Airport,DE,DE-NW,EU,Büren,PAD,EDLP,51.612527,8.617459,699.0,yes,large_airport,no,https://en.wikipedia.org/wiki/Paderborn_Lippstadt_Airport
Padre Aldamiz International Airport,PE,PE-MDD,SA,Puerto Maldonado,PEM,SPTU,-12.6135997772,-69.2285995483,659.0,yes,medium_airport,no,https://en.wikipedia.org/wiki/Padre_Aldamiz_International_Airport
Pagadian Airport,PH,PH-ZAS,AS,Pagadian,PAG,RPMP,7.825632,123.459635,5.0,yes,medium_airport,no,https://en.wikipedia.org/wiki/Pagadian_Airport
Page Municipal Airport,US,US-AZ,NA,Page,PGA,KPGA,36.924234,-111.447716,4316.0,yes,medium_airport,no,https://en.wikipedia.org/wiki/Page_Municipal_Airport
Pago Pago International Airport,AS,AS-WT,OC,Pago Pago,PPG,NSTU,-14.331,-170.710007,32.0,yes,large_airport,yes,https://en.wikipedia.org/wiki/Pago_Pago_International_Airport
Pai Airport,TH,TH-58,AS,Pai,PYY,,19.372054,98.435904,1676.0,no,small_airport,no,https://en.wikipedia.org/wiki/Pai_Airport
Pajala Airport,SE,SE-BD,EU,Pajala,PJA,ESUP,67.244569,23.074894,542.0,yes,small_airport,no,https://en.wikipedia.org/wiki/Pajala_Airport
Pakse International Airport,LA,LA-CH,AS,Pakse,PKZ,VLPS,15.133973,105.779871,351.0,yes,large_airport,yes,https://en.wikipedia.org/wiki/Pakse_Airport
Pakuba Airport,UG,UG-W,AF,Pakuba,PAF,HUPA,2.326563,31.497698,2365.0,no,small_airport,no,https://en.wikipedia.org/wiki/Pakuba_Airfield
Palanga International Airport,LT,LT-KL,EU,Palanga,PLQ,EYPA,55.973202,21.093901,33.0,yes,large_airport,yes,https://en.wikipedia.org/wiki/Palanga_International_Airport
Palenque International Airport,MX,MX-CHP,NA,Palenque,PQM,MMPQ,17.533153,-92.015484,200.0,no,small_airport,no,https://en.wikipedia.org/wiki/Palenque_International_Airport
Palm Springs International Airport,US,US-CA,NA,Palm Springs,PSP,KPSP,33.8297,-116.507004,477.0,yes,large_airport,yes,https://en.wikipedia.org/wiki/Palm_Springs_International_Airport
Palma de Mallorca Airport,ES,ES-IB,EU,Palma de Mallorca,PMI,LEPA,39.551701,2.73881,27.0,yes,large_airport,yes,https://en.wikipedia.org/wiki/Son_Sant_Joan_Airport
Palmar Sur Airport,CR,CR-P,NA,Palmar Sur,PMZ,MRPM,8.95103,-83.468597,49.0,no,medium_airport,no,https://en.wikipedia.org/wiki/Palmar_Sur_Airport
Palmerston North Airport,NZ,NZ-MWT,OC,Palmerston North,PMR,NZPM,-40.320599,175.617004,151.0,yes,medium_airport,no,https://en.wikipedia.org/wiki/Palmerston_North_International_Airport
Palonegro Airport,CO,CO-SAN,SA,Bucaramanga,BGA,SKBG,7.1265,-73.1848,3897.0,yes,medium_airport,yes,https://en.wikipedia.org/wiki/Palonegro_International_Airport
Pamplona Airport,ES,ES-NC,EU,Pamplona,PNA,LEPP,42.77,-1.64633,1504.0,yes,medium_airport,yes,https://en.wikipedia.org/wiki/Pamplona_Airport
Pampulha - Carlos Drummond de Andrade Airport,BR,BR-MG,SA,Belo Horizonte,PLU,SBBH,-19.85074,-43.950316,2589.0,no,medium_airport,no,https://en.wikipedia.org/wiki/Pampulha_Domestic_Airport
Pangborn Memorial Airport,US,US-WA,NA,Wenatchee,EAT,KEAT,47.398899,-120.207001,1249.0,yes,medium_airport,no,https://en.wikipedia.org/wiki/Pangborn_Memorial_Airport
Pangnirtung Airport,CA,CA-NU,NA,Pangnirtung,YXP,CYXP,66.144878,-65.713606,75.0,yes,small_airport,no,https://en.wikipedia.org/wiki/Pangnirtung_Airport
Panjgur Airport,PK,PK-BA,AS,Panjgur,PJG,OPPG,26.9545,64.1325,3289.0,no,medium_airport,no,https://en.wikipedia.org/wiki/Panjgur_Airport
Pantelleria Airport,IT,IT-82,EU,Pantelleria (TP),PNL,LICG,36.816502,11.9689,628.0,yes,medium_airport,no,https://en.wikipedia.org/wiki/Pantelleria_Airport
Panzhihua Bao'anying Airport,CN,CN-51,AS,Panzhihua (Renhe),PZI,ZUZH,26.54,101.79852,1620.0,yes,medium_airport,no,https://en.wikipedia.org/wiki/Panzhihua_Bao'anying_Airport
Papa Westray Airport,GB,GB-SCT,EU,"Papa Westray, Orkney Islands",PPW,EGEP,59.351012,-2.900353,91.0,yes,small_airport,no,https://en.wikipedia.org/wiki/Papa_Westray_Airport
Paphos International Airport,CY,CY-06,AS,Paphos,PFO,LCPH,34.717999,32.485699,41.0,yes,large_airport,yes,https://en.wikipedia.org/wiki/Paphos_International_Airport
Paraburdoo Airport,AU,AU-WA,OC,Paraburdoo,PBO,YPBO,-23.1711006165,117.745002747,1406.0,yes,medium_airport,no,https://en.wikipedia.org/wiki/Paraburdoo_Airport
Paraparaumu Airport,NZ,NZ-WGN,OC,,PPQ,NZPP,-40.90470123291016,174.98899841308594,22.0,no,medium_airport,no,https://en.wikipedia.org/wiki/Paraparaumu_Airport
Pardubice Airport,CZ,CZ-PA,EU,Pardubice,PED,LKPD,50.015049,15.73981,741.0,yes,large_airport,yes,https://en.wikipedia.org/wiki/Pardubice_Airport
Parintins Airport,BR,BR-AM,SA,Parintins,PIN,SWPI,-2.673521,-56.777625,87.0,no,small_airport,no,https://en.wikipedia.org/wiki/Parintins_Airport
Paris-Orly Airport,FR,FR-IDF,EU,"Paris (Orly, Val-de-Marne)",ORY,LFPO,48.729499,2.358963,291.0,yes,large_airport,no,https://en.wikipedia.org/wiki/Orly_Airport
Parkes Airport,AU,AU-NSW,OC,Parkes,PKE,YPKS,-33.131401062,148.238998413,1069.0,yes,medium_airport,no,https://en.wikipedia.org/wiki/Parkes_Airport
Parma Airport,IT,IT-45,EU,Parma (PR),PMF,LIMP,44.826351,10.29705,161.0,yes,medium_airport,yes,https://en.wikipedia.org/wiki/Parma_Airport
Parnaíba - Prefeito Doutor João Silva Filho International Airport,BR,BR-PI,SA,Parnaíba,PHB,SBPB,-2.89375,-41.731998,23.0,yes,medium_airport,no,https://en.wikipedia.org/wiki/Parna%C3%ADba-Prefeito_Dr._Jo%C3%A3o_Silva_Filho_International_Airport
Paro International Airport,BT,BT-11,AS,Paro,PBH,VQPR,27.4032,89.424599,7364.0,yes,large_airport,yes,https://en.wikipedia.org/wiki/Paro_Airport
Paros National Airport,GR,GR-L,EU,Paros,PAS,LGPA,37.020495,25.113195,131.0,yes,small_airport,no,https://en.wikipedia.org/wiki/New_Paros_Airport
Parsabad-Moghan Airport,IR,IR-24,AS,Parsabad,PFQ,OITP,39.6036,47.8815,251.0,yes,small_airport,no,https://en.wikipedia.org/wiki/Parsabad-Moghan_Airport
Patos de Minas Airport,BR,BR-MG,SA,Patos de Minas,POJ,SNPD,-18.672673,-46.491292,2794.0,no,small_airport,no,https://en.wikipedia.org/wiki/Patos_de_Minas_Airport
Patras Araxos Agamemnon Airport,GR,GR-G,EU,Patras,GPA,LGRX,38.1511,21.4256,46.0,yes,medium_airport,no,https://en.wikipedia.org/wiki/Araxos_Airport
Patrick Leahy Burlington International Airport,US,US-VT,NA,Burlington,BTV,KBTV,44.471901,-73.153297,335.0,yes,medium_airport,no,https://en.wikipedia.org/wiki/Burlington_International_Airport
Pattimura International Airport,ID,ID-MA,AS,Ambon,AMQ,WAPP,-3.71026,128.089005,33.0,yes,large_airport,yes,https://en.wikipedia.org/wiki/Pattimura_Airport
Pau Pyrénées Airport,FR,FR-NAQ,EU,Pau/Pyrénées (Uzein),PUF,LFBP,43.380001,-0.418611,616.0,yes,medium_airport,yes,https://en.wikipedia.org/wiki/Pau_Pyr%C3%A9n%C3%A9es_Airport
Paulatuk (Nora Aliqatchialuk Ruben) Airport,CA,CA-NT,NA,Paulatuk,YPC,CYPC,69.360838,-124.07547,15.0,yes,small_airport,no,https://en.wikipedia.org/wiki/Paulatuk_Airport
Paulo Afonso Airport,BR,BR-BA,SA,Paulo Afonso,PAV,SBUF,-9.40088,-38.250599,883.0,yes,medium_airport,no,https://en.wikipedia.org/wiki/Paulo_Afonso_Airport
Pavlodar International Airport,KZ,KZ-PAV,AS,Pavlodar,PWQ,UASP,52.194982,77.073088,410.0,yes,large_airport,yes,https://en.wikipedia.org/wiki/Pavlodar_Airport
Peawanuck Airport,CA,CA-ON,NA,Peawanuck,YPO,CYPO,54.987932,-85.442648,173.0,yes,small_airport,no,https://en.wikipedia.org/wiki/Peawanuck_Airport
Pelican Seaplane Base,US,US-AK,NA,Pelican,PEC,,57.9552,-136.235992,,yes,seaplane_base,no,https://en.wikipedia.org/wiki/Pelican_Seaplane_Base
Pellston Regional Airport of Emmet County Airport,US,US-MI,NA,Pellston,PLN,KPLN,45.57089996,-84.79669952,721.0,yes,medium_airport,no,https://en.wikipedia.org/wiki/Pellston_Regional_Airport
Pemba Airport,MZ,MZ-P,AF,Pemba,POL,FQPB,-12.993302,40.524867,331.0,yes,medium_airport,yes,https://en.wikipedia.org/wiki/Pemba_Airport
Penang International Airport,MY,MY-07,AS,Penang,PEN,WMKP,5.296303,100.276185,11.0,yes,large_airport,yes,https://en.wikipedia.org/wiki/Penang_International_Airport
Penghu Magong Airport,TW,TW-PEN,AS,Huxi,MZG,RCQC,23.568701,119.627998,103.0,yes,large_airport,no,https://en.wikipedia.org/wiki/Penghu_Airport
Pensacola International Airport,US,US-FL,NA,Pensacola,PNS,KPNS,30.472718,-87.186639,121.0,yes,large_airport,yes,https://en.wikipedia.org/wiki/Pensacola_Regional_Airport
Penticton Airport,CA,CA-BC,NA,Penticton,YYF,CYYF,49.46310043334961,-119.60199737548828,1129.0,yes,medium_airport,no,https://en.wikipedia.org/wiki/Penticton_Regional_Airport
Penza Airport,RU,RU-PNZ,AS,Penza,PEZ,UWPP,53.1106,45.021099,614.0,yes,medium_airport,no,https://en.wikipedia.org/wiki/Penza_Airport
Perales Airport,CO,CO-TOL,SA,Ibagué,IBE,SKIB,4.42161,-75.1333,2999.0,yes,medium_airport,yes,https://en.wikipedia.org/wiki/Perales_Airport
Perm International Airport,RU,RU-PER,AS,Perm,PEE,USPP,57.914501,56.021198,404.0,yes,large_airport,yes,https://en.wikipedia.org/wiki/Perm_International_Airport
Perpignan-Rivesaltes (Llabanère) Airport,FR,FR-OCC,EU,Perpignan/Rivesaltes,PGF,LFMP,42.740398,2.87067,144.0,yes,medium_airport,yes,https://en.wikipedia.org/wiki/Perpignan_-_Rivesaltes_Airport
Perryville Airport,US,US-AK,NA,Perryville,KPV,PAPE,55.9065,-159.16091,29.0,yes,small_airport,no,https://en.wikipedia.org/wiki/Perryville_Airport
Persian Gulf International Airport,IR,IR-18,AS,Khiyaroo,PGU,OIBP,27.379601,52.737701,27.0,yes,medium_airport,yes,https://en.wikipedia.org/wiki/Persian_Gulf_Airport
Perth International Airport,AU,AU-WA,OC,Perth,PER,YPPH,-31.94029998779297,115.96700286865234,67.0,yes,large_airport,yes,https://en.wikipedia.org/wiki/Perth_Airport
Perugia San Francesco d'Assisi – Umbria International Airport,IT,IT-55,EU,Perugia (PG),PEG,LIRZ,43.095901,12.5132,697.0,yes,large_airport,yes,https://en.wikipedia.org/wiki/Perugia_San_Francesco_d%27Assisi_%E2%80%93_Umbria_International_Airport
Petersburg James A Johnson Airport,US,US-AK,NA,Petersburg,PSG,PAPG,56.80170059,-132.9450073,111.0,yes,medium_airport,no,https://en.wikipedia.org/wiki/Petersburg_James_A._Johnson_Airport
Petropavl International Airport,KZ,KZ-SEV,AS,Petropavl,PPK,UACP,54.775622,69.187415,453.0,yes,large_airport,yes,https://en.wikipedia.org/wiki/Petropavl_Airport_(Kazakhstan)
Petrozavodsk Airport,RU,RU-KR,EU,Petrozavodsk,PES,ULPB,61.885201,34.154701,151.0,yes,medium_airport,yes,https://en.wikipedia.org/wiki/Petrozavodsk_Airport
Pevek Airport,RU,RU-CHU,AS,Apapelgino,PWE,UHMP,69.783302,170.597,11.0,yes,medium_airport,no,https://en.wikipedia.org/wiki/Pevek_Airport
Philadelphia International Airport,US,US-PA,NA,Philadelphia,PHL,KPHL,39.871899,-75.241096,36.0,yes,large_airport,yes,https://en.wikipedia.org/wiki/Philadelphia_International_Airport
Philip S. W. Goldson International Airport,BZ,BZ-BZ,NA,Belize City,BZE,MZBZ,17.539951,-88.303556,15.0,yes,large_airport,yes,https://en.wikipedia.org/wiki/Philip_S._W._Goldson_International_Airport
Phillip Gaonwe Matante International Airport,BW,BW-FR,AF,Francistown,FRW,FBPM,-21.159183,27.468826,3283.0,yes,large_airport,yes,https://en.wikipedia.org/wiki/Francistown_Airport
Phitsanulok Airport,TH,TH-65,AS,Phitsanulok,PHS,VTPP,16.7829,100.278999,154.0,yes,medium_airport,no,https://en.wikipedia.org/wiki/Phitsanulok_Airport
Phnom Penh International Airport,KH,KH-12,AS,Phnom Penh (Pou Senchey),PNH,VDPP,11.547155,104.844699,40.0,no,large_airport,no,https://en.wikipedia.org/wiki/Phnom_Penh_International_Airport
Phoenix Sky Harbor International Airport,US,US-AZ,NA,Phoenix,PHX,KPHX,33.435302,-112.005905,1135.0,yes,large_airport,yes,https://en.wikipedia.org/wiki/Phoenix_Sky_Harbor_International_Airport
Phrae Airport,TH,TH-54,AS,,PRH,VTCP,18.1322,100.165001,538.0,no,medium_airport,no,https://en.wikipedia.org/wiki/Phrae_Airport
Phu Bai International Airport,VN,VN-NC,AS,Huế,HUI,VVPB,16.400628,107.703094,48.0,yes,medium_airport,yes,https://en.wikipedia.org/wiki/Phu_Bai_International_Airport
Phu Cat Airport,VN,VN-SCC,AS,Quy Nohn,UIH,VVPC,13.955,109.042,80.0,yes,medium_airport,no,https://en.wikipedia.org/wiki/Phu_Cat_Airport
Phuket International Airport,TH,TH-83,AS,Phuket,HKT,VTSP,8.113257,98.3174,82.0,yes,large_airport,yes,https://en.wikipedia.org/wiki/Phuket_International_Airport
Phú Quốc International Airport,VN,VN-SW,AS,Phu Quoc Island,PQC,VVPQ,10.169783,103.99353,37.0,yes,large_airport,yes,https://en.wikipedia.org/wiki/Phu_Quoc_International_Airport
Piarco International Airport,TT,TT-TUP,NA,Port of Spain,POS,TTPP,10.59535,-61.337568,58.0,yes,large_airport,yes,https://en.wikipedia.org/wiki/Piarco_International_Airport
Pichoy Airport,CL,CL-LR,SA,Valdivia,ZAL,SCVD,-39.6500015259,-73.0860977173,59.0,yes,medium_airport,no,https://en.wikipedia.org/wiki/Pichoy_Airport
Pickle Lake Airport,CA,CA-ON,NA,Pickle Lake,YPL,CYPL,51.4463996887207,-90.21420288085938,1267.0,yes,medium_airport,no,https://en.wikipedia.org/wiki/Pickle_Lake_Airport
Pico Airport,PT,PT-20,EU,Pico Island,PIX,LPPI,38.554298,-28.441299,109.0,yes,medium_airport,no,https://en.wikipedia.org/wiki/Pico_Airport
Piedmont Triad International Airport,US,US-NC,NA,Greensboro,GSO,KGSO,36.09937,-79.937262,925.0,yes,large_airport,yes,https://en.wikipedia.org/wiki/Piedmont_Triad_International_Airport
Piedras Negras International Airport,MX,MX-COA,NA,Piedras Negras,PDS,MMPG,28.627873,-100.53524,901.0,yes,medium_airport,no,https://en.wikipedia.org/wiki/Piedras_Negras_International_Airport
Pierre Regional Airport,US,US-SD,NA,Pierre,PIR,KPIR,44.38270187,-100.2860031,1744.0,yes,medium_airport,no,https://en.wikipedia.org/wiki/Pierre_Regional_Airport
Pietermaritzburg Airport,ZA,ZA-NL,AF,Pietermaritzburg,PZB,FAPM,-29.649000167799997,30.3987007141,2423.0,yes,medium_airport,no,https://en.wikipedia.org/wiki/Pietermaritzburg_Airport
Pikangikum Airport,CA,CA-ON,NA,Pikangikum,YPM,CYPM,51.819698,-93.973297,1114.0,yes,small_airport,no,https://en.wikipedia.org/wiki/Pikangikum_Airport
Pilot Point Airport,US,US-AK,NA,Pilot Point,PIP,PAPN,57.580399,-157.572006,57.0,yes,small_airport,no,https://en.wikipedia.org/wiki/Pilot_Point_Airport
Pilot Station Airport,US,US-AK,NA,Pilot Station,PQS,,61.96169,-162.941944,473.0,yes,small_airport,no,https://en.wikipedia.org/wiki/Pilot_Station_Airport
Piloto Civil Norberto Fernández International Airport,AR,AR-Z,SA,Rio Gallegos,RGL,SAWG,-51.608791,-69.308948,61.0,yes,large_airport,yes,https://en.wikipedia.org/wiki/Piloto_Civil_Norberto_Fern%C3%A1ndez_International_Airport
Piloto Osvaldo Marques Dias Airport,BR,BR-MT,SA,Alta Floresta,AFL,SBAT,-9.866389,-56.106298,948.0,yes,medium_airport,no,https://en.wikipedia.org/wiki/Alta_Floresta_Airport
Pinto Martins International Airport,BR,BR-CE,SA,Fortaleza,FOR,SBFZ,-3.775833,-38.532222,83.0,yes,large_airport,yes,https://en.wikipedia.org/wiki/Pinto_Martins_International_Airport
Pisa International Airport,IT,IT-52,EU,Pisa (PI),PSA,LIRP,43.683899,10.3927,6.0,yes,large_airport,yes,https://en.wikipedia.org/wiki/Pisa_International_Airport
Pitt-Greenville Airport,US,US-NC,NA,Greenville,PGV,KPGV,35.635535,-77.384262,26.0,yes,medium_airport,no,https://en.wikipedia.org/wiki/Pitt-Greenville_Airport
Pittsburgh International Airport,US,US-PA,NA,Pittsburgh,PIT,KPIT,40.491501,-80.232903,1203.0,yes,large_airport,yes,https://en.wikipedia.org/wiki/Pittsburgh_International_Airport
Pituffik Space Base,GL,GL-AV,NA,Pituffik,THU,BGTL,76.53063,-68.700541,251.0,yes,medium_airport,no,https://en.wikipedia.org/wiki/Pituffik_Space_Base
Placencia Airport,BZ,BZ-SC,NA,Placencia,PLJ,MZPL,16.536957,-88.361511,3.0,yes,medium_airport,no,https://en.wikipedia.org/wiki/Placencia_Airport
Plan de Guadalupe International Airport,MX,MX-COA,NA,Saltillo,SLW,MMIO,25.53786,-100.928346,4778.0,yes,medium_airport,yes,https://en.wikipedia.org/wiki/Plan_de_Guadalupe_International_Airport
Platinum Airport,US,US-AK,NA,Platinum,PTU,PAPM,59.017675,-161.827927,15.0,yes,medium_airport,no,https://en.wikipedia.org/wiki/Platinum_Airport
Platon Oyunsky Yakutsk International Airport,RU,RU-SA,AS,Yakutsk,YKS,UEEE,62.0933,129.770996,325.0,yes,large_airport,yes,https://en.wikipedia.org/wiki/Yakutsk_Airport
Platov International Airport,RU,RU-ROS,EU,Rostov-on-Don,ROV,URRP,47.493888,39.924722,213.0,yes,large_airport,yes,https://en.wikipedia.org/wiki/Platov_International_Airport
Plattsburgh International Airport,US,US-NY,NA,Plattsburgh,PBG,KPBG,44.650902,-73.468102,234.0,yes,medium_airport,no,https://en.wikipedia.org/wiki/Plattsburgh_International_Airport
Playa de Oro International Airport,MX,MX-COL,NA,Manzanillo,ZLO,MMZO,19.1448,-104.558998,30.0,yes,medium_airport,yes,https://en.wikipedia.org/wiki/Playa_de_Oro_International_Airport
Playón Chico Airport,PA,PA-GY,NA,Ukupseni,PYC,,9.30692,-78.235273,18.0,no,small_airport,no,https://en.wikipedia.org/wiki/Play%C3%B3n_Chico_Airport
Pleiku Airport,VN,VN-CH,AS,Pleiku,PXU,VVPK,14.00450038909912,108.01699829101562,2434.0,yes,medium_airport,no,https://en.wikipedia.org/wiki/Pleiku_Air_Base
Plettenberg Bay Airport,ZA,ZA-WC,AF,Plettenberg Bay,PBZ,FAPG,-34.08816,23.328723,465.0,no,medium_airport,no,https://en.wikipedia.org/wiki/Plettenberg_Bay_Aerodrome
Plovdiv International Airport,BG,BG-16,EU,Plovdiv,PDV,LBPD,42.067799,24.8508,597.0,yes,large_airport,yes,https://en.wikipedia.org/wiki/Plovdiv_International_Airport
Pobedilovo Airport,RU,RU-KIR,EU,Kirov,KVX,USKK,58.503883,49.347831,479.0,yes,medium_airport,no,https://en.wikipedia.org/wiki/Pobedilovo_Airport
Pocatello Regional Airport,US,US-ID,NA,Pocatello,PIH,KPIH,42.9098014831543,-112.59600067138672,4452.0,yes,medium_airport,no,https://en.wikipedia.org/wiki/Pocatello_Regional_Airport
Podgorica Airport / Podgorica Golubovci Airbase,ME,ME-16,EU,Podgorica,TGD,LYPG,42.359402,19.2519,141.0,yes,large_airport,yes,https://en.wikipedia.org/wiki/Podgorica_Airport
Podkamennaya Tunguska Airport,RU,RU-KYA,AS,Bor,TGP,UNIP,61.589699,89.994003,213.0,no,medium_airport,no,https://en.wikipedia.org/wiki/Podkamennaya_Tunguska_Airport
Pohang Airport (G-815/K-3),KR,KR-47,AS,Pohang,KPO,RKTH,35.987955,129.420383,70.0,yes,medium_airport,no,https://en.wikipedia.org/wiki/Pohang_Airport
Pohnpei International Airport,FM,FM-PNI,OC,Pohnpei Island,PNI,PTPN,6.985082,158.20992,10.0,yes,medium_airport,yes,https://en.wikipedia.org/wiki/Pohnpei_International_Airport
Point Baker Seaplane Base,US,US-AK,NA,Point Baker,KPB,,56.351898,-133.623001,,yes,seaplane_base,no,https://en.wikipedia.org/wiki/Point_Baker_Seaplane_Base
Point Hope Airport,US,US-AK,NA,Point Hope,PHO,PAPO,68.348801,-166.798996,12.0,yes,small_airport,no,https://en.wikipedia.org/wiki/Point_Hope_Airport
Point Lay LRRS Airport,US,US-AK,NA,Point Lay,PIZ,PPIZ,69.732903,-163.005005,22.0,yes,medium_airport,no,https://en.wikipedia.org/wiki/Point_Lay_LRRS_Airport
Pointe Vele Airport,WF,WF-U-A,OC,Futuna Island,FUT,NLWF,-14.311565,-178.066492,20.0,yes,small_airport,yes,https://en.wikipedia.org/wiki/Pointe_Vele_Airport
Poitiers-Biard Airport,FR,FR-NAQ,EU,Poitiers/Biard,PIS,LFBI,46.5877,0.306666,423.0,yes,medium_airport,yes,https://en.wikipedia.org/wiki/Poitiers_-_Biard_Airport
Pokhara Domestic Airport,NP,NP-P4,AS,Pokhara,PKR,VNPK,28.200621,83.981203,2712.0,yes,medium_airport,yes,https://en.wikipedia.org/wiki/Pokhara_Airport_(domestic)
Polokwane International Airport,ZA,ZA-NP,AF,Polokwane,PTG,FAPP,-23.845269,29.458615,4076.0,yes,large_airport,yes,https://en.wikipedia.org/wiki/Polokwane_International_Airport
Polyarny Airport,RU,RU-SA,AS,Yakutia,PYJ,UERP,66.400398,112.029999,1660.0,yes,medium_airport,no,https://en.wikipedia.org/wiki/Polyarny_Airport
Ponciano Arriaga International Airport,MX,MX-SLP,NA,San Luis Potosí,SLP,MMSP,22.262026,-100.935692,6035.0,yes,medium_airport,yes,https://en.wikipedia.org/wiki/Ponciano_Arriaga_International_Airport
Pond Inlet Airport,CA,CA-NU,NA,Pond Inlet,YIO,CYIO,72.689494,-77.968941,181.0,yes,small_airport,no,https://en.wikipedia.org/wiki/Pond_Inlet_Airport
Poplar Hill Airport,CA,CA-ON,NA,Poplar Hill,YHP,CYHP,52.1133,-94.2556,1095.0,yes,small_airport,no,https://en.wikipedia.org/wiki/Poplar_Hill_Airport
Porbandar Airport,IN,IN-GJ,AS,Porbandar,PBD,VAPR,21.649524,69.656405,23.0,yes,medium_airport,no,https://en.wikipedia.org/wiki/Porbandar_Airport
Pori Airport,FI,FI-17,EU,Pori,POR,EFPO,61.4617,21.799999,44.0,yes,medium_airport,no,https://en.wikipedia.org/wiki/Pori_Airport
Pormpuraaw Airport,AU,AU-QLD,OC,Pormpuraaw,EDR,YPMP,-14.896451,141.60908,10.0,yes,small_airport,no,https://en.wikipedia.org/wiki/Edward_River_Airport
Port Augusta Airport,AU,AU-SA,OC,,PUG,YPAG,-32.506900787353516,137.7169952392578,56.0,yes,medium_airport,no,https://en.wikipedia.org/wiki/Port_Augusta_Airport
Port Gentil International Airport,GA,GA-8,AF,Port Gentil,POG,FOOG,-0.711739,8.75438,13.0,yes,large_airport,yes,https://en.wikipedia.org/wiki/Port-Gentil_International_Airport
Port Harcourt International Airport,NG,NG-RI,AF,Port Harcourt,PHC,DNPO,5.01549,6.94959,87.0,yes,large_airport,yes,https://en.wikipedia.org/wiki/Port_Harcourt_International_Airport
Port Hardy Airport,CA,CA-BC,NA,Port Hardy,YZT,CYZT,50.68059921264648,-127.36699676513672,71.0,yes,medium_airport,no,https://en.wikipedia.org/wiki/Port_Hardy_Airport
Port Hedland International Airport,AU,AU-WA,OC,Port Hedland,PHE,YPPD,-20.382787,118.629789,33.0,yes,large_airport,no,https://en.wikipedia.org/wiki/Port_Hedland_International_Airport
Port Heiden Airport,US,US-AK,NA,Port Heiden,PTH,PAPH,56.957893,-158.630219,95.0,yes,medium_airport,no,https://en.wikipedia.org/wiki/Port_Heiden_Airport
Port Lincoln Airport,AU,AU-SA,OC,Port Lincoln,PLO,YPLC,-34.6053009033,135.880004883,36.0,yes,medium_airport,no,https://en.wikipedia.org/wiki/Port_Lincoln_Airport
Port Lions Airport,US,US-AK,NA,Port Lions,ORI,,57.884905,-152.847719,52.0,yes,small_airport,no,https://en.wikipedia.org/wiki/Port_Lions_Airport
Port Macquarie Airport,AU,AU-NSW,OC,Port Macquarie,PQQ,YPMQ,-31.4358005524,152.863006592,12.0,yes,medium_airport,no,https://en.wikipedia.org/wiki/Port_Macquarie_Airport
Port Moresby Jacksons International Airport,PG,PG-NCD,OC,Port Moresby,POM,AYPY,-9.44338035583496,147.22000122070312,146.0,yes,large_airport,yes,https://en.wikipedia.org/wiki/Jacksons_International_Airport
Port Protection Seaplane Base,US,US-AK,NA,Port Protection,PPV,,56.3288,-133.610001,,yes,seaplane_base,no,https://en.wikipedia.org/wiki/Port_Protection_Seaplane_Base
Port Sudan New International Airport,SD,SD-26,AF,Port Sudan,PZU,HSPN,19.434558,37.234125,135.0,yes,large_airport,yes,https://en.wikipedia.org/wiki/Port_Sudan_New_International_Airport
Port Williams Seaplane Base,US,US-AK,NA,Port Williams,KPR,,58.490101,-152.582001,,yes,seaplane_base,no,https://en.wikipedia.org/wiki/Port_Williams_Seaplane_Base
Port-Menier Airport,CA,CA-QC,NA,Port-Menier,YPN,CYPN,49.836399,-64.288597,167.0,yes,medium_airport,no,https://en.wikipedia.org/wiki/Port-Menier_Airport
Portland Airport,AU,AU-VIC,OC,,PTJ,YPOD,-38.31809997558594,141.4709930419922,265.0,yes,medium_airport,no,https://en.wikipedia.org/wiki/Portland_Airport_(Australia)
Portland International Airport,US,US-OR,NA,Portland,PDX,KPDX,45.588699,-122.598,31.0,yes,large_airport,yes,https://en.wikipedia.org/wiki/Portland_International_Airport
Portland International Jetport,US,US-ME,NA,Portland,PWM,KPWM,43.646198,-70.309303,76.0,yes,large_airport,yes,https://en.wikipedia.org/wiki/Portland_International_Jetport
Porto Alegre-Salgado Filho International Airport,BR,BR-RS,SA,Porto Alegre,POA,SBPA,-29.993984,-51.167482,11.0,yes,large_airport,yes,https://en.wikipedia.org/wiki/Salgado_Filho_International_Airport
Porto Santo Airport,PT,PT-30,EU,Vila Baleira,PXO,LPPS,33.0733985901,-16.3500003815,341.0,yes,medium_airport,yes,https://en.wikipedia.org/wiki/Porto_Santo_Airport
Porto Seguro International Airport,BR,BR-BA,SA,Porto Seguro,BPS,SBPS,-16.438426,-39.080584,169.0,yes,large_airport,no,https://en.wikipedia.org/wiki/Porto_Seguro_Airport
Portsmouth International Airport at Pease,US,US-NH,NA,Portsmouth,PSM,KPSM,43.0779,-70.823303,100.0,yes,medium_airport,no,https://en.wikipedia.org/wiki/Pease_International_Airport
Postville Airport,CA,CA-NL,NA,Postville,YSO,,54.9105,-59.78507,193.0,yes,small_airport,no,https://en.wikipedia.org/wiki/Postville_Airport
Powell River Airport,CA,CA-BC,NA,Powell River,YPW,CYPW,49.83420181274414,-124.5,425.0,yes,medium_airport,no,https://en.wikipedia.org/wiki/Powell_River_Airport
Poznań-Ławica Airport,PL,PL-WP,EU,Poznań,POZ,EPPO,52.421598,16.823359,308.0,yes,large_airport,yes,https://en.wikipedia.org/wiki/Pozna%C5%84-%C5%81awica_Airport
Praslin Island Airport,SC,SC-14,AF,Praslin Island,PRI,FSPP,-4.319256,55.691561,10.0,yes,medium_airport,no,https://en.wikipedia.org/wiki/Praslin_Island_Airport
Prayagraj Airport,IN,IN-UP,AS,Allahabad,IXD,VEAB,25.4401,81.733902,322.0,yes,medium_airport,no,https://en.wikipedia.org/wiki/Prayagraj_Airport
Prefeito Renato Moreira Airport,BR,BR-MA,SA,Imperatriz,IMP,SBIZ,-5.53129,-47.459999,430.0,yes,medium_airport,no,https://en.wikipedia.org/wiki/Imperatriz_Airport
Preguiça Airport,CV,CV-B,AF,Preguiça,SNE,GVSN,16.588852,-24.284132,669.0,yes,medium_airport,no,https://en.wikipedia.org/wiki/Pregui%C3%A7a_Airport
Prempeh I International Airport,GH,GH-AH,AF,Kumasi,KMS,DGSI,6.71456,-1.59082,942.0,yes,large_airport,yes,https://en.wikipedia.org/wiki/Prempeh_I_International_Airport
Prescott Regional Airport - Ernest A. Love Field,US,US-AZ,NA,Prescott,PRC,KPRC,34.653502,-112.419883,5045.0,yes,medium_airport,no,https://en.wikipedia.org/wiki/Ernest_A._Love_Field
President Carlos Ibáñez International Airport,CL,CL-MA,SA,Punta Arenas,PUQ,SCCI,-53.002602,-70.854599,139.0,yes,large_airport,yes,https://en.wikipedia.org/wiki/Presidente_Carlos_Ibanez_Del_Campo_International_Airport
President Donald J. Trump International Airport,US,US-FL,NA,West Palm Beach,PBI,KDJT,26.683201,-80.095596,19.0,yes,large_airport,yes,https://en.wikipedia.org/wiki/Palm_Beach_International_Airport
Presidente Castro Pinto International Airport,BR,BR-PB,SA,João Pessoa,JPA,SBJP,-7.148691,-34.950554,217.0,yes,large_airport,yes,https://en.wikipedia.org/wiki/Presidente_Castro_Pinto_International_Airport
Presidente Itamar Franco Airport,BR,BR-MG,SA,Juiz de Fora,IZA,SBZM,-21.513086,-43.173069,1348.0,yes,medium_airport,no,https://en.wikipedia.org/wiki/Zona_da_Mata_Regional_Airport
Presidente João Batista Figueiredo Airport,BR,BR-MT,SA,Sinop,OPS,SBSI,-11.885001,-55.586109,1227.0,yes,small_airport,no,https://en.wikipedia.org/wiki/Sinop_Airport_(Brazil)
Presidente João Suassuna Airport,BR,BR-PB,SA,Campina Grande,CPV,SBKG,-7.269662,-35.896057,1646.0,yes,medium_airport,no,https://en.wikipedia.org/wiki/Campina_Grande_Airport
Presidente Juscelino Kubitschek International Airport,BR,BR-DF,SA,Brasília,BSB,SBBR,-15.869167,-47.920834,3497.0,yes,large_airport,yes,https://en.wikipedia.org/wiki/Bras%C3%ADlia_International_Airport
Presidente Nicolau Lobato International Airport,TL,TL-DI,AS,Dili,DIL,WPDL,-8.546562,125.524507,154.0,yes,large_airport,yes,https://en.wikipedia.org/wiki/Presidente_Nicolau_Lobato_International_Airport
Presidente Perón International Airport,AR,AR-Q,SA,Neuquén,NQN,SAZN,-38.949001,-68.155701,895.0,yes,large_airport,yes,https://en.wikipedia.org/wiki/Presidente_Per%C3%B3n_International_Airport
Presidente Prudente Airport,BR,BR-SP,SA,Presidente Prudente,PPB,SBDN,-22.1751,-51.424599,1477.0,yes,medium_airport,no,https://en.wikipedia.org/wiki/Presidente_Prudente_Airport
Presque Isle International Airport,US,US-ME,NA,Presque Isle,PQI,KPQI,46.688999,-68.0448,534.0,yes,medium_airport,no,https://en.wikipedia.org/wiki/Presque_Isle_International_Airport
Prince Abdulmohsen Bin Abdulaziz International Airport,SA,SA-03,AS,Yanbu,YNB,OEYN,24.144199,38.0634,26.0,yes,large_airport,yes,https://en.wikipedia.org/wiki/Prince_Abdulmohsen_Bin_Abdulaziz_International_Airport
Prince George (International) Airport,CA,CA-BC,NA,Prince George,YXS,CYXS,53.884311,-122.666554,2267.0,yes,medium_airport,no,https://en.wikipedia.org/wiki/Prince_George_Airport
Prince Mohammad Bin Abdulaziz Airport,SA,SA-03,AS,Medina,MED,OEMA,24.5534,39.705101,2151.0,yes,large_airport,yes,https://en.wikipedia.org/wiki/Prince_Mohammad_Bin_Abdulaziz_Airport
Prince Naif bin Abdulaziz International Airport,SA,SA-05,AS,Qassim,ELQ,OEGS,26.302799,43.774399,2126.0,yes,large_airport,yes,https://en.wikipedia.org/wiki/Prince_Naif_bin_Abdulaziz_International_Airport
Prince Rupert Airport,CA,CA-BC,NA,Prince Rupert,YPR,CYPR,54.2860984802,-130.445007324,116.0,yes,medium_airport,no,https://en.wikipedia.org/wiki/Prince_Rupert_Airport
Prince Said Ibrahim International Airport,KM,KM-G,AF,Moroni,HAH,FMCH,-11.5337,43.2719,93.0,yes,large_airport,yes,https://en.wikipedia.org/wiki/Prince_Said_Ibrahim_International_Airport
Prince Sultan bin Abdulaziz International Airport,SA,SA-07,AS,Tabuk,TUU,OETB,28.3711,36.624865,2551.0,yes,large_airport,yes,https://en.wikipedia.org/wiki/Prince_Sultan_bin_Abdulaziz_Airport
Princess Juliana International Airport,SX,SX-U-A,NA,Sint Maarten,SXM,TNCM,18.041,-63.108898,13.0,yes,large_airport,yes,https://en.wikipedia.org/wiki/Princess_Juliana_International_Airport
Priština Adem Jashari International Airport,XK,XK-01,EU,Prishtina,PRN,BKPR,42.5728,21.035801,1789.0,yes,large_airport,yes,https://en.wikipedia.org/wiki/Pristina_International_Airport
Prof. Eribelto Manoel Reino State Airport,BR,BR-SP,SA,São José do Rio Preto,SJP,SBSR,-20.817113,-49.406963,1784.0,yes,medium_airport,no,https://en.wikipedia.org/wiki/S%C3%A3o_Jos%C3%A9_do_Rio_Preto_Airport
Professor Urbano Ernesto Stumpf Airport,BR,BR-SP,SA,São José Dos Campos,SJK,SBSJ,-23.2292,-45.8615,2120.0,yes,medium_airport,no,https://en.wikipedia.org/wiki/S%C3%A3o_Jos%C3%A9_dos_Campos_Regional_Airport
Proserpine Whitsunday Coast Airport,AU,AU-QLD,OC,Proserpine,PPP,YBPN,-20.494416,148.553583,82.0,yes,medium_airport,no,https://en.wikipedia.org/wiki/Proserpine_/_Whitsunday_Coast_Airport
Providenciales International Airport,TC,TC-PR,NA,Providenciales,PLS,MBPV,21.773697,-72.268321,15.0,yes,large_airport,yes,https://en.wikipedia.org/wiki/Providenciales_International_Airport
Provincetown Municipal Airport,US,US-MA,NA,Provincetown,PVC,KPVC,42.0718994141,-70.2213973999,9.0,no,small_airport,no,https://en.wikipedia.org/wiki/Provincetown_Municipal_Airport
Provo Municipal Airport,US,US-UT,NA,Provo,PVU,KPVU,40.218894,-111.722445,4497.0,yes,medium_airport,no,https://en.wikipedia.org/wiki/Provo_Municipal_Airport
Pu'er Simao Airport,CN,CN-53,AS,Pu'er,SYM,ZPSM,22.793301,100.959,,yes,small_airport,no,https://en.wikipedia.org/wiki/Pu%27er_Simao_Airport
Pueblo Memorial Airport,US,US-CO,NA,Pueblo,PUB,KPUB,38.289101,-104.497002,4726.0,yes,medium_airport,no,https://en.wikipedia.org/wiki/Pueblo_Memorial_Airport
Puerto Escondido International Airport,MX,MX-OAX,NA,Puerto Escondido,PXM,MMPS,15.876808,-97.0891,294.0,yes,medium_airport,yes,https://en.wikipedia.org/wiki/Puerto_Escondido_International_Airport
Puerto Jimenez Airport,CR,CR-P,NA,Puerto Jimenez,PJM,MRPJ,8.533329963684082,-83.30000305175781,7.0,yes,medium_airport,no,https://en.wikipedia.org/wiki/Puerto_Jimenez_Airport
Puerto Lempira Airport,HN,HN-GD,NA,Puerto Lempira,PEU,MHPL,15.2622,-83.781197,33.0,yes,small_airport,no,https://en.wikipedia.org/wiki/Puerto_Lempira_Airport
Puerto Obaldía Airport,PA,PA-GY,NA,Puerto Obaldía,PUE,MPOA,8.668813,-77.417399,223.0,no,small_airport,no,https://en.wikipedia.org/wiki/Puerto_Obaldia_Airport
Puerto Princesa International Airport / PAF Antonio Bautista Air Base,PH,PH-PLW,AS,Puerto Princesa,PPS,RPVP,9.742044,118.75911,71.0,yes,large_airport,yes,https://en.wikipedia.org/wiki/Puerto_Princesa_Airport
Puerto Vallarta International Airport,MX,MX-JAL,NA,Puerto Vallarta,PVR,MMPR,20.679913,-105.254391,23.0,yes,large_airport,yes,https://en.wikipedia.org/wiki/Lic._Gustavo_D%C3%ADaz_Ordaz_International_Airport
Pula Airport,HR,HR-18,EU,Pula,PUY,LDPL,44.893501,13.9222,274.0,yes,large_airport,yes,https://en.wikipedia.org/wiki/Pula_Airport
Pulkovo Airport,RU,RU-SPE,EU,St. Petersburg,LED,ULLI,59.800301,30.262501,78.0,yes,large_airport,yes,https://en.wikipedia.org/wiki/Pulkovo_Airport
Pullman-Moscow Regional Airport,US,US-WA,NA,Pullman,PUW,KPUW,46.741601,-117.11163,2556.0,yes,medium_airport,no,https://en.wikipedia.org/wiki/Pullman-Moscow_Regional_Airport
Pune International Airport,IN,IN-MM,AS,Pune,PNQ,VAPO,18.5821,73.919701,1942.0,yes,large_airport,yes,https://en.wikipedia.org/wiki/Pune_Airport
Punta Cana International Airport,DO,DO-11,NA,Punta Cana,PUJ,MDPC,18.567093,-68.364558,47.0,yes,large_airport,yes,https://en.wikipedia.org/wiki/Punta_Cana_International_Airport
Punta Gorda Airport,BZ,BZ-TOL,NA,Punta Gorda,PND,MZPG,16.1024,-88.808296,7.0,yes,small_airport,no,https://en.wikipedia.org/wiki/Punta_Gorda_Airport_(Belize)
Punta Gorda Airport,US,US-FL,NA,Punta Gorda,PGD,KPGD,26.9202,-81.990501,26.0,yes,medium_airport,no,https://en.wikipedia.org/wiki/Punta_Gorda_Airport_(Florida)
Putao Airport,MM,MM-11,AS,Putao,PBU,VYPT,27.32990074157715,97.42630004882812,1500.0,yes,medium_airport,no,https://en.wikipedia.org/wiki/Putao_Airport
Puvirnituq Airport,CA,CA-QC,NA,Puvirnituq,YPX,CYPX,60.050598,-77.286903,74.0,yes,medium_airport,no,https://en.wikipedia.org/wiki/Puvirnituq_Airport
Pyongyang Sunan International Airport,KP,KP-01,AS,Pyongyang,FNJ,ZKPY,39.224098,125.669998,117.0,yes,large_airport,yes,https://en.wikipedia.org/wiki/Pyongyang_Sunan_International_Airport
Périgueux-Bassillac Airport,FR,FR-NAQ,EU,Périgueux/Bassillac,PGX,LFBX,45.198101,0.815556,328.0,no,medium_airport,no,https://en.wikipedia.org/wiki/P%C3%A9rigueux_Bassillac_Airport
Qaanaaq Airport,GL,GL-AV,NA,Qaanaaq,NAQ,BGQQ,77.488602,-69.388702,51.0,yes,medium_airport,no,https://en.wikipedia.org/wiki/Qaanaaq_Airport
Qaarsut Airport,GL,GL-AV,NA,Uummannaq,JQA,BGUQ,70.7342,-52.696201,289.0,yes,small_airport,no,https://en.wikipedia.org/wiki/Qaarsut_Airport
Qaisumah–Hafar Al-Batin International Airport,SA,SA-04,AS,Qaisumah,AQI,OEPA,28.335726,46.127108,1174.0,yes,large_airport,yes,https://en.wikipedia.org/wiki/Qaisumah%E2%80%93Hafar_Al-Batin_International_Airport
Qamdo Bangda Airport,CN,CN-54,AS,Bangda,BPX,ZUBD,30.553600311279297,97.1082992553711,14219.0,yes,medium_airport,no,https://en.wikipedia.org/wiki/Bangda_Airport
Qaqortoq Airport,GL,GL-KU,NA,Qaqortoq,JJU,BGQO,60.76383,-46.065001,505.0,yes,medium_airport,no,https://en.wikipedia.org/wiki/Qaqortoq_Airport
Qasem Soleimani International Airport,IR,IR-06,AS,Ahvaz,AWZ,OIAW,31.3364,48.763789,66.0,yes,large_airport,yes,https://en.wikipedia.org/wiki/Ahvaz_International_Airport
Qassimiut Heliport,GL,GL-KU,NA,Qassimiut,QJH,,60.780959,-47.156249,29.0,yes,heliport,no,https://en.wikipedia.org/wiki/Qassimiut_Heliport
Qeshm International Airport,IR,IR-22,AS,Qeshm(Dayrestan),GSM,OIKQ,26.754639,55.902353,45.0,yes,large_airport,yes,https://en.wikipedia.org/wiki/Qeshm_International_Airport
Qianjiang Wulingshan Airport,CN,CN-50,AS,Qianjiang,JIQ,ZUQJ,29.5133333333,108.831111111,2075.0,yes,medium_airport,no,https://en.wikipedia.org/wiki/Qianjiang_Wulingshan_Airport
Qikiqtarjuaq Airport,CA,CA-NU,NA,Qikiqtarjuaq,YVM,CYVM,67.54656,-64.03141,21.0,yes,small_airport,no,https://en.wikipedia.org/wiki/Qikiqtarjuaq_Airport
Qingdao Jiaodong International Airport,CN,CN-37,AS,Qingdao (Jiaozhou),TAO,ZSQD,36.361953,120.088171,30.0,yes,large_airport,yes,https://en.wikipedia.org/wiki/Qingdao_Jiaodong_International_Airport
Qingyang Xifeng Airport,CN,CN-62,AS,Qingyang (Xifeng),IQN,ZLQY,35.802638,107.598896,,yes,medium_airport,no,https://en.wikipedia.org/wiki/Qingyang_Airport
Qiqihar Sanjiazi Airport,CN,CN-23,AS,Qiqihar,NDG,ZYQQ,47.229969,123.914179,477.0,yes,large_airport,yes,https://en.wikipedia.org/wiki/Qiqihar_Airport
Quad City International Airport,US,US-IL,NA,Moline,MLI,KMLI,41.448502,-90.5075,590.0,yes,medium_airport,no,https://en.wikipedia.org/wiki/Quad_City_International_Airport
Quanzhou Jinjiang International Airport,CN,CN-35,AS,Quanzhou,JJN,ZSQZ,24.795855,118.588599,39.0,yes,large_airport,yes,https://en.wikipedia.org/wiki/Quanzhou_Jinjiang_International_Airport
Quaqtaq Airport,CA,CA-QC,NA,Quaqtaq,YQC,CYHA,61.046398,-69.617798,103.0,yes,small_airport,no,https://en.wikipedia.org/wiki/Quaqtaq_Airport
Quatro de Fevereiro International Airport,AO,AO-LUA,AF,Luanda,LAD,FNLU,-8.85837,13.2312,243.0,yes,large_airport,yes,https://en.wikipedia.org/wiki/Quatro_de_Fevereiro_Airport
Quebec Jean Lesage International Airport,CA,CA-QC,NA,Quebec,YQB,CYQB,46.7911,-71.393303,244.0,yes,large_airport,yes,https://en.wikipedia.org/wiki/Qu%C3%A9bec/Jean_Lesage_International_Airport
Queen Alia International Airport,JO,JO-AM,AS,Amman,AMM,OJAI,31.7226009369,35.9931983948,2395.0,yes,large_airport,yes,https://en.wikipedia.org/wiki/Queen_Alia_International_Airport
Queen Beatrix International Airport,AW,AW-U-A,NA,Oranjestad,AUA,TNCA,12.501056,-70.014281,60.0,yes,large_airport,yes,https://en.wikipedia.org/wiki/Queen_Beatrix_International_Airport
Queenstown Airport,NZ,NZ-OTA,OC,Queenstown,ZQN,NZQN,-45.019205,168.746379,1171.0,yes,large_airport,yes,https://en.wikipedia.org/wiki/Queenstown_International_Airport
Quelimane Airport,MZ,MZ-Q,AF,Quelimane,UEL,FQQL,-17.855499267578125,36.86909866333008,36.0,yes,medium_airport,no,https://en.wikipedia.org/wiki/Quelimane_Airport
Quepos Managua Airport,CR,CR-P,NA,Quepos,XQP,MRQP,9.44316,-84.129799,85.0,yes,medium_airport,no,https://en.wikipedia.org/wiki/Quepos_Managua_Airport
Querétaro Intercontinental Airport,MX,MX-QUE,NA,Querétaro,QRO,MMQT,20.618779,-100.186449,6296.0,yes,large_airport,yes,https://en.wikipedia.org/wiki/Quer%C3%A9taro_International_Airport
Quesnel Airport,CA,CA-BC,NA,Quesnel,YQZ,CYQZ,53.026100158691406,-122.51000213623048,1789.0,yes,medium_airport,no,https://en.wikipedia.org/wiki/Quesnel_Airport
Quetta International Airport,PK,PK-BA,AS,Quetta,UET,OPQT,30.2514,66.937798,5267.0,yes,large_airport,yes,https://en.wikipedia.org/wiki/Quetta_International_Airport
Quetzalcóatl International Airport,MX,MX-TAM,NA,Nuevo Laredo,NLD,MMNL,27.443899,-99.570503,484.0,yes,medium_airport,no,https://en.wikipedia.org/wiki/Quetzalc%C3%B3atl_International_Airport
Quilpie Airport,AU,AU-QLD,OC,,ULP,YQLP,-26.609176,144.253746,655.0,yes,medium_airport,no,https://en.wikipedia.org/wiki/Quilpie_Airport
Quimper-Cornouaille Airport,FR,FR-BRE,EU,Quimper/Pluguffan,UIP,LFRQ,47.973031,-4.169655,297.0,no,medium_airport,no,https://en.wikipedia.org/wiki/Quimper_-_Cornouaille_Airport
Quincy Regional Airport Baldwin Field,US,US-IL,NA,Quincy,UIN,KUIN,39.942699,-91.194603,768.0,yes,medium_airport,no,https://en.wikipedia.org/wiki/Quincy_Regional_Airport
Quinhagak Airport,US,US-AK,NA,Quinhagak,KWN,PAQH,59.7551,-161.845,42.0,yes,small_airport,no,https://en.wikipedia.org/wiki/Quinhagak_Airport
Quzhou Airport,CN,CN-33,AS,Quzhou (Kezheng),JUZ,ZSJU,28.96613,118.898793,213.0,yes,medium_airport,no,https://en.wikipedia.org/wiki/Quzhou_Airport
RAAF Base Curtin,AU,AU-WA,OC,Derby,DCN,YCIN,-17.581389,123.828333,300.0,no,medium_airport,no,https://en.wikipedia.org/wiki/RAAF_Curtin
Rabat-Salé Airport,MA,MA-04,AF,Rabat,RBA,GMME,34.051498,-6.75152,276.0,yes,large_airport,yes,https://en.wikipedia.org/wiki/Sale_Airport
Rach Gia Airport,VN,VN-SW,AS,Rach Gia,VKG,VVRG,9.95802997234,105.132379532,7.0,yes,medium_airport,no,https://en.wikipedia.org/wiki/Rach_Gia_Airport
Radin Inten II International Airport,ID,ID-LA,AS,Bandar Lampung,TKG,WILL,-5.246803,105.182531,282.0,yes,medium_airport,yes,https://en.wikipedia.org/wiki/Radin_Inten_II_International_Airport
Rae Lakes Airport,CA,CA-NT,NA,Gamètì,YRA,CYRA,64.116096,-117.309998,723.0,yes,small_airport,no,https://en.wikipedia.org/wiki/Gam%C3%A8t%C3%AC/Rae_Lakes_Airport
Rafael Hernández International Airport,PR,PR-U-A,NA,Aguadilla,BQN,TJBQ,18.4949,-67.129402,237.0,yes,medium_airport,yes,https://en.wikipedia.org/wiki/Rafael_Hern%C3%A1ndez_Airport
Rafael Nuñez International Airport,CO,CO-BOL,SA,Cartagena,CTG,SKCG,10.4424,-75.513,4.0,yes,large_airport,yes,https://en.wikipedia.org/wiki/Rafael_N%C3%BA%C3%B1ez_International_Airport
Rafha Domestic Airport,SA,SA-08,AS,Rafha,RAH,OERF,29.626399993896484,43.4906005859375,1474.0,yes,medium_airport,no,https://en.wikipedia.org/wiki/Rafha_Domestic_Airport
Rahadi Osman Airport,ID,ID-KB,AS,Ketapang,KTG,WIOK,-1.817165,109.963469,46.0,yes,medium_airport,no,https://en.wikipedia.org/wiki/Rahadi_Osman_Airport
Raiatea Airport,PF,PF-U-A,OC,Uturoa,RFP,NTTR,-16.7229,-151.466003,3.0,yes,medium_airport,no,https://en.wikipedia.org/wiki/Raiatea_Airport
Rainbow Lake Airport,CA,CA-AB,NA,Rainbow Lake,YOP,CYOP,58.491402,-119.407997,1759.0,no,medium_airport,no,https://en.wikipedia.org/wiki/Rainbow_Lake_Airport
Raivavae Airport,PF,PF-U-A,OC,,RVV,NTAV,-23.885201,-147.662003,7.0,yes,small_airport,no,https://en.wikipedia.org/wiki/Raivavae_Airport
Raja Bhoj International Airport,IN,IN-MP,AS,Bhopal,BHO,VABP,23.2875,77.337402,1711.0,yes,large_airport,yes,https://en.wikipedia.org/wiki/Bhopal_Airport
Raja Haji Fisabilillah International Airport,ID,ID-KR,AS,Tanjung Pinang-Bintan Island,TNJ,WIDN,0.92397,104.53341,52.0,yes,medium_airport,no,https://en.wikipedia.org/wiki/Raja_Haji_Fisabilillah_Airport
Rajahmundry Airport,IN,IN-AP,AS,Madhurapudi,RJA,VORY,17.105799,81.813204,151.0,yes,medium_airport,no,https://en.wikipedia.org/wiki/Rajahmundry_Airport
Rajiv Gandhi International Airport,IN,IN-TG,AS,Hyderabad,HYD,VOHS,17.231318,78.429855,2024.0,yes,large_airport,yes,https://en.wikipedia.org/wiki/Rajiv_Gandhi_International_Airport
Rajkot Airport,IN,IN-GJ,AS,Rajkot,RAJ,VARK,22.3092,70.779503,441.0,no,medium_airport,no,https://en.wikipedia.org/wiki/Rajkot_Airport
Raleigh County Memorial Airport,US,US-WV,NA,Beaver,BKW,KBKW,37.7873,-81.124199,2504.0,yes,medium_airport,no,https://en.wikipedia.org/wiki/Beckley_Raleigh_County_Memorial_Airport
Raleigh-Durham International Airport,US,US-NC,NA,Raleigh/Durham,RDU,KRDU,35.878659,-78.7873,435.0,yes,large_airport,yes,https://en.wikipedia.org/wiki/Raleigh-Durham_International_Airport
Ralph M Calhoun Memorial Airport,US,US-AK,NA,Tanana,TAL,PATA,65.1744,-152.108994,236.0,yes,small_airport,no,https://en.wikipedia.org/wiki/Ralph_M._Calhoun_Memorial_Airport
Ralph Wien Memorial Airport,US,US-AK,NA,Kotzebue,OTZ,PAOT,66.88469696,-162.598999,14.0,yes,medium_airport,no,https://en.wikipedia.org/wiki/Ralph_Wien_Memorial_Airport
Ramata Airport,SB,SB-WE,OC,Ramata,RBV,AGRM,-8.168060302734375,157.64300537109375,,yes,small_airport,no,https://en.wikipedia.org/wiki/Ramata_Airport
Rampart Airport,US,US-AK,NA,Rampart,RMP,PFMP,65.507896,-150.141007,302.0,yes,small_airport,no,https://en.wikipedia.org/wiki/Rampart_Airport
Ramsar Airport,IR,IR-02,AS,Ramsar,RZR,OINR,36.90701,50.687316,-70.0,yes,medium_airport,no,https://en.wikipedia.org/wiki/Ramsar_Airport
Ramón Villeda Morales International Airport,HN,HN-CR,NA,San Pedro Sula,SAP,MHLM,15.4526,-87.923599,91.0,yes,large_airport,yes,https://en.wikipedia.org/wiki/Ram%C3%B3n_Villeda_Morales_International_Airport
Ranai Airport,ID,ID-KR,AS,Ranai-Natuna Besar Island,NTX,WIDO,3.90871,108.388,7.0,yes,medium_airport,no,https://en.wikipedia.org/wiki/Ranai_Airport
Range Regional Airport,US,US-MN,NA,Hibbing,HIB,KHIB,47.384831,-92.836905,1354.0,yes,medium_airport,no,https://en.wikipedia.org/wiki/Range_Regional_Airport
Rangiroa Airport,PF,PF-U-A,OC,,RGI,NTTG,-14.954299926757812,-147.66099548339844,10.0,yes,medium_airport,no,https://en.wikipedia.org/wiki/Rangiroa_Airport
Rankin Inlet Airport,CA,CA-NU,NA,Rankin Inlet,YRT,CYRT,62.8114013672,-92.1157989502,94.0,yes,medium_airport,no,https://en.wikipedia.org/wiki/Rankin_Inlet_Airport
Ranong Airport,TH,TH-85,AS,Ranong,UNN,VTSR,9.77762,98.585503,57.0,yes,medium_airport,no,https://en.wikipedia.org/wiki/Ranong_Airport
Rapid City Regional Airport,US,US-SD,NA,Rapid City,RAP,KRAP,44.0452995300293,-103.05699920654295,3204.0,yes,medium_airport,no,https://en.wikipedia.org/wiki/Rapid_City_Regional_Airport
Rar Gwamar Airport,ID,ID-MA,AS,Dobo-Warmar Island,DOB,WAPD,-5.773724,134.209245,61.0,no,small_airport,no,https://en.wikipedia.org/wiki/Dobo_Airport
Rarotonga International Airport,CK,CK-U-A,OC,Avarua,RAR,NCRG,-21.2027,-159.806,19.0,yes,large_airport,yes,https://en.wikipedia.org/wiki/Rarotonga_International_Airport
Raul Arias Espinoza Airport,PA,PA-8,NA,Contadora Island,OTD,MPRA,8.62876,-79.034698,43.0,yes,small_airport,no,https://en.wikipedia.org/wiki/Contadora_Airport
Ravensthorpe Airport,AU,AU-WA,OC,,RVT,YNRV,-33.7971992493,120.208000183,197.0,no,small_airport,no,https://en.wikipedia.org/wiki/Ravensthorpe_Airport
Recife/Guararapes - Gilberto Freyre International Airport,BR,BR-PE,SA,Recife,REC,SBRF,-8.12747,-34.922961,33.0,yes,large_airport,yes,https://en.wikipedia.org/wiki/Recife/Guararapes%E2%80%93Gilberto_Freyre_International_Airport
Red Deer Regional Airport,CA,CA-AB,NA,Springbrook,YQF,CYQF,52.182201,-113.893997,2968.0,no,medium_airport,no,https://en.wikipedia.org/wiki/Red_Deer_Regional_Airport
Red Devil Airport,US,US-AK,NA,Red Devil,RDV,,61.788101,-157.350006,174.0,yes,small_airport,no,https://en.wikipedia.org/wiki/Red_Devil_Airport
Red Lake Airport,CA,CA-ON,NA,Red Lake,YRL,CYRL,51.066898345947266,-93.79309844970705,1265.0,yes,medium_airport,no,https://en.wikipedia.org/wiki/Red_Lake_Airport
Redding Municipal Airport,US,US-CA,NA,Redding,RDD,KRDD,40.50899887,-122.2929993,505.0,yes,medium_airport,no,https://en.wikipedia.org/wiki/Redding_Municipal_Airport
Redenção Airport,BR,BR-PA,SA,Redenção,RDC,SNDC,-8.031188,-49.979687,679.0,no,small_airport,no,https://en.wikipedia.org/wiki/Reden%C3%A7%C3%A3o_Airport
Reggio Calabria Airport,IT,IT-78,EU,Reggio Calabria,REG,LICR,38.071201,15.6516,96.0,yes,medium_airport,no,https://en.wikipedia.org/wiki/Reggio_Calabria_Airport
Regina International Airport,CA,CA-SK,NA,Regina,YQR,CYQR,50.431938,-104.660906,1894.0,yes,medium_airport,yes,https://en.wikipedia.org/wiki/Regina_International_Airport
Region of Waterloo International Airport,CA,CA-ON,NA,Breslau,YKF,CYKF,43.4608,-80.378601,1054.0,yes,medium_airport,yes,https://en.wikipedia.org/wiki/Region_of_Waterloo_International_Airport
Regional de Maringá - Sílvio Name Júnior Airport,BR,BR-PR,SA,Maringá,MGF,SBMG,-23.47606,-52.016187,1801.0,yes,medium_airport,no,https://en.wikipedia.org/wiki/Maring%C3%A1_Domestic_Airport
Rendani Airport,ID,ID-PB,AS,Manokwari,MKW,WAUU,-0.891833,134.048996,23.0,yes,medium_airport,no,https://en.wikipedia.org/wiki/Rendani_Airport
Rennell/Tingoa Airport,SB,SB-RB,OC,Rennell Island,RNL,AGGR,-11.55,160.062778,550.0,yes,small_airport,no,https://en.wikipedia.org/wiki/Tingoa_Airport
Rennes-Saint-Jacques Airport,FR,FR-BRE,EU,"Saint-Jacques-de-la-Lande, Ille-et-Vilaine",RNS,LFRN,48.0695,-1.73479,124.0,yes,medium_airport,no,https://en.wikipedia.org/wiki/Rennes_-_Saint-Jacques_Airport
Reno Tahoe International Airport,US,US-NV,NA,Reno,RNO,KRNO,39.4991,-119.767998,4415.0,yes,large_airport,yes,https://en.wikipedia.org/wiki/Reno-Tahoe_International_Airport
Resistencia International Airport,AR,AR-H,SA,Resistencia,RES,SARE,-27.44991,-59.056125,173.0,yes,large_airport,yes,https://en.wikipedia.org/wiki/Resistencia_International_Airport
Resolute Bay Airport,CA,CA-NU,NA,Resolute Bay,YRB,CYRB,74.7169036865,-94.9693984985,215.0,yes,medium_airport,no,https://en.wikipedia.org/wiki/Resolute_Bay_Airport
Reus Airport,ES,ES-CT,EU,Reus,REU,LERS,41.147509,1.168354,233.0,yes,large_airport,yes,https://en.wikipedia.org/wiki/Reus_Airport
Reyes Murillo Airport,CO,CO-CHO,SA,Nuquí,NQU,SKNQ,5.710348,-77.261868,12.0,yes,small_airport,no,https://en.wikipedia.org/wiki/Reyes_Murillo_Airport
Reykjavík Domestic Airport,IS,IS-1,EU,Reykjavík,RKV,BIRK,64.128732,-21.93759,48.0,yes,medium_airport,no,https://en.wikipedia.org/wiki/Reykjav%C3%ADk_Airport
Rhinelander Oneida County Airport,US,US-WI,NA,Rhinelander,RHI,KRHI,45.63119888305664,-89.46749877929688,1624.0,yes,medium_airport,no,https://en.wikipedia.org/wiki/Rhinelander-Oneida_County_Airport
Rhode Island T. F. Green International Airport,US,US-RI,NA,Providence/Warwick,PVD,KPVD,41.725038,-71.425668,55.0,yes,large_airport,yes,https://en.wikipedia.org/wiki/T._F._Green_Airport
"Rhodes International Airport ""Diagoras""",GR,GR-L,AS,Rhodes,RHO,LGRP,36.405399,28.086201,17.0,yes,large_airport,yes,https://en.wikipedia.org/wiki/Rhodes_International_Airport
Richards Bay Airport,ZA,ZA-NL,AF,Richards Bay,RCB,FARB,-28.740999221800003,32.0920982361,109.0,yes,medium_airport,no,https://en.wikipedia.org/wiki/Richards_Bay_Airport
Richmond Airport,AU,AU-QLD,OC,,RCM,YRMD,-20.701900482177734,143.11500549316406,676.0,yes,small_airport,no,https://en.wikipedia.org/wiki/Richmond_Airport
Richmond International Airport,US,US-VA,NA,Richmond,RIC,KRIC,37.505199,-77.319702,167.0,yes,large_airport,yes,https://en.wikipedia.org/wiki/Richmond_International_Airport
Rick Husband Amarillo International Airport,US,US-TX,NA,Amarillo,AMA,KAMA,35.217857,-101.706444,3607.0,yes,medium_airport,yes,https://en.wikipedia.org/wiki/Rick_Husband_Amarillo_International_Airport
Rickenbacker International Airport,US,US-OH,NA,Columbus,LCK,KLCK,39.813801,-82.927803,744.0,yes,medium_airport,no,https://en.wikipedia.org/wiki/Rickenbacker_International_Airport
Riga International Airport,LV,LV-062,EU,Riga,RIX,EVRA,56.920752,23.970711,36.0,yes,large_airport,yes,https://en.wikipedia.org/wiki/Riga_International_Airport
Rigolet Airport,CA,CA-NL,NA,Rigolet,YRG,,54.1796989440918,-58.45750045776367,180.0,yes,small_airport,no,https://en.wikipedia.org/wiki/Rigolet_Airport
Rijeka Airport,HR,HR-08,EU,Rijeka(Omišalj),RJK,LDRI,45.216376,14.57085,278.0,yes,large_airport,yes,https://en.wikipedia.org/wiki/Rijeka_Airport
Rimatara Airport,PF,PF-U-A,OC,Rimatara Island,RMT,NTAM,-22.63725,-152.8059,60.0,yes,small_airport,no,https://en.wikipedia.org/wiki/Rimatara_Airport
Rio Branco-Plácido de Castro International Airport,BR,BR-AC,SA,Rio Branco,RBR,SBRB,-9.869031,-67.893984,633.0,yes,large_airport,yes,https://en.wikipedia.org/wiki/Rio_Branco_International_Airport
Rio Galeão – Tom Jobim International Airport,BR,BR-RJ,SA,Rio De Janeiro,GIG,SBGL,-22.809999,-43.250557,28.0,yes,large_airport,yes,https://en.wikipedia.org/wiki/Rio_de_Janeiro-Gale%C3%A3o_International_Airport
Rio Grande Regional Airport,BR,BR-RS,SA,Rio Grande,RIG,,-32.083065,-52.167184,27.0,no,small_airport,no,https://en.wikipedia.org/wiki/Rio_Grande_Airport
Rio Grande do Norte/São Gonçalo do Amarante–Governador Aluízio Alves International Airport,BR,BR-RN,SA,Natal,NAT,SBSG,-5.769822,-35.36661,273.0,yes,large_airport,yes,https://en.wikipedia.org/wiki/Greater_Natal_International_Airport
Riyan International Airport,YE,YE-HD,AS,Mukalla(Riyan),RIY,OYRN,14.662241,49.375289,54.0,yes,large_airport,yes,https://en.m.wikipedia.org/wiki/Riyan_International_Airport
Roanoke–Blacksburg Regional Airport,US,US-VA,NA,Roanoke,ROA,KROA,37.3255,-79.975403,1175.0,yes,medium_airport,no,https://en.wikipedia.org/wiki/Roanoke%E2%80%93Blacksburg_Regional_Airport
Robert (Bob) Curtis Memorial Airport,US,US-AK,NA,Noorvik,ORV,PFNO,66.817902,-161.018997,55.0,yes,small_airport,no,https://en.wikipedia.org/wiki/Robert_(Bob)_Curtis_Memorial_Airport
Robert Gabriel Mugabe International Airport,ZW,ZW-HA,AF,Harare,HRE,FVRG,-17.931801,31.0928,4887.0,yes,large_airport,yes,https://en.wikipedia.org/wiki/Harare_International_Airport
Robert L. Bradshaw International Airport,KN,KN-U-A,NA,Basseterre,SKB,TKPK,17.310845,-62.719117,170.0,yes,large_airport,yes,https://en.wikipedia.org/wiki/Robert_L._Bradshaw_International_Airport
Roberts Field,US,US-OR,NA,Redmond,RDM,KRDM,44.254101,-121.150002,3080.0,yes,medium_airport,no,https://en.wikipedia.org/wiki/Roberts_Field
Roberts International Airport,LR,LR-MG,AF,Monrovia,ROB,GLRB,6.23379,-10.3623,31.0,yes,large_airport,yes,https://en.wikipedia.org/wiki/Roberts_International_Airport
Roche Harbor Airport,US,US-WA,NA,Roche Harbor,RCE,,48.612301,-123.139,100.0,yes,small_airport,no,https://en.wikipedia.org/wiki/Roche_Harbor_Airport
Rochester International Airport,US,US-MN,NA,Rochester,RST,KRST,43.908298,-92.5,1317.0,yes,medium_airport,yes,https://en.wikipedia.org/wiki/Rochester_International_Airport
Rock Sound International Airport,BS,BS-SE,NA,Rock Sound,RSD,MYER,24.89165,-76.177602,10.0,yes,medium_airport,yes,https://en.wikipedia.org/wiki/Rock_Sound_International_Airport
Rockhampton Airport,AU,AU-QLD,OC,Rockhampton,ROK,YBRK,-23.380019,150.475359,34.0,yes,medium_airport,no,https://en.wikipedia.org/wiki/Rockhampton_Airport
Rodez–Aveyron Airport,FR,FR-OCC,EU,Rodez/Marcillac,RDZ,LFCR,44.407902,2.48267,1910.0,yes,medium_airport,yes,https://en.wikipedia.org/wiki/Rodez%E2%80%93Aveyron_Airport
Rodríguez Ballón International Airport,PE,PE-ARE,SA,Arequipa,AQP,SPQU,-16.340786,-71.569485,8405.0,yes,large_airport,yes,https://en.wikipedia.org/wiki/Rodriguez_Ballon_International_Airport
Rogue Valley International-Medford Airport,US,US-OR,NA,Medford,MFR,KMFR,42.374199,-122.873001,1335.0,yes,medium_airport,no,https://en.wikipedia.org/wiki/Rogue_Valley_International-Medford_Airport
Roi Et Airport,TH,TH-45,AS,Roi Et,ROI,VTUV,16.1168,103.774002,451.0,yes,medium_airport,no,https://en.wikipedia.org/wiki/Roi_Et_Airport
Roland Garros Airport,RE,RE-SD,AF,Sainte-Marie,RUN,FMEE,-20.890087,55.518894,66.0,yes,large_airport,yes,https://en.wikipedia.org/wiki/Roland_Garros_Airport
Roma Airport,AU,AU-QLD,OC,Roma,RMA,YROM,-26.545000076300003,148.774993896,1032.0,yes,medium_airport,no,https://en.wikipedia.org/wiki/Roma_Airport
Roman Tmetuchl International Airport,PW,PW-004,OC,Babelthuap Island,ROR,PTRO,7.366965,134.544085,176.0,yes,large_airport,yes,https://en.wikipedia.org/wiki/Palau_International_Airport
Romeu Zema Airport,BR,BR-MG,SA,Araxá,AAX,SBAX,-19.5632,-46.9604,3276.0,yes,medium_airport,no,https://en.wikipedia.org/wiki/Arax%C3%A1_Airport
Rome–Fiumicino Leonardo da Vinci International Airport,IT,IT-62,EU,Rome,FCO,LIRF,41.804532,12.251998,13.0,yes,large_airport,yes,https://en.wikipedia.org/wiki/Rome_Fiumicino_Airport
Ronald Reagan Washington National Airport,US,US-DC,NA,Washington,DCA,KDCA,38.8521,-77.037697,15.0,yes,large_airport,yes,https://en.wikipedia.org/wiki/Ronald_Reagan_Washington_National_Airport
Ronneby Airport,SE,SE-K,EU,Ronneby,RNB,ESDF,56.266701,15.265,191.0,yes,medium_airport,no,https://en.wikipedia.org/wiki/Ronneby_Airport
Rosario Islas Malvinas International Airport,AR,AR-S,SA,Rosario,ROS,SAAR,-32.9036,-60.785,85.0,yes,large_airport,yes,https://en.wikipedia.org/wiki/Rosario_International_Airport
Roshchino International Airport,RU,RU-TYU,AS,Tyumen,TJM,USTR,57.178984,65.327696,378.0,yes,large_airport,yes,https://en.wikipedia.org/wiki/Roschino_International_Airport
Rostock-Laage Airport,DE,DE-MV,EU,Laage,RLG,ETNL,53.918201,12.2783,138.0,yes,medium_airport,no,https://en.wikipedia.org/wiki/Rostock-Laage_Airport
Roswell Air Center Airport,US,US-NM,NA,Roswell,ROW,KROW,33.301601,-104.530998,3671.0,yes,medium_airport,no,https://en.wikipedia.org/wiki/Roswell_International_Air_Center
Rota International Airport,MP,MP-U-A,OC,Rota Island,ROP,PGRO,14.173267,145.241103,607.0,yes,large_airport,yes,https://en.wikipedia.org/wiki/Rota_International_Airport
Rotorua Regional Airport,NZ,NZ-BOP,OC,Rotorua,ROT,NZRO,-38.1092,176.317001,935.0,yes,medium_airport,no,https://en.wikipedia.org/wiki/Rotorua_Regional_Airport
Rotterdam The Hague Airport,NL,NL-ZH,EU,Rotterdam,RTM,EHRD,51.956902,4.43722,-15.0,yes,large_airport,yes,https://en.wikipedia.org/wiki/Rotterdam_The_Hague_Airport
Rotuma Airport,FJ,FJ-R,OC,Rotuma,RTA,NFNR,-12.482500076293944,177.0709991455078,22.0,yes,small_airport,no,https://en.wikipedia.org/wiki/Rotuma_Island_Airport
Round Lake (Weagamow Lake) Airport,CA,CA-ON,NA,Round Lake,ZRJ,CZRJ,52.9436,-91.312798,974.0,yes,small_airport,no,https://en.wikipedia.org/wiki/Round_Lake_(Weagamow_Lake)_Airport
Rouyn Noranda Airport,CA,CA-QC,NA,Rouyn-Noranda,YUY,CYUY,48.20610046386719,-78.83560180664062,988.0,yes,medium_airport,no,https://en.wikipedia.org/wiki/Rouyn-Noranda_Airport
Rovaniemi Airport,FI,FI-10,EU,Rovaniemi,RVN,EFRO,66.563327,25.829751,642.0,yes,large_airport,yes,https://en.wikipedia.org/wiki/Rovaniemi_Airport
Roxas Airport,PH,PH-CAP,AS,Roxas City,RXS,RPVR,11.597700119018556,122.7519989013672,10.0,yes,medium_airport,no,https://en.wikipedia.org/wiki/Roxas_Airport
Rubem Berta Airport,BR,BR-RS,SA,Uruguaiana,URG,SBUG,-29.7822,-57.0382,256.0,yes,medium_airport,no,https://en.wikipedia.org/wiki/Ruben_Berta_International_Airport
Ruby Airport,US,US-AK,NA,Ruby,RBY,PARY,64.727203,-155.470001,658.0,yes,medium_airport,no,https://en.wikipedia.org/wiki/Ruby_Airport
Rum Cay International Airport,BS,BS-RC,NA,Port Nelson,RCY,MYRP,23.68344,-74.836302,15.0,no,small_airport,no,https://en.wikipedia.org/wiki/Port_Nelson_Airport
Rundu Airport,NA,NA-KE,AF,Rundu,NDU,FYRU,-17.956499,19.7194,3627.0,yes,medium_airport,no,"http://ourairports.com/airports/FYRU/#lat=-17.956499099731445,lon=19.71940040588379,zoom=13,type=Satellite,airport=FYRU"
Rurrenabaque Airport,BO,BO-B,SA,Rurrenabaque,RBQ,SLRQ,-14.4279,-67.496803,676.0,yes,small_airport,no,https://en.wikipedia.org/wiki/Rurrenabaque_Airport
Rurutu Airport,PF,PF-U-A,OC,,RUR,NTAR,-22.434099197387695,-151.36099243164062,18.0,yes,medium_airport,no,https://en.wikipedia.org/wiki/Rurutu_Airport
Russian Mission Airport,US,US-AK,NA,Russian Mission,RSH,PARS,61.775071,-161.319466,51.0,yes,small_airport,no,https://en.wikipedia.org/wiki/Russian_Mission_Airport
Rutland - Southern Vermont Regional Airport,US,US-VT,NA,Rutland,RUT,KRUT,43.5294,-72.9496,787.0,yes,medium_airport,no,https://en.wikipedia.org/wiki/Rutland_State_Airport
Rzeszów-Jasionka Airport,PL,PL-PK,EU,Jasionka,RZE,EPRZ,50.109791,22.024155,693.0,yes,large_airport,yes,https://en.wikipedia.org/wiki/Rzesz%C3%B3w-Jasionka_Airport
Røros Airport,NO,NO-50,EU,Røros,RRS,ENRO,62.578399658203,11.342300415039,2054.0,yes,medium_airport,no,https://en.wikipedia.org/wiki/R%C3%B8ros_Airport
"Rørvik Airport, Ryum",NO,NO-50,EU,Rørvik,RVK,ENRM,64.838302612305,11.14610004425,14.0,yes,medium_airport,no,https://en.wikipedia.org/wiki/R%C3%B8rvik_Airport%2C_Ryum
Røst Airport,NO,NO-18,EU,Røst,RET,ENRS,67.526482,12.101575,7.0,yes,small_airport,no,https://en.wikipedia.org/wiki/R%C3%B8st_Airport
Saarbrücken Airport,DE,DE-SL,EU,Saarbrücken,SCN,EDDR,49.214545,7.109735,1058.0,yes,medium_airport,no,https://en.wikipedia.org/wiki/Saarbr%C3%BCcken_Airport
Saarloq Heliport,GL,GL-KU,NA,Saarloq,QOQ,BGSO,60.537778,-46.024722,,yes,heliport,no,https://en.wikipedia.org/wiki/Saarloq_Heliport
Saattut Heliport,GL,GL-AV,NA,Saattut,SAE,BGST,70.811172,-51.63129,131.0,yes,heliport,no,https://en.wikipedia.org/wiki/Saattut_Heliport
Sabzevar National Airport,IR,IR-09,AS,Sabzevar,AFZ,OIMS,36.16809844970703,57.59519958496094,3010.0,yes,medium_airport,no,https://en.wikipedia.org/wiki/Sabzevar_Airport
Sacheon Airport / Sacheon Air Base,KR,KR-48,AS,Sacheon,HIN,RKPS,35.088591,128.071747,25.0,yes,medium_airport,no,https://en.wikipedia.org/wiki/Sacheon_Airport
Sachigo Lake Airport,CA,CA-ON,NA,Sachigo Lake,ZPB,CZPB,53.890885,-92.195935,876.0,yes,small_airport,no,https://en.wikipedia.org/wiki/Sachigo_Lake_Airport
Sachs Harbour (David Nasogaluak Jr. Saaryuaq) Airport,CA,CA-NT,NA,Sachs Harbour,YSY,CYSY,71.993896,-125.242996,282.0,yes,small_airport,no,https://en.wikipedia.org/wiki/Sachs_Harbour_Airport
Sacramento International Airport,US,US-CA,NA,Sacramento,SMF,KSMF,38.6954,-121.591003,27.0,yes,large_airport,yes,https://en.wikipedia.org/wiki/Sacramento_International_Airport
Sadiq Abubakar III International Airport,NG,NG-SO,AF,Sokoto,SKO,DNSO,12.915729,5.207547,1010.0,yes,large_airport,yes,https://en.wikipedia.org/wiki/Sadiq_Abubakar_III_International_Airport
Saguenay-Bagotville Airport,CA,CA-QC,NA,Saguenay,YBG,CYBG,48.330123,-70.992012,522.0,yes,medium_airport,no,https://en.wikipedia.org/wiki/CFB_Bagotville
Saidpur Airport,BD,BD-E,AS,Saidpur,SPD,VGSD,25.759199,88.908897,125.0,yes,medium_airport,yes,https://en.wikipedia.org/wiki/Saidpur_Airport
Saint Cloud Regional Airport,US,US-MN,NA,Saint Cloud,STC,KSTC,45.5466,-94.059898,1031.0,yes,medium_airport,no,https://en.wikipedia.org/wiki/St._Cloud_Regional_Airport
Saint John Airport,CA,CA-NB,NA,Saint John,YSJ,CYSJ,45.31610107421875,-65.89029693603516,357.0,yes,medium_airport,yes,https://en.wikipedia.org/wiki/Saint_John_Airport
Saint-Pierre Pierrefonds Airport,RE,RE-SR,AF,Saint-Pierre,ZSE,FMEP,-21.319362,55.422506,59.0,yes,large_airport,no,https://en.wikipedia.org/wiki/Pierrefonds_Airport
Saint-Pierre Pointe-Blanche Airport,PM,PM-SP,NA,Saint-Pierre,FSP,LFVP,46.762651,-56.17499,27.0,yes,medium_airport,yes,https://en.wikipedia.org/wiki/Saint-Pierre_Airport
Saint-Étienne-Bouthéon Airport,FR,FR-ARA,EU,"Andrézieux-Bouthéon, Loire",EBU,LFMH,45.5406,4.29639,1325.0,no,medium_airport,yes,https://en.wikipedia.org/wiki/Saint-%C3%89tienne_-_Bouth%C3%A9on_Airport
Sainte Marie Airport,MG,MG-A,AF,Vohilava,SMS,FMMS,-17.093901,49.8158,7.0,yes,medium_airport,no,https://en.wikipedia.org/wiki/Saints_Marie_Airport
Saipan International Airport,MP,MP-U-A,OC,"I Fadang, Saipan",SPN,PGSN,15.119384,145.728848,215.0,yes,medium_airport,yes,https://en.wikipedia.org/wiki/Saipan_International_Airport
Sakkyryr Airport,RU,RU-SA,AS,Batagay-Alyta,SUK,,67.792,130.394,1686.0,yes,small_airport,no,https://en.wikipedia.org/wiki/Sakkyryr_Airport
Sakon Nakhon Airport,TH,TH-47,AS,,SNO,VTUI,17.195100784301758,104.11900329589844,529.0,yes,medium_airport,no,https://en.wikipedia.org/wiki/Sakon_Nakhon_Airport
Salak Airport,CM,CM-EN,AF,Maroua,MVR,FKKL,10.45139980316162,14.257399559020996,1390.0,yes,medium_airport,no,https://en.wikipedia.org/wiki/Salak_Airport
Salalah International Airport,OM,OM-ZU,AS,Salalah,SLL,OOSA,17.0387,54.091301,73.0,yes,large_airport,yes,https://en.wikipedia.org/wiki/Salalah_Airport
Salamanca Airport,ES,ES-CL,EU,Salamanca,SLM,LESA,40.952099,-5.50199,2595.0,yes,medium_airport,no,https://en.wikipedia.org/wiki/Salamanca_Airport
Salekhard Airport,RU,RU-YAN,AS,Salekhard,SLY,USDD,66.5907974243164,66.61100006103516,218.0,yes,medium_airport,no,https://en.wikipedia.org/wiki/Salekhard_Airport
Salina Municipal Airport,US,US-KS,NA,Salina,SLN,KSLN,38.79100036621094,-97.6521987915039,1288.0,yes,medium_airport,no,https://en.wikipedia.org/wiki/Salina_Municipal_Airport
Salisbury Ocean City Wicomico Regional Airport,US,US-MD,NA,Salisbury,SBY,KSBY,38.34049987792969,-75.51029968261719,52.0,yes,medium_airport,no,https://en.wikipedia.org/wiki/Wicomico_Regional_Airport
Salluit Airport,CA,CA-QC,NA,Salluit,YZG,CYZG,62.179401,-75.667198,743.0,yes,small_airport,no,https://en.wikipedia.org/wiki/Salluit_Airport
Salt Cay Airport,TC,TC-SL,NA,Salt Cay,SLX,MBSY,21.3330001831,-71.1999969482,3.0,yes,small_airport,no,https://en.wikipedia.org/wiki/Salt_Cay_Airport
Salt Lake City International Airport,US,US-UT,NA,Salt Lake City,SLC,KSLC,40.78886,-111.979866,4227.0,yes,large_airport,yes,https://en.wikipedia.org/wiki/Salt_Lake_City_International_Airport
Salzburg Airport,AT,AT-5,EU,Salzburg,SZG,LOWS,47.793301,13.0043,1411.0,yes,large_airport,yes,https://en.wikipedia.org/wiki/Salzburg_Airport
Sam Mbakwe International Cargo Airport,NG,NG-IM,AF,Owerri,QOW,DNIM,5.42706,7.20603,373.0,yes,medium_airport,no,https://en.wikipedia.org/wiki/Sam_Mbakwe_International_Cargo_Airport
Sam Ratulangi International Airport,ID,ID-SA,AS,Manado,MDC,WAMM,1.548591,124.92625,264.0,yes,large_airport,yes,https://en.wikipedia.org/wiki/Sam_Ratulangi_Airport
Samaná El Catey International Airport,DO,DO-20,NA,Samana,AZS,MDCY,19.269259,-69.737405,30.0,yes,medium_airport,yes,https://en.wikipedia.org/wiki/Saman%C3%A1_El_Catey_International_Airport
Samarkand International Airport,UZ,UZ-SA,AS,Samarkand,SKD,UZSS,39.701842,66.981467,2224.0,yes,large_airport,yes,https://en.wikipedia.org/wiki/Samarkand_Airport
Sambava Airport,MG,MG-D,AF,Sambava,SVB,FMNS,-14.2786,50.174702,20.0,yes,medium_airport,no,https://en.wikipedia.org/wiki/Sambava_Airport
Samburu Airport,KE,KE-11,AF,Isiolo West,UAS,HKSB,0.534069,37.531991,3295.0,no,small_airport,no,https://en.wikipedia.org/wiki/Samburu_Airport
Sambú Airport,PA,PA-5,NA,Boca de Sábalo,SAX,,8.026279,-78.209555,32.0,no,small_airport,no,https://en.wikipedia.org/wiki/Sambú_Airport
Samos Airport,GR,GR-K,EU,Samos Island,SMI,LGSM,37.689999,26.911699,19.0,yes,medium_airport,yes,https://en.wikipedia.org/wiki/Samos_International_Airport
Samui International Airport,TH,TH-84,AS,Na Thon (Ko Samui Island),USM,VTSM,9.54779,100.061996,64.0,yes,large_airport,yes,https://en.wikipedia.org/wiki/Samui_Airport
San Angelo Regional Mathis Field,US,US-TX,NA,San Angelo,SJT,KSJT,31.35770034790039,-100.49600219726562,1919.0,yes,medium_airport,no,https://en.wikipedia.org/wiki/San_Angelo_Regional_Airport
San Antonio International Airport,US,US-TX,NA,San Antonio,SAT,KSAT,29.533701,-98.469803,809.0,yes,large_airport,yes,https://en.wikipedia.org/wiki/San_Antonio_International_Airport
San Cristóbal Airport,EC,EC-W,SA,Puerto Baquerizo Moreno,SCY,SEST,-0.910206,-89.617401,62.0,yes,small_airport,no,https://en.wikipedia.org/wiki/San_Cristóbal_Airport
San Diego International Airport,US,US-CA,NA,San Diego,SAN,KSAN,32.733601,-117.190002,17.0,yes,large_airport,yes,https://en.wikipedia.org/wiki/San_Diego_International_Airport
San Francisco International Airport,US,US-CA,NA,San Francisco,SFO,KSFO,37.619806,-122.374821,13.0,yes,large_airport,yes,https://en.wikipedia.org/wiki/San_Francisco_International_Airport
San Jose Airport,PH,PH-MDC,AS,San Jose,SJI,RPUH,12.361499786399998,121.04699707,14.0,yes,medium_airport,no,https://en.wikipedia.org/wiki/McGuire_Field
San José Island Airport,PA,PA-8,NA,Las Perlas,SIC,,8.2622,-79.078,150.0,no,small_airport,no,https://en.wikipedia.org/wiki/San_José_Airport_(Las_Perlas)
San Luis Airport,CO,CO-NAR,SA,Ipiales,IPI,SKIP,0.861946,-77.671783,9765.0,yes,medium_airport,yes,https://en.wikipedia.org/wiki/San_Luis_Airport_(Colombia)
San Luis County Regional Airport,US,US-CA,NA,San Luis Obispo,SBP,KSBP,35.236801147499996,-120.641998291,212.0,yes,medium_airport,no,https://en.wikipedia.org/wiki/San_Luis_Obispo_County_Regional_Airport
San Luis Valley Regional Airport/Bergman Field,US,US-CO,NA,Alamosa,ALS,KALS,37.434898,-105.866997,7539.0,yes,medium_airport,no,https://en.wikipedia.org/wiki/San_Luis_Valley_Regional_Airport
San Salvador International Airport,BS,BS-SS,NA,San Salvador,ZSA,MYSM,24.063041,-74.523233,24.0,yes,large_airport,no,https://en.wikipedia.org/wiki/San_Salvador_Airport
San Sebastián Airport,ES,ES-PV,EU,Hondarribia,EAS,LESO,43.356499,-1.79061,16.0,yes,medium_airport,no,https://en.wikipedia.org/wiki/San_Sebasti%C3%A1n_Airport
San Tomé Airport,VE,VE-B,SA,El Tigre,SOM,SVST,8.9451465606689,-64.151084899902,861.0,yes,medium_airport,no,https://en.wikipedia.org/wiki/San_Tom%C3%A9_Airport
Sanaa International Airport,YE,YE-SA,AS,Sanaa,SAH,OYSN,15.4763,44.2197,7216.0,yes,large_airport,yes,https://en.wikipedia.org/wiki/Sanaa_International_Airport
Sanandaj Airport,IR,IR-12,AS,,SDG,OICS,35.24589920043945,47.00920104980469,4522.0,yes,medium_airport,no,https://en.wikipedia.org/wiki/Sanandaj_Airport
Sand Point Airport,US,US-AK,NA,Sand Point,SDP,PASD,55.313908,-160.522099,21.0,yes,medium_airport,no,https://en.wikipedia.org/wiki/Sand_Point_Airport
Sandakan Airport,MY,MY-12,AS,Sandakan,SDK,WBKS,5.900899887084961,118.05899810791016,46.0,yes,medium_airport,no,https://en.wikipedia.org/wiki/Sandakan_Airport
"Sandane Airport, Anda",NO,NO-46,EU,Sandane,SDN,ENSD,61.830002,6.10583,196.0,yes,small_airport,no,https://en.wikipedia.org/wiki/Sandane_Airport%2C_Anda
Sanday Airport,GB,GB-SCT,EU,Sanday,NDY,EGES,59.250301,-2.57667,68.0,yes,small_airport,no,https://en.wikipedia.org/wiki/Sanday_Airport
"Sandefjord Airport, Torp",NO,NO-39,EU,Sandefjord(Torp),TRF,ENTO,59.186699,10.2586,286.0,yes,large_airport,no,https://en.wikipedia.org/wiki/Sandefjord_Airport%2C_Torp
"Sandnessjøen Airport, Stokka",NO,NO-18,EU,Alstahaug,SSJ,ENST,65.956802,12.4689,56.0,yes,medium_airport,no,https://en.wikipedia.org/wiki/Sandnessj%C3%B8en_Airport%2C_Stokka
Sandspit Airport,CA,CA-BC,NA,Sandspit,YZP,CYZP,53.25429916379999,-131.813995361,21.0,yes,medium_airport,no,https://en.wikipedia.org/wiki/Sandspit_Airport
Sandy Lake Airport,CA,CA-ON,NA,Sandy Lake,ZSJ,CZSJ,53.06420135498047,-93.34439849853516,951.0,yes,medium_airport,no,https://en.wikipedia.org/wiki/Sandy_Lake_Airport
Sangster International Airport,JM,JM-08,NA,Montego Bay,MBJ,MKJS,18.50342,-77.91323,4.0,yes,large_airport,yes,https://en.wikipedia.org/wiki/Sangster_International_Airport
Sania Ramel Airport,MA,MA-01,AF,Tétouan,TTU,GMTN,35.594299,-5.32002,10.0,yes,large_airport,yes,https://en.wikipedia.org/wiki/Sania_Ramel_Airport
Sanikiluaq Airport,CA,CA-NU,NA,Sanikiluaq,YSK,CYSK,56.536891,-79.250221,104.0,yes,small_airport,no,https://en.wikipedia.org/wiki/Sanikiluaq_Airport
Sankt Gallen Altenrhein Airport,CH,CH-SG,EU,St. Gallen,ACH,LSZR,47.485001,9.56077,1306.0,yes,medium_airport,yes,https://en.wikipedia.org/wiki/St._Gallen-Altenrhein_Airport
Santa Ana Airport,SB,SB-MK,OC,Santa Ana Island,NNB,AGGT,-10.847994,162.454108,3.0,yes,small_airport,no,https://en.wikipedia.org/wiki/Santa_Ana_Airport_(Solomon_Islands)
Santa Barbara Municipal Airport,US,US-CA,NA,Santa Barbara,SBA,KSBA,34.426201,-119.839996,13.0,yes,medium_airport,no,https://en.wikipedia.org/wiki/Santa_Barbara_Airport
Santa Cruz/Graciosa Bay/Luova Airport,SB,SB-TE,OC,Santa Cruz/Graciosa Bay/Luova,SCZ,AGGL,-10.7203,165.794998,18.0,yes,small_airport,no,https://en.wikipedia.org/wiki/Luova_Airport
Santa Elena de Uairén Airport,VE,VE-F,SA,Santa Elena de Uairén,SNV,SVSE,4.554699,-61.145234,2938.0,yes,medium_airport,no,https://en.wikipedia.org/wiki/Santa_Elena_de_Uair%C3%A9n_Airport
Santa Fe Municipal Airport,US,US-NM,NA,Santa Fe,SAF,KSAF,35.6171,-106.088997,6348.0,yes,medium_airport,no,https://en.wikipedia.org/wiki/Santa_Fe_Regional_Airport
Santa Genoveva International Airport,BR,BR-GO,SA,Goiânia,GYN,SBGO,-16.632,-49.220699,2450.0,yes,large_airport,yes,https://en.wikipedia.org/wiki/Santa_Genoveva_Airport
Santa Maria Airport,BR,BR-RS,SA,Santa Maria,RIA,SBSM,-29.711399,-53.688202,287.0,yes,medium_airport,no,https://en.wikipedia.org/wiki/Santa_Maria_Airport_(Rio_Grande_do_Sul)
Santa Maria Airport,PT,PT-20,EU,Vila do Porto,SMA,LPAZ,36.97140121459961,-25.17060089111328,308.0,yes,medium_airport,no,https://en.wikipedia.org/wiki/Santa_Maria_Airport
Santa Maria Public Airport Captain G Allan Hancock Field,US,US-CA,NA,Santa Maria,SMX,KSMX,34.898899,-120.457001,261.0,yes,medium_airport,no,https://en.wikipedia.org/wiki/Santa_Maria_Public_Airport
Santa Rosa - Artillery Colonel Victor Larrea International Airport,EC,EC-O,SA,Santa Rosa,ETR,SERO,-3.441986,-79.996957,20.0,yes,medium_airport,yes,https://en.wikipedia.org/wiki/Santa_Rosa_International_Airport
Santa Rosa Airport,AR,AR-L,SA,Santa Rosa,RSA,SAZR,-36.588299,-64.275703,630.0,yes,medium_airport,no,https://en.wikipedia.org/wiki/Santa_Rosa_Airport_(Argentina)
Santa Terezinha Airport,BR,BR-SC,SA,Joaçaba,JCB,SSJA,-27.171514,-51.553327,2546.0,no,small_airport,no,https://en.wikipedia.org/wiki/Joa%C3%A7aba_Airport
Santana do Araguaia Airport,BR,BR-PA,SA,Santana do Araguaia,CMP,,-9.319906,-50.328536,614.0,no,small_airport,no,https://en.wikipedia.org/wiki/Santana_do_Araguaia_Airport
Santarém - Maestro Wilson Fonseca International Airport,BR,BR-PA,SA,Santarém,STM,SBSN,-2.422423,-54.79306,198.0,yes,medium_airport,no,https://en.wikipedia.org/wiki/Santar%C3%A9m-Maestro_Wilson_Fonseca_Airport
Santiago Perez Airport,CO,CO-ARA,SA,Arauca,AUC,SKUC,7.06888,-70.7369,420.0,yes,medium_airport,no,https://en.wikipedia.org/wiki/Santiago_P%C3%A9rez_Airport
Santiago-Rosalía de Castro Airport,ES,ES-GA,EU,Santiago de Compostela,SCQ,LEST,42.896301,-8.41514,1213.0,yes,large_airport,yes,https://en.wikipedia.org/wiki/Santiago_de_Compostela_Airport
Santo Pekoa International Airport,VU,VU-SAM,OC,Luganville,SON,NVSS,-15.505000114399998,167.220001221,184.0,yes,medium_airport,yes,https://en.wikipedia.org/wiki/Santo-Pekoa_International_Airport
Santo Ângelo Airport,BR,BR-RS,SA,Santo Ângelo,GEL,SBNM,-28.282503,-54.169623,1056.0,yes,medium_airport,no,https://en.wikipedia.org/wiki/Santo_%C3%82ngelo_Airport
Santorini International Airport,GR,GR-L,EU,Santorini Island,JTR,LGSR,36.400045,25.478638,127.0,yes,large_airport,yes,https://en.wikipedia.org/wiki/Santorini_(Thira)_National_Airport
Santos Dumont Airport,BR,BR-RJ,SA,Rio de Janeiro,SDU,SBRJ,-22.910397,-43.16282,11.0,yes,large_airport,no,https://en.wikipedia.org/wiki/Santos_Dumont_Airport
Sanya Phoenix International Airport,CN,CN-46,AS,Sanya (Tianya),SYX,ZJSY,18.3029,109.412003,92.0,yes,large_airport,yes,https://en.wikipedia.org/wiki/Sanya_Phoenix_International_Airport
Sara Airport,VU,VU-PAM,OC,Pentecost Island,SSR,NVSH,-15.4708003998,168.151992798,493.0,yes,small_airport,no,https://en.wikipedia.org/wiki/Sara_Airport
Sarajevo International Airport,BA,BA-BIH,EU,Sarajevo,SJJ,LQSA,43.8246,18.331499,1708.0,yes,large_airport,yes,https://en.wikipedia.org/wiki/Sarajevo_International_Airport
Saransk International Airport,RU,RU-MO,EU,Saransk,SKX,UWPS,54.12513,45.212257,676.0,yes,large_airport,no,https://en.wikipedia.org/wiki/Saransk_Airport
Sarasota Bradenton International Airport,US,US-FL,NA,Sarasota/Bradenton,SRQ,KSRQ,27.394631,-82.554359,30.0,yes,large_airport,yes,https://en.wikipedia.org/wiki/Sarasota-Bradenton_International_Airport
Sardar Vallabh Patel International Airport,IN,IN-GJ,AS,Ahmedabad,AMD,VAAH,23.0772,72.634697,189.0,yes,large_airport,yes,https://en.wikipedia.org/wiki/Sardar_Vallabhbhai_Patel_International_Airport
Sardar-e-Jangal Airport,IR,IR-01,AS,Rasht,RAS,OIGG,37.323333,49.617778,-40.0,yes,medium_airport,yes,https://en.wikipedia.org/wiki/Rasht_Airport
Sari Dasht-e Naz International Airport,IR,IR-02,AS,Sari,SRY,OINZ,36.644408,53.188761,35.0,yes,medium_airport,yes,https://en.wikipedia.org/wiki/Dasht-e_Naz_Airport
Sary-Arka Airport,KZ,KZ-KAR,AS,Karaganda,KGF,UAKK,49.670799,73.334396,1765.0,yes,large_airport,yes,https://en.wikipedia.org/wiki/Sary-Arka_Airport
Saskatoon John G. Diefenbaker International Airport,CA,CA-SK,NA,Saskatoon,YXE,CYXE,52.170723,-106.700793,1653.0,yes,large_airport,yes,https://en.wikipedia.org/wiki/Saskatoon/John_G._Diefenbaker_International_Airport
Satu Mare International Airport,RO,RO-SM,EU,Satu Mare,SUJ,LRSM,47.7033,22.8857,405.0,yes,medium_airport,yes,https://en.wikipedia.org/wiki/Satu_Mare_International_Airport
Sauce Viejo Airport,AR,AR-S,SA,Santa Fe,SFN,SAAV,-31.7117,-60.8117,55.0,yes,medium_airport,no,https://en.wikipedia.org/wiki/Sauce_Viejo_Airport
Sault Ste Marie Airport,CA,CA-ON,NA,Sault Ste Marie,YAM,CYAM,46.483216,-84.508467,630.0,yes,medium_airport,no,https://en.wikipedia.org/wiki/Sault_Ste._Marie_Airport
Saurimo Airport,AO,AO-LSU,AF,Saurimo,VHC,FNSA,-9.68907,20.4319,3584.0,no,medium_airport,no,https://en.wikipedia.org/wiki/Saurimo_Airport
Savannah Hilton Head International Airport,US,US-GA,NA,Savannah,SAV,KSAV,32.126591,-81.19998,50.0,yes,large_airport,yes,https://en.wikipedia.org/wiki/Savannah/Hilton_Head_International_Airport
Savannakhet Airport,LA,LA-SV,AS,,ZVK,VLSK,16.55660057067871,104.76000213623048,509.0,no,medium_airport,yes,https://en.wikipedia.org/wiki/Savannakhet_Airport
Savissivik Heliport,GL,GL-AV,NA,Savissivik,SVR,BGSV,76.018613,-65.117683,24.0,yes,heliport,no,https://en.wikipedia.org/wiki/Savissivik_Heliport
Savonlinna Airport,FI,FI-04,EU,Savonlinna,SVL,EFSA,61.9431,28.945101,311.0,yes,medium_airport,yes,https://en.wikipedia.org/wiki/Savonlinna_Airport
Savoonga Airport,US,US-AK,NA,Savoonga,SVA,PASA,63.686401,-170.492996,53.0,yes,medium_airport,no,https://en.wikipedia.org/wiki/Savoonga_Airport
Savusavu Airport,FJ,FJ-N,OC,Savusavu,SVU,NFNS,-16.803394,179.340587,17.0,yes,small_airport,no,https://en.wikipedia.org/wiki/Savusavu_Airport
Scammon Bay Airport,US,US-AK,NA,Scammon Bay,SCM,PACM,61.84471,-165.575209,14.0,yes,small_airport,no,https://en.wikipedia.org/wiki/Scammon_Bay_Airport
Schefferville Airport,CA,CA-QC,NA,Schefferville,YKL,CYKL,54.805301666259766,-66.8052978515625,1709.0,yes,medium_airport,no,https://en.wikipedia.org/wiki/Schefferville_Airport
Scott AFB/Midamerica Airport,US,US-IL,NA,Belleville,BLV,KBLV,38.5452,-89.835197,459.0,yes,medium_airport,no,https://en.wikipedia.org/wiki/Scott_Air_Force_Base
Seal Bay Seaplane Base,US,US-AK,NA,Seal Bay,SYB,,58.373291,-152.201797,,yes,seaplane_base,no,https://en.wikipedia.org/wiki/Seal_Bay_Seaplane_Base
Seattle–Tacoma International Airport,US,US-WA,NA,Seattle,SEA,KSEA,47.447943,-122.310276,433.0,yes,large_airport,no,https://en.wikipedia.org/wiki/Seattle%E2%80%93Tacoma_International_Airport
Sege Airport,SB,SB-WE,OC,Sege,EGM,AGGS,-8.57889,157.876007,,no,small_airport,no,https://en.wikipedia.org/wiki/Seghe_Airport
Seiyun Hadhramaut International Airport,YE,YE-HD,AS,Seiyun,GXF,OYSY,15.965887,48.788146,2097.0,yes,large_airport,yes,https://en.wikipedia.org/wiki/Seiyun_Airport
Selawik Airport,US,US-AK,NA,Selawik,WLK,PASK,66.600098,-159.985992,17.0,yes,small_airport,no,https://en.wikipedia.org/wiki/Selawik_Airport
Semei International Airport,KZ,KZ-ABA,AS,Semey,PLX,UASS,50.351295,80.234398,761.0,yes,large_airport,yes,https://en.wikipedia.org/wiki/Semey_Airport
Semera Airport,ET,ET-AF,AF,Semera,SZE,HASM,11.7875,40.9915,1390.0,yes,small_airport,no,https://en.wikipedia.org/wiki/Semera_Airport
Senador Nilo Coelho Airport,BR,BR-PE,SA,Petrolina,PNZ,SBPL,-9.362422,-40.569098,1263.0,yes,medium_airport,yes,https://en.wikipedia.org/wiki/Petrolina_Airport
Senador Petrônio Portela Airport,BR,BR-PI,SA,Teresina,THE,SBTE,-5.06025,-42.823712,219.0,yes,medium_airport,yes,https://en.wikipedia.org/wiki/Teresina_Airport
Senadora Eunice Micheles Airport,BR,BR-AM,SA,São Paulo De Olivença,OLC,SDCG,-3.46907,-68.921056,335.0,no,small_airport,no,https://en.wikipedia.org/wiki/S%C3%A3o_Paulo_de_Oliven%C3%A7a_Airport
Senai International Airport,MY,MY-01,AS,Johor Bahru,JHB,WMKJ,1.64131,103.669998,135.0,yes,large_airport,yes,https://en.wikipedia.org/wiki/Senai_International_Airport
Sendai Airport,JP,JP-04,AS,Natori,SDJ,RJSS,38.139702,140.917007,15.0,yes,large_airport,yes,https://en.wikipedia.org/wiki/Sendai_Airport
Seoul Gimpo International Airport,KR,KR-11,AS,Seoul,GMP,RKSS,37.5583,126.791,59.0,yes,large_airport,yes,https://en.wikipedia.org/wiki/Gimpo_International_Airport
Sept-Îles Airport,CA,CA-QC,NA,Sept-Îles,YZV,CYZV,50.22330093383789,-66.2656021118164,180.0,yes,medium_airport,no,https://en.wikipedia.org/wiki/Sept-%C3%8Eles_Airport
Serafin Enoss Bertaso Airport,BR,BR-SC,SA,Chapecó,XAP,SBCH,-27.134199,-52.656601,2154.0,yes,medium_airport,no,https://en.wikipedia.org/wiki/Chapec%C3%B3_Airport
Sermiligaaq Heliport,GL,GL-SE,NA,Sermiligaaq,SGG,BGSG,65.90592,-36.378254,33.0,yes,heliport,no,https://en.wikipedia.org/wiki/Sermiligaaq_Heliport
Sevastopol International Airport / Belbek Air Base,UA,UA-43,EU,Sevastopol,UKS,UKFB,44.691822,33.57462,344.0,no,medium_airport,no,https://en.wikipedia.org/wiki/Sevastopol_International_Airport
Seve Ballesteros-Santander Airport,ES,ES-CB,EU,Santander,SDR,LEXJ,43.427101,-3.82001,16.0,yes,medium_airport,yes,https://en.wikipedia.org/wiki/Santander_Airport
Seville Airport,ES,ES-AN,EU,Seville,SVQ,LEZL,37.417999,-5.89311,112.0,yes,large_airport,yes,https://en.wikipedia.org/wiki/Seville_Airport
Seychelles International Airport,SC,SC-20,AF,Victoria,SEZ,FSIA,-4.67434,55.521801,10.0,yes,large_airport,yes,https://en.wikipedia.org/wiki/Seychelles_International_Airport
Seymour Galapagos Ecological Airport,EC,EC-W,SA,Isla Baltra,GPS,SEGS,-0.453758,-90.2659,207.0,yes,medium_airport,no,https://en.wikipedia.org/wiki/Seymour_Airport
Sfax Thyna International Airport,TN,TN-61,AF,Sfax,SFA,DTTX,34.717999,10.691,85.0,yes,medium_airport,yes,https://en.wikipedia.org/wiki/Thyna_Airport
Shageluk Airport,US,US-AK,NA,Shageluk,SHX,PAHX,62.692144,-159.569035,79.0,no,small_airport,no,https://en.wikipedia.org/wiki/Shageluk_Airport
Shah Amanat International Airport,BD,BD-B,AS,Chattogram (Chittagong),CGP,VGEG,22.249599,91.813301,12.0,yes,large_airport,yes,https://en.wikipedia.org/wiki/Shah_Amanat_International_Airport
Shah Makhdum Airport,BD,BD-E,AS,Rajshahi,RJH,VGRJ,24.437201,88.616501,64.0,yes,medium_airport,yes,https://en.wikipedia.org/wiki/Shah_Makhdum_Airport
Shaheed Bhagat Singh International Airport,IN,IN-CH,AS,Chandigarh,IXC,VICG,30.6735,76.788498,1012.0,yes,large_airport,no,https://en.wikipedia.org/wiki/Chandigarh_Airport
Shahid Ashrafi Esfahani Airport,IR,IR-05,AS,Kermanshah,KSH,OICC,34.3459014893,47.1581001282,4307.0,yes,medium_airport,yes,https://en.wikipedia.org/wiki/Shahid_Ashrafi_Esfahani_Airport
Shahid Sadooghi Airport,IR,IR-21,AS,Yazd,AZD,OIYY,31.9048995972,54.2765007019,4054.0,yes,medium_airport,yes,https://en.wikipedia.org/wiki/Shahid_Sadooghi_Airport
Shaikh Zaid Airport,PK,PK-PB,AS,Rahim Yar Khan,RYK,OPRK,28.383899688720703,70.27960205078125,271.0,yes,medium_airport,yes,https://en.wikipedia.org/wiki/Shaikh_Zayed_International_Airport
Shakhtyorsk Airport,RU,RU-SAK,AS,Shakhtyorsk,EKS,UHSK,49.1903,142.082993,50.0,yes,small_airport,no,https://en.wikipedia.org/wiki/Shakhtyorsk_Airport
Shaktoolik Airport,US,US-AK,NA,Shaktoolik,SKK,PFSH,64.371101,-161.223999,24.0,yes,small_airport,no,https://en.wikipedia.org/wiki/Shaktoolik_Airport
Shanghai Hongqiao International Airport,CN,CN-31,AS,Shanghai (Minhang),SHA,ZSSS,31.198104,121.33426,10.0,yes,large_airport,yes,https://en.wikipedia.org/wiki/Shanghai_Hongqiao_International_Airport
Shanghai Pudong International Airport,CN,CN-31,AS,Shanghai (Pudong),PVG,ZSPD,31.1434,121.805,13.0,yes,large_airport,no,https://en.wikipedia.org/wiki/Shanghai_Pudong_International_Airport
Shannon Airport,IE,IE-CE,EU,Shannon,SNN,EINN,52.702,-8.92482,46.0,yes,large_airport,yes,https://en.wikipedia.org/wiki/Shannon_Airport
Sharjah International Airport,AE,AE-SH,AS,Sharjah,SHJ,OMSJ,25.3286,55.5172,111.0,yes,large_airport,yes,https://en.wikipedia.org/wiki/Sharjah_International_Airport
Sharm El Sheikh International Airport,EG,EG-JS,AS,Sharm El Sheikh,SSH,HESH,27.977272,34.394717,191.0,yes,large_airport,yes,https://en.wikipedia.org/wiki/Sharm_el-Sheikh_International_Airport
Sharurah Domestic Airport,SA,SA-10,AS,Sharurah,SHW,OESH,17.4669,47.121399,2363.0,yes,medium_airport,no,https://en.wikipedia.org/wiki/Sharurah_Domestic_Airport
Sheikh ul Alam International Airport,IN,IN-JK,AS,Srinagar,SXR,VISR,33.987099,74.7742,5429.0,yes,large_airport,yes,https://en.wikipedia.org/wiki/Srinagar_Airport
Shenandoah Valley Regional Airport,US,US-VA,NA,Weyers Cave,SHD,KSHD,38.263802,-78.8964,1201.0,yes,medium_airport,no,https://en.wikipedia.org/wiki/Shenandoah_Valley_Regional_Airport
Shenyang Taoxian International Airport,CN,CN-21,AS,Shenyang,SHE,ZYTX,41.6398,123.483668,198.0,yes,large_airport,yes,https://en.wikipedia.org/wiki/Shenyang_Taoxian_International_Airport
Shenzhen Bao'an International Airport,CN,CN-44,AS,Shenzhen,SZX,ZGSZ,22.639474,113.803262,13.0,yes,large_airport,yes,https://en.wikipedia.org/wiki/Shenzhen_Bao'an_International_Airport
Sheremetyevo International Airport,RU,RU-MOS,EU,Moscow,SVO,UUEE,55.976858,37.41121,622.0,yes,large_airport,no,https://en.wikipedia.org/wiki/Sheremetyevo_International_Airport
Sheridan County Airport,US,US-WY,NA,Sheridan,SHR,KSHR,44.76919937133789,-106.9800033569336,4021.0,yes,medium_airport,no,https://en.wikipedia.org/wiki/Sheridan_County_Airport
Shijiazhuang Zhengding International Airport,CN,CN-13,AS,Shijiazhuang,SJW,ZBSJ,38.280701,114.696999,233.0,yes,large_airport,yes,https://en.wikipedia.org/wiki/Shijiazhuang_Zhengding_International_Airport
Shillong Airport,IN,IN-ML,AS,Shillong,SHL,VEBI,25.70359992980957,91.97869873046876,2910.0,yes,medium_airport,no,https://en.wikipedia.org/wiki/Shillong_Airport
Shinshu-Matsumoto Airport,JP,JP-20,AS,Matsumoto,MMJ,RJAF,36.166801,137.923004,2182.0,yes,medium_airport,no,https://en.wikipedia.org/wiki/Matsumoto_Airport
Shirak International Airport,AM,AM-SH,AS,Gyumri,LWN,UDSG,40.750401,43.859299,5000.0,yes,large_airport,yes,https://en.wikipedia.org/wiki/Shirak_Airport
Shiraz Shahid Dastghaib International Airport,IR,IR-07,AS,Shiraz,SYZ,OISS,29.5392,52.589802,4927.0,yes,large_airport,yes,https://en.wikipedia.org/wiki/Shiraz_International_Airport
Shire Inda Selassie Airport,ET,ET-TI,AF,Shire Inda Selassie,SHC,HASR,14.075699,38.273592,6207.0,yes,small_airport,no,https://en.wikipedia.org/wiki/Shire_Airport
Shishmaref Airport,US,US-AK,NA,Shishmaref,SHH,PASH,66.249604,-166.089112,12.0,yes,small_airport,no,https://en.wikipedia.org/wiki/Shishmaref_Airport
Shonai Airport,JP,JP-06,AS,Shonai,SYO,RJSY,38.812199,139.787003,86.0,yes,medium_airport,no,https://en.wikipedia.org/wiki/Shonai_Airport
Show Low Regional Airport,US,US-AZ,NA,Show Low,SOW,KSOW,34.264062,-110.007091,6415.0,yes,medium_airport,no,https://en.wikipedia.org/wiki/Show_Low_Regional_Airport
Shreveport Regional Airport,US,US-LA,NA,Shreveport,SHV,KSHV,32.444747,-93.826741,258.0,yes,medium_airport,no,https://en.wikipedia.org/wiki/Shreveport_Regional_Airport
Shungnak Airport,US,US-AK,NA,Shungnak,SHG,PAGH,66.88809967041,-157.16200256348,197.0,yes,small_airport,no,https://en.wikipedia.org/wiki/Shungnak_Airport
Shymkent International Airport,KZ,KZ-YUZ,AS,Shymkent,CIT,UAII,42.365021,69.47564,1385.0,yes,large_airport,yes,https://en.wikipedia.org/wiki/Shymkent_Airport
Sialkot International Airport,PK,PK-PB,AS,Sialkot,SKT,OPST,32.535941,74.364623,837.0,yes,large_airport,yes,https://en.wikipedia.org/wiki/Sialkot_International_Airport
Siargao Airport,PH,PH-SUN,AS,Del Carmen,IAO,RPNS,9.8591,126.014,10.0,yes,small_airport,no,https://en.wikipedia.org/wiki/Siargao_Airport
Sibiu International Airport,RO,RO-SB,EU,Sibiu,SBZ,LRSB,45.785841,24.086666,1496.0,yes,large_airport,yes,https://en.wikipedia.org/wiki/Sibiu_International_Airport
Sibu Airport,MY,MY-13,AS,Sibu,SBW,WBGS,2.2616,111.985001,122.0,yes,medium_airport,no,https://en.wikipedia.org/wiki/Sibu_Airport
Sibulan Airport,PH,PH-NER,AS,Dumaguete City,DGT,RPVD,9.334183,123.30191,15.0,yes,medium_airport,no,https://en.wikipedia.org/wiki/Sibulan_Airport
Sidney - Richland Regional Airport,US,US-MT,NA,Sidney,SDY,KSDY,47.705141,-104.194422,1985.0,yes,medium_airport,no,https://en.wikipedia.org/wiki/Sidney%E2%80%93Richland_Municipal_Airport
Sigiriya Air Force Base,LK,LK-2,AS,Sigiriya,GIU,VCCS,7.95667,80.7285,630.0,no,small_airport,no,https://en.wikipedia.org/wiki/Sigiriya_Airport
Silchar Airport,IN,IN-AS,AS,Silchar,IXS,VEKU,24.9129009247,92.9786987305,352.0,yes,medium_airport,no,https://en.wikipedia.org/wiki/Silchar_Airport
Silver Creek Airport,BZ,BZ-SC,NA,Silver Creek,SVK,,16.728338,-88.369174,216.0,no,small_airport,no,https://en.wikipedia.org/wiki/Silver_Creek_Airport
Silvio Pettirossi International Airport,PY,PY-11,SA,Asunción,ASU,SGAS,-25.240156,-57.519227,292.0,yes,large_airport,yes,https://en.wikipedia.org/wiki/Silvio_Pettirossi_International_Airport
Simferopol International Airport,UA,UA-43,EU,Simferopol,SIP,UKFF,45.0522,33.975101,639.0,yes,large_airport,yes,https://en.wikipedia.org/wiki/Simferopol_International_Airport
Simon Mwansa Kapwepwe International Airport,ZM,ZM-08,AF,Ndola,NLA,FLSK,-12.96513,28.515624,4308.0,yes,large_airport,yes,https://en.wikipedia.org/wiki/Simon_Mwansa_Kapwepwe_International_Airport
Simón Bolívar International Airport,CO,CO-MAG,SA,Santa Marta,SMR,SKSM,11.1196,-74.2306,22.0,yes,medium_airport,yes,https://en.wikipedia.org/wiki/Sim%C3%B3n_Bol%C3%ADvar_International_Airport_(Colombia)
Singapore Changi Airport,SG,SG-04,AS,Singapore,SIN,WSSS,1.35019,103.994003,22.0,yes,large_airport,yes,https://en.wikipedia.org/wiki/Singapore_Changi_Airport
Sinop Airport,TR,TR-57,AS,Sinop,NOP,LTCM,42.018313,35.071774,20.0,yes,medium_airport,no,https://en.wikipedia.org/wiki/Sinop_Airport
Siorapaluk Heliport,GL,GL-AV,NA,Siorapaluk,SRK,BGSI,77.786517,-70.638657,102.0,yes,heliport,no,https://en.wikipedia.org/wiki/Siorapaluk_Heliport
Sioux Falls Regional Airport,US,US-SD,NA,Sioux Falls,FSD,KFSD,43.585463,-96.741152,1429.0,yes,medium_airport,no,https://en.wikipedia.org/wiki/Sioux_Falls_Regional_Airport
Sioux Gateway Airport / Brigadier General Bud Day Field,US,US-IA,NA,Sioux City,SUX,KSUX,42.397605,-96.382237,1098.0,yes,medium_airport,no,https://en.wikipedia.org/wiki/Sioux_Gateway_Airport
Sioux Lookout Airport,CA,CA-ON,NA,Sioux Lookout,YXL,CYXL,50.11389923095703,-91.9052963256836,1258.0,yes,medium_airport,no,https://en.wikipedia.org/wiki/Sioux_Lookout_Airport
Sir Bani Yas Airport,AE,AE-AZ,AS,Sir Bani Yas,XSB,OMBY,24.283611,52.580278,25.0,no,medium_airport,no,https://en.wikipedia.org/wiki/Sir_Bani_Yas_Airport
Sir Barry Bowen Municipal Airport,BZ,BZ-BZ,NA,Belize City,TZA,MZBE,17.517239,-88.195775,8.0,yes,medium_airport,no,https://en.wikipedia.org/wiki/Belize_City_Municipal_Airport
Sir Charles Gaetan Duval Airport,MU,MU-RO,AF,Port Mathurin,RRG,FIMR,-19.756696,63.359326,95.0,yes,medium_airport,no,https://en.wikipedia.org/wiki/Rodrigues_Island_Airport
Sir Seewoosagur Ramgoolam International Airport,MU,MU-GP,AF,Plaine Magnien,MRU,FIMP,-20.430201,57.683601,186.0,yes,large_airport,yes,https://en.wikipedia.org/wiki/Sir_Seewoosagur_Ramgoolam_International_Airport
Sir Seretse Khama International Airport,BW,BW-GA,AF,Gaborone,GBE,FBSK,-24.555201,25.9182,3299.0,yes,large_airport,yes,https://en.wikipedia.org/wiki/Sir_Seretse_Khama_International_Airport
Siri Airport,IR,IR-22,AS,Siri,SXI,OIBS,25.908899,54.539398,43.0,no,medium_airport,no,https://en.wikipedia.org/wiki/Sirri_Island_Airport
Sirt International Airport / Ghardabiya Airbase,LY,LY-SR,AF,Sirt,SRX,HLGD,31.058578,16.597095,267.0,no,large_airport,no,https://en.wikipedia.org/wiki/Ghardabiya_Airbase
Sisimiut Airport,GL,GL-QA,NA,Sisimiut,JHS,BGSS,66.951302,-53.729301,33.0,yes,medium_airport,no,https://en.wikipedia.org/wiki/Sisimiut_Airport
Sitia Airport,GR,GR-M,EU,Crete Island,JSH,LGST,35.21609878540039,26.101299285888672,376.0,yes,medium_airport,no,https://en.wikipedia.org/wiki/Sitia_Public_Airport
Sitka Rocky Gutierrez Airport,US,US-AK,NA,Sitka,SIT,PASI,57.04710006713867,-135.36199951171875,21.0,yes,medium_airport,no,https://en.wikipedia.org/wiki/Sitka_Rocky_Gutierrez_Airport
Sittwe Airport,MM,MM-16,AS,Sittwe,AKY,VYSW,20.133165,92.870693,27.0,yes,medium_airport,no,https://en.wikipedia.org/wiki/Sittwe_Airport
Sivas Nuri Demirağ Airport,TR,TR-58,AS,Sivas,VAS,LTAR,39.813801,36.9035,5239.0,yes,small_airport,no,https://en.wikipedia.org/wiki/Sivas_Airport
Siwo Airport,VU,VU-SEE,OC,Emae Island,EAE,NVSE,-17.0903,168.343002,7.0,no,small_airport,no,https://en.wikipedia.org/wiki/Siwo_Airport
Skagway Airport,US,US-AK,NA,Skagway,SGY,PAGY,59.460343,-135.316651,44.0,yes,small_airport,no,https://en.wikipedia.org/wiki/Skagway_Airport
Skardu International Airport,PK,PK-GB,AS,Skardu,KDU,OPSD,35.33866,75.538648,7316.0,yes,large_airport,no,https://en.wikipedia.org/wiki/Skardu_Airport
Skellefteå Airport,SE,SE-AC,EU,Skellefteå,SFT,ESNS,64.62480163574219,21.076900482177734,157.0,yes,medium_airport,no,https://en.wikipedia.org/wiki/Skellefte%C3%A5_Airport
Skiathos Island National Airport,GR,GR-E,EU,Skiathos,JSI,LGSK,39.177101,23.5037,54.0,yes,medium_airport,yes,https://en.wikipedia.org/wiki/Skiathos_Island_National_Airport
Skiros Airport,GR,GR-H,EU,Skiros Island,SKU,LGSY,38.9676017761,24.4871997833,44.0,yes,small_airport,yes,https://en.wikipedia.org/wiki/Skyros_Island_National_Airport
Skopje International Airport,MK,MK-008,EU,Ilinden,SKP,LWSK,41.958087,21.622581,781.0,yes,large_airport,yes,https://en.wikipedia.org/wiki/Skopje_Airport
Sleetmute Airport,US,US-AK,NA,Sleetmute,SLQ,PASL,61.7005,-157.166,190.0,yes,small_airport,no,https://en.wikipedia.org/wiki/Sleetmute_Airport
Smithers Airport,CA,CA-BC,NA,Smithers,YYD,CYYD,54.82469940185547,-127.18299865722656,1712.0,yes,medium_airport,no,https://en.wikipedia.org/wiki/Smithers_Airport
Sochi International Airport,RU,RU-KDA,EU,Sochi,AER,URSS,43.449902,39.9566,89.0,yes,large_airport,yes,https://en.wikipedia.org/wiki/Sochi_International_Airport
Socotra Airport,YE,YE-SU,AS,Mori,SCT,OYSQ,12.632093,53.906173,146.0,yes,medium_airport,yes,https://en.wikipedia.org/wiki/Socotra_Airport
Soekarno-Hatta International Airport,ID,ID-BT,AS,Jakarta,CGK,WIII,-6.12557,106.655998,34.0,yes,large_airport,no,https://en.wikipedia.org/wiki/Soekarno-Hatta_International_Airport
Sofia Airport,BG,BG-22,EU,Sofia,SOF,LBSF,42.696357,23.417671,1742.0,yes,large_airport,yes,https://en.wikipedia.org/wiki/Sofia_Airport
"Sogndal Airport, Haukåsen",NO,NO-46,EU,Sogndal,SOG,ENSG,61.156101,7.13778,1633.0,yes,small_airport,no,"https://en.wikipedia.org/wiki/Sogndal_Airport,_Hauk%C3%A5sen"
Sokol Airport,RU,RU-MAG,AS,Magadan,GDX,UHMM,59.9109992980957,150.72000122070312,574.0,yes,medium_airport,yes,https://en.wikipedia.org/wiki/Sokol_Airport
Sola Airport,VU,VU-TOB,OC,Sola,SLH,NVSC,-13.8516998291,167.537002563,7.0,yes,small_airport,no,https://en.wikipedia.org/wiki/Vanua_Lava_Airport
Solidarity Szczecin–Goleniów Airport,PL,PL-ZP,EU,Szczecin(Glewice),SZZ,EPSC,53.584702,14.9022,154.0,yes,large_airport,yes,https://en.wikipedia.org/wiki/Szczecin-Goleni%C3%B3w_%22Solidarno%C5%9B%C4%87%22_Airport
Solovki Airport,RU,RU-ARK,EU,Solovetsky Islands,CSH,,65.029996,35.730558,60.0,yes,small_airport,no,https://en.wikipedia.org/wiki/Solovki_Airport
Solwesi Airport,ZM,ZM-06,AF,Solwesi,SLI,FLSW,-12.173700332641602,26.365100860595703,4551.0,yes,small_airport,no,https://en.wikipedia.org/wiki/Solwezi_Airport
Songwe Airport,TZ,TZ-14,AF,Mbeya,MBI,HTGW,-8.919942,33.273981,4412.0,yes,medium_airport,no,https://en.wikipedia.org/wiki/Songwe_Airport
Soummam–Abane Ramdane Airport,DZ,DZ-06,AF,Béjaïa,BJA,DAAE,36.712547,5.069909,20.0,yes,large_airport,yes,https://en.wikipedia.org/wiki/Abane_Ramdane_Airport
South Arkansas Regional Airport at Goodwin Field,US,US-AR,NA,El Dorado,ELD,KELD,33.221001,-92.813301,277.0,yes,medium_airport,no,https://en.wikipedia.org/wiki/South_Arkansas_Regional_Airport_at_Goodwin_Field
South Bend International Airport,US,US-IN,NA,South Bend,SBN,KSBN,41.708304,-86.316922,799.0,yes,medium_airport,no,https://en.wikipedia.org/wiki/South_Bend_Regional_Airport
South Bimini Airport,BS,BS-BI,NA,South Bimini,BIM,MYBS,25.6998996735,-79.2647018433,10.0,yes,medium_airport,no,https://en.wikipedia.org/wiki/South_Bimini_Airport
South Caicos Airport,TC,TC-SC,NA,South Caicos,XSC,MBSC,21.515699,-71.528503,6.0,yes,medium_airport,no,https://en.wikipedia.org/wiki/South_Caicos_Airport
South Naknek Number 2 Airport,US,US-AK,NA,South Naknek,WSN,PFWS,58.702362,-157.005444,162.0,yes,small_airport,no,https://en.wikipedia.org/wiki/South_Naknek_Airport
Southampton Airport,GB,GB-ENG,EU,Southampton,SOU,EGHI,50.950298,-1.3568,44.0,yes,medium_airport,yes,https://en.wikipedia.org/wiki/Southampton_Airport
Southeast Iowa Regional Airport,US,US-IA,NA,Burlington,BRL,KBRL,40.783199310302734,-91.12550354003906,698.0,yes,medium_airport,no,https://en.wikipedia.org/wiki/Southeast_Iowa_Regional_Airport
Southwest Bay Airport,VU,VU-MAP,OC,Malekula Island,SWJ,NVSX,-16.4864,167.4472,68.0,no,small_airport,no,https://en.wikipedia.org/wiki/South_West_Bay_Airport
Southwest Florida International Airport,US,US-FL,NA,Fort Myers,RSW,KRSW,26.534685,-81.752816,30.0,yes,large_airport,yes,https://en.wikipedia.org/wiki/Southwest_Florida_International_Airport
Southwest Georgia Regional Airport,US,US-GA,NA,Albany,ABY,KABY,31.532946,-84.196215,197.0,yes,medium_airport,no,https://en.wikipedia.org/wiki/Southwest_Georgia_Regional_Airport
Southwest Oregon Regional Airport,US,US-OR,NA,North Bend,OTH,KOTH,43.41709899902344,-124.24600219726562,17.0,yes,medium_airport,no,https://en.wikipedia.org/wiki/Southwest_Oregon_Regional_Airport
Southwest Wyoming Regional Airport,US,US-WY,NA,Rock Springs,RKS,KRKS,41.5942,-109.065001,6764.0,yes,medium_airport,no,https://en.wikipedia.org/wiki/Rock_Springs_-_Sweetwater_County_Airport
Sovetskiy Airport,RU,RU-KHM,AS,Sovetskiy,OVS,USHS,61.326622009277344,63.60191345214844,351.0,yes,medium_airport,no,https://en.wikipedia.org/wiki/Sovetsky_Tyumenskaya
Soyo Airport,AO,AO-ZAI,AF,Soyo,SZA,FNSO,-6.141089916229248,12.371800422668455,15.0,yes,medium_airport,no,https://en.wikipedia.org/wiki/Soyo_Airport
Spichenkovo Airport,RU,RU-KEM,AS,Novokuznetsk,NOZ,UNWW,53.811401,86.877197,1024.0,yes,medium_airport,yes,https://en.wikipedia.org/wiki/Spichenkovo_Airport
Split Saint Jerome Airport,HR,HR-17,EU,Split,SPU,LDSP,43.538898,16.298,79.0,yes,large_airport,yes,https://en.wikipedia.org/wiki/Split_Airport
Spokane International Airport,US,US-WA,NA,Spokane,GEG,KGEG,47.6199,-117.533997,2376.0,yes,large_airport,yes,https://en.wikipedia.org/wiki/Spokane_International_Airport
Spriggs Payne Airport,LR,LR-MO,AF,Monrovia,MLW,GLMR,6.28906,-10.7587,25.0,yes,medium_airport,no,https://en.wikipedia.org/wiki/Spriggs_Payne_Airport
Spring Point Airport,BS,BS-AK,NA,Spring Point,AXP,MYAP,22.441799,-73.970901,11.0,yes,medium_airport,no,https://en.wikipedia.org/wiki/Spring_Point_Airport
Springfield Branson National Airport,US,US-MO,NA,Springfield,SGF,KSGF,37.245047,-93.388596,1268.0,yes,medium_airport,no,https://en.wikipedia.org/wiki/Springfield/Branson_National_Airport
Sri Guru Ram Das Ji International Airport,IN,IN-PB,AS,Amritsar,ATQ,VIAR,31.7096,74.797302,756.0,yes,large_airport,yes,https://en.wikipedia.org/wiki/Sri_Guru_Ram_Dass_Jee_International_Airport
St Augustin Airport,CA,CA-QC,NA,St-Augustin,YIF,CYIF,51.2117,-58.658298,20.0,yes,medium_airport,no,https://en.wikipedia.org/wiki/St-Augustin_Airport
St George Airport,AU,AU-QLD,OC,,SGO,YSGE,-28.049699783325195,148.59500122070312,656.0,yes,small_airport,no,https://en.wikipedia.org/wiki/Saint_George_Airport
St George Airport,US,US-AK,NA,St George,STG,PAPB,56.577345,-169.663823,125.0,yes,medium_airport,no,https://en.wikipedia.org/wiki/St._George_Airport_(Alaska)
St George Regional Airport,US,US-UT,NA,St George,SGU,KSGU,37.036389,-113.510306,2941.0,yes,medium_airport,no,https://en.wikipedia.org/wiki/St._George_Regional_Airport
St Mary's Airport,US,US-AK,NA,St Mary's,KSM,PASM,62.060501,-163.302002,312.0,yes,small_airport,no,https://en.wikipedia.org/wiki/St._Mary's_Airport_(Alaska)
St Michael Airport,US,US-AK,NA,St Michael,SMK,PAMK,63.49010086,-162.1100006,98.0,yes,small_airport,no,https://en.wikipedia.org/wiki/St._Michael_Airport
St Paul Island Airport,US,US-AK,NA,St Paul Island,SNP,PASN,57.166311,-170.222555,63.0,yes,medium_airport,no,https://en.wikipedia.org/wiki/St._Paul_Island_Airport
St. Anthony Airport,CA,CA-NL,NA,St. Anthony,YAY,CYAY,51.391909,-56.08321,108.0,yes,medium_airport,no,https://en.wikipedia.org/wiki/St._Anthony_Airport
St. Jean Airport,BL,BL-U-A,NA,Gustavia,SBH,TFFJ,17.904398,-62.843333,49.0,yes,medium_airport,yes,https://en.wikipedia.org/wiki/Gustaf_III_Airport
St. John's International Airport,CA,CA-NL,NA,St. John's,YYT,CYYT,47.618599,-52.7519,461.0,yes,large_airport,yes,https://en.wikipedia.org/wiki/St._John's_International_Airport
St. Louis Lambert International Airport,US,US-MO,NA,St Louis,STL,KSTL,38.748697,-90.370003,618.0,yes,large_airport,yes,https://en.wikipedia.org/wiki/St._Louis_Lambert_International_Airport
St. Mary's Airport,GB,GB-ENG,EU,"St. Mary's, Isles of Scilly",ISC,EGHE,49.913375,-6.291894,116.0,yes,small_airport,no,https://en.wikipedia.org/wiki/St._Mary%27s_Airport_%28Isles_of_Scilly%29
St. Petersburg Clearwater International Airport,US,US-FL,NA,Pinellas Park,PIE,KPIE,27.9102,-82.687401,11.0,yes,large_airport,yes,https://en.wikipedia.org/wiki/St._Petersburg-Clearwater_International_Airport
State College Regional Airport,US,US-PA,NA,State College,SCE,KUNV,40.849374,-77.84852,1239.0,yes,medium_airport,no,https://en.wikipedia.org/wiki/University_Park_Airport
"Stavanger Airport, Sola",NO,NO-11,EU,Stavanger,SVG,ENZV,58.876701,5.63778,29.0,yes,large_airport,yes,"https://en.wikipedia.org/wiki/Stavanger_Airport,_Sola"
Stavropol Shpakovskoye Airport,RU,RU-STA,EU,Stavropol,STW,URMT,45.10919952392578,42.11280059814453,1486.0,yes,medium_airport,yes,https://en.wikipedia.org/wiki/Stavropol_Shpakovskoye_Airport
Stebbins Airport,US,US-AK,NA,Stebbins,WBB,,63.515999,-162.278,14.0,yes,small_airport,no,https://en.wikipedia.org/wiki/Stebbins_Airport
Stella Maris Airport,BS,BS-LI,NA,Stella Maris,SML,MYLS,23.582317,-75.268621,10.0,yes,medium_airport,no,https://en.wikipedia.org/wiki/Stella_Maris_Airport
Stephenville Dymond International Airport,CA,CA-NL,NA,Stephenville,YJT,CYJT,48.54339,-58.552892,84.0,yes,medium_airport,no,https://en.wikipedia.org/wiki/Stephenville_Airport
Stevens Village Airport,US,US-AK,NA,Stevens Village,SVS,,66.016727,-149.056835,328.0,yes,small_airport,no,https://en.wikipedia.org/wiki/Stevens_Village_Airport
Stockholm Skavsta Airport,SE,SE-D,EU,Nyköping,NYO,ESKN,58.789656,16.911479,140.0,yes,large_airport,no,https://en.wikipedia.org/wiki/Stockholm-Skavsta_Airport
Stockholm Västerås Airport,SE,SE-U,EU,Stockholm / Västerås,VST,ESOW,59.589401,16.6336,21.0,yes,large_airport,no,https://en.wikipedia.org/wiki/Stockholm-V%C3%A4ster%C3%A5s_Airport
Stockholm-Arlanda Airport,SE,SE-AB,EU,Stockholm,ARN,ESSA,59.64849,17.928829,137.0,yes,large_airport,yes,https://en.wikipedia.org/wiki/Stockholm-Arlanda_Airport
Stockholm-Bromma Airport,SE,SE-AB,EU,Stockholm,BMA,ESSB,59.354401,17.9417,47.0,yes,medium_airport,no,https://en.wikipedia.org/wiki/Stockholm-Bromma_Airport
Stockton Metropolitan Airport,US,US-CA,NA,Stockton,SCK,KSCK,37.893279,-121.238079,33.0,yes,medium_airport,no,https://en.wikipedia.org/wiki/Stockton_Metropolitan_Airport
"Stokmarknes Airport, Skagen",NO,NO-18,EU,Hadsel,SKN,ENSK,68.578827,15.033417,11.0,yes,medium_airport,no,https://en.wikipedia.org/wiki/Stokmarknes_Airport%2C_Skagen
Stony River 2 Airport,US,US-AK,NA,Stony River,SRV,,61.7897,-156.589005,230.0,yes,small_airport,no,https://en.wikipedia.org/wiki/Stony_River_Airport
"Stord Airport, Sørstokken",NO,NO-46,EU,Leirvik,SRP,ENSO,59.791901,5.34085,160.0,yes,medium_airport,no,https://en.wikipedia.org/wiki/Stord_Airport%2C_S%C3%B8rstokken
Stornoway Airport,GB,GB-SCT,EU,"Stornoway, Western Isles",SYY,EGPO,58.215599,-6.33111,26.0,yes,medium_airport,no,https://en.wikipedia.org/wiki/Stornoway_Airport
Strasbourg Airport,FR,FR-GES,EU,Strasbourg,SXB,LFST,48.5383,7.62823,505.0,yes,large_airport,yes,https://en.wikipedia.org/wiki/Strasbourg_Airport
Stronsay Airport,GB,GB-SCT,EU,Stronsay,SOY,EGER,59.1553,-2.64139,39.0,yes,small_airport,no,https://en.wikipedia.org/wiki/Stronsay_Airport
Stuttgart Airport,DE,DE-BW,EU,Stuttgart,STR,EDDS,48.689899,9.22196,1276.0,yes,large_airport,yes,https://en.wikipedia.org/wiki/Stuttgart_Airport
Suavanao Airport,SB,SB-IS,OC,Suavanao,VAO,AGGV,-7.58556,158.731003,20.0,yes,small_airport,no,https://en.wikipedia.org/wiki/Suavanao_Airport
Suboficial Ay Santiago Germano Airport,AR,AR-M,SA,San Rafael,AFA,SAMR,-34.588299,-68.4039,2470.0,yes,medium_airport,no,https://en.wikipedia.org/wiki/San_Rafael_Airport_(Argentina)
Sudbury Airport,CA,CA-ON,NA,Sudbury,YSB,CYSB,46.625,-80.79889678955078,1141.0,yes,medium_airport,no,https://en.wikipedia.org/wiki/Sudbury_Airport
Suhaj International Airport,EG,EG-SHG,AF,Suhaj,HMB,HESG,26.342515,31.743017,322.0,yes,large_airport,yes,https://en.wikipedia.org/wiki/Sohag_International_Airport
Sukhothai Airport,TH,TH-64,AS,,THS,VTPO,17.238000869750977,99.81819915771484,179.0,yes,medium_airport,no,https://en.wikipedia.org/wiki/Sukhothai_Airport
Sultan Abdul Aziz Shah International Airport,MY,MY-10,AS,Subang,SZB,WMSA,3.13058,101.549004,90.0,yes,large_airport,no,https://en.wikipedia.org/wiki/Sultan_Abdul_Aziz_Shah_Airport
Sultan Abdul Halim Airport,MY,MY-02,AS,Alor Satar,AOR,WMKA,6.189670085906982,100.39800262451172,15.0,yes,medium_airport,yes,https://en.wikipedia.org/wiki/Sultan_Abdul_Halim_Airport
Sultan Aji Muhammad Sulaiman Sepinggan International Airport,ID,ID-KI,AS,Balikpapan,BPN,WALL,-1.268342,116.89452,12.0,yes,large_airport,yes,https://en.wikipedia.org/wiki/Sultan_Aji_Muhamad_Sulaiman_Airport
Sultan Azlan Shah Airport,MY,MY-08,AS,Ipoh,IPH,WMKI,4.56733,101.091643,130.0,yes,large_airport,yes,https://en.wikipedia.org/wiki/Sultan_Azlan_Shah_Airport
Sultan Babullah Airport,ID,ID-MU,AS,Ternate,TTE,WAEE,0.831012,127.381611,49.0,yes,medium_airport,no,https://en.wikipedia.org/wiki/Sultan_Babullah_Airport
Sultan Hasanuddin International Airport,ID,ID-SN,AS,Makassar,UPG,WAAA,-5.075539,119.553702,47.0,yes,large_airport,yes,https://en.wikipedia.org/wiki/Sultan_Hasanuddin_International_Airport
Sultan Iskandar Muda International Airport,ID,ID-AC,AS,Banda Aceh,BTJ,WITT,5.525087,95.41997,65.0,yes,large_airport,yes,https://en.wikipedia.org/wiki/Sultan_Iskandar_Muda_International_Airport
Sultan Ismail Petra Airport,MY,MY-03,AS,Kota Baharu,KBR,WMKC,6.1668500900268555,102.29299926757812,16.0,yes,medium_airport,yes,https://en.wikipedia.org/wiki/Sultan_Ismail_Petra_Airport
Sultan Mahmud Airport,MY,MY-11,AS,Kuala Terengganu,TGG,WMKN,5.3826398849487305,103.10299682617188,21.0,yes,medium_airport,yes,https://en.wikipedia.org/wiki/Sultan_Mahmud_Airport
Sultan Mahmud Badaruddin II Airport,ID,ID-SS,AS,Palembang,PLM,WIPP,-2.897653,104.698147,49.0,yes,medium_airport,yes,https://en.wikipedia.org/wiki/Sultan_Mahmud_Badaruddin_II_Airport
Sultan Muhammad Salahuddin Airport,ID,ID-NB,AS,Bima,BMU,WADB,-8.537184,118.685002,3.0,yes,medium_airport,no,https://en.wikipedia.org/wiki/Bima_Airport
Sultan Syarif Kasim II International Airport / Roesmin Nurjadin AFB,ID,ID-RI,AS,Pekanbaru,PKU,WIBB,0.458647,101.444321,102.0,yes,medium_airport,yes,https://en.wikipedia.org/wiki/Sultan_Syarif_Qasim_II_International_Airport
Sultan Thaha Airport,ID,ID-JA,AS,Jambi,DJB,WIJJ,-1.638685,103.645063,82.0,yes,small_airport,no,https://en.wikipedia.org/wiki/Sultan_Thaha_Airport
Sumburgh Airport,GB,GB-SCT,EU,"Lerwick, Shetland",LSI,EGPB,59.878899,-1.29556,20.0,yes,medium_airport,no,https://en.wikipedia.org/wiki/Sumburgh_Airport
Summer Beaver Airport,CA,CA-ON,NA,Summer Beaver,SUR,,52.70859909057617,-88.54190063476562,832.0,yes,small_airport,no,https://en.wikipedia.org/wiki/Summer_Beaver_Airport
Sunan Shuofang International Airport,CN,CN-32,AS,Wuxi,WUX,ZSWX,31.496952,120.43038,24.0,yes,large_airport,yes,https://en.wikipedia.org/wiki/Wuxi_Shuofang_Airport
Sundsvall-Härnösand Airport,SE,SE-Y,EU,Sundsvall/ Härnösand,SDL,ESNN,62.528099060058594,17.443899154663086,16.0,yes,medium_airport,yes,https://en.wikipedia.org/wiki/Sundsvall-H%C3%A4rn%C3%B6sand_Airport
Sunshine Coast Airport,AU,AU-QLD,OC,Maroochydore,MCY,YBSU,-26.593324,153.08319,15.0,yes,large_airport,yes,https://en.wikipedia.org/wiki/Sunshine_Coast_Airport
Sunyani Airport,GH,GH-BO,AF,Sunyani,NYI,DGSN,7.36183,-2.32876,1014.0,yes,medium_airport,yes,https://en.wikipedia.org/wiki/Sunyani_Airport
Supadio International Airport,ID,ID-KB,AS,Pontianak,PNK,WIOO,-0.152258,109.404493,10.0,yes,large_airport,yes,https://en.wikipedia.org/wiki/Supadio_Airport
Surat International Airport,IN,IN-GJ,AS,Surat,STV,VASU,21.115531,72.743251,16.0,yes,large_airport,yes,https://en.wikipedia.org/wiki/Surat_Airport
Surat Thani Airport,TH,TH-84,AS,Surat Thani,URT,VTSB,9.13259983063,99.135597229,20.0,yes,medium_airport,yes,https://en.wikipedia.org/wiki/Surat_Thani_Airport
Surgut International Airport,RU,RU-KHM,AS,Surgut,SGC,USRR,61.340501,73.405782,200.0,yes,large_airport,yes,https://en.wikipedia.org/wiki/Surgut_Airport
Surigao Airport,PH,PH-SUN,AS,Surigao City,SUG,RPMS,9.755838325629998,125.480947495,20.0,yes,medium_airport,no,https://en.wikipedia.org/wiki/Surigao_Airport
Suvarnabhumi Airport,TH,TH-10,AS,Bangkok,BKK,VTBS,13.6811,100.747002,5.0,yes,large_airport,yes,https://en.wikipedia.org/wiki/Suvarnabhumi_Airport
"Svalbard Airport, Longyear",NO,NO-21,EU,Longyearbyen,LYR,ENSB,78.246101,15.4656,88.0,yes,medium_airport,no,https://en.wikipedia.org/wiki/Svalbard_Airport%2C_Longyear
Sveg Airport,SE,SE-Z,EU,Sveg,EVG,ESND,62.047798,14.4229,1178.0,yes,small_airport,no,https://en.wikipedia.org/wiki/Sveg_Airport
"Svolvær Airport, Helle",NO,NO-18,EU,Svolvær,SVJ,ENSH,68.243301,14.6692,27.0,yes,medium_airport,no,https://en.wikipedia.org/wiki/Svolv%C3%A6r_Airport%2C_Helle
Swami Vivekananda Airport,IN,IN-CT,AS,Raipur,RPR,VERP,21.180401,81.7388,1041.0,yes,medium_airport,no,https://en.wikipedia.org/wiki/Swami_Vivekananda_Airport
Syamsudin Noor International Airport,ID,ID-KS,AS,Banjarbaru,BDJ,WAOO,-3.440112,114.761209,66.0,yes,large_airport,yes,https://en.wikipedia.org/wiki/Syamsudin_Noor_Airport
Sydney / J.A. Douglas McCurdy Airport,CA,CA-NS,NA,Sydney,YQY,CYQY,46.161072,-60.049759,203.0,yes,medium_airport,yes,https://en.wikipedia.org/wiki/Sydney/J.A._Douglas_McCurdy_Airport
Sydney Kingsford Smith International Airport,AU,AU-NSW,OC,Sydney (Mascot),SYD,YSSY,-33.946098,151.177002,21.0,yes,large_airport,yes,https://en.wikipedia.org/wiki/Sydney_Airport
Syktyvkar Airport,RU,RU-KO,EU,Syktyvkar,SCW,UUYY,61.64699935913086,50.84510040283203,342.0,yes,medium_airport,yes,https://en.wikipedia.org/wiki/Syktyvkar_Airport
Syracuse Hancock International Airport,US,US-NY,NA,Syracuse,SYR,KSYR,43.11119842529297,-76.1063003540039,421.0,yes,large_airport,yes,https://en.wikipedia.org/wiki/Syracuse_Hancock_International_Airport
Syros Airport,GR,GR-L,EU,Syros Island,JSY,LGSO,37.4227981567,24.9508991241,236.0,yes,small_airport,no,https://en.wikipedia.org/wiki/Syros_Island_National_Airport
Syukuran Aminuddin Amir Airport,ID,ID-ST,AS,Luwok,LUW,WAFW,-1.035893,122.773934,56.0,no,medium_airport,no,https://en.wikipedia.org/wiki/Syukuran_Aminuddin_Amir_Airport
São Filipe Airport,CV,CV-S,AF,São Filipe,SFL,GVSF,14.8850002289,-24.4799995422,617.0,yes,small_airport,no,https://en.wikipedia.org/wiki/S%C3%A3o_Filipe_Airport
São Félix do Araguaia Airport,BR,BR-MT,SA,São Félix Do Araguaia,SXO,SWFX,-11.6324,-50.689602,650.0,no,small_airport,no,https://en.wikipedia.org/wiki/S%C3%A3o_F%C3%A9lix_do_Araguaia_Airport
São Félix do Xingu Airport,BR,BR-PA,SA,São Félix do Xingu,SXX,SNFX,-6.6413,-51.9523,656.0,no,small_airport,no,https://en.wikipedia.org/wiki/S%C3%A3o_F%C3%A9lix_do_Xingu_Airport
São Gabriel da Cachoeira Airport,BR,BR-AM,SA,São Gabriel da Cachoeira,SJL,SBUA,-0.14835,-66.9855,249.0,yes,medium_airport,no,https://en.wikipedia.org/wiki/São_Gabriel_da_Cachoeira_Airport
São Jorge Airport,PT,PT-20,EU,Velas,SJZ,LPSJ,38.665501,-28.1758,311.0,yes,medium_airport,no,https://en.wikipedia.org/wiki/S%C3%A3o_Jorge_Airport
São Paulo/Guarulhos–Governor André Franco Montoro International Airport,BR,BR-SP,SA,São Paulo,GRU,SBGR,-23.431274,-46.469954,2461.0,yes,large_airport,no,https://en.wikipedia.org/wiki/S%C3%A3o_Paulo-Guarulhos_International_Airport
São Tomé International Airport,ST,ST-01,AF,São Tomé,TMS,FPST,0.378175,6.71215,33.0,yes,large_airport,yes,https://en.wikipedia.org/wiki/S%C3%A3o_Tom%C3%A9_International_Airport
Säve Airport,SE,SE-Q,EU,Göteborg,GSE,ESGP,57.7747,11.8704,59.0,no,medium_airport,no,https://en.wikipedia.org/wiki/S%C3%A4ve_Airport
Sønderborg Airport,DK,DK-83,EU,Sønderborg,SGD,EKSB,54.96440124511719,9.791729927062988,24.0,yes,medium_airport,no,https://en.wikipedia.org/wiki/S%C3%B8nderborg_Airport
Sørkjosen Airport,NO,NO-55,EU,Sørkjosen,SOJ,ENSR,69.786797,20.9594,16.0,yes,medium_airport,no,https://en.wikipedia.org/wiki/S%C3%B8rkjosen_Airport
Süleyman Demirel International Airport,TR,TR-32,AS,Isparta,ISE,LTFC,37.8554,30.368401,2835.0,yes,medium_airport,no,https://en.wikipedia.org/wiki/S%C3%BCleyman_Demirel_Airport
Tabatinga International Airport,BR,BR-AM,SA,Tabatinga,TBT,SBTT,-4.25567,-69.935799,263.0,yes,medium_airport,no,https://en.wikipedia.org/wiki/Tabatinga_International_Airport
Tabriz International Airport,IR,IR-03,AS,Tabriz,TBZ,OITT,38.1339,46.235001,4459.0,yes,large_airport,yes,https://en.wikipedia.org/wiki/Tabriz_International_Airport
Tabubil Airport,PG,PG-WPD,OC,Tabubil,TBG,AYTB,-5.280471,141.227576,1570.0,yes,small_airport,no,https://en.wikipedia.org/wiki/Tabubil_Airport
Tacheng Qianquan Airport,CN,CN-65,AS,Tacheng,TCG,ZWTC,46.672501,83.340797,,yes,small_airport,no,https://en.wikipedia.org/wiki/Tacheng_Airport
Tachileik Airport,MM,MM-17,AS,Tachileik,THL,VYTL,20.483800888061523,99.9354019165039,1280.0,yes,medium_airport,no,https://en.wikipedia.org/wiki/Tachilek_Airport
Taganrog Yuzhny Airport,RU,RU-ROS,EU,Taganrog,TGK,URRT,47.1983333,38.8491667,117.0,yes,medium_airport,no,https://ru.wikipedia.org/wiki/Таганрог-Южный_(аэропорт)
Taichung International Airport / Ching Chuang Kang Air Base,TW,TW-TXG,AS,Taichung (Qingshui),RMQ,RCMQ,24.2647,120.621002,663.0,yes,large_airport,yes,https://en.wikipedia.org/wiki/Taichung_Airport
Taif International Airport,SA,SA-02,AS,Taif,TIF,OETF,21.484739,40.544074,4848.0,yes,large_airport,yes,https://en.wikipedia.org/wiki/Ta%E2%80%99if_Regional_Airport
Tainan International Airport / Tainan Air Base,TW,TW-TNN,AS,Tainan (Rende),TNN,RCNN,22.950399,120.206001,63.0,yes,large_airport,yes,https://en.wikipedia.org/wiki/Tainan_Airport
Taipei Songshan International Airport,TW,TW-TPE,AS,Taipei (Songshan),TSA,RCSS,25.067244,121.552822,18.0,yes,large_airport,yes,https://en.wikipedia.org/wiki/Taipei_Songshan_Airport
Taitung Airport,TW,TW-TTT,AS,Taitung City,TTT,RCFN,22.754856,121.101794,143.0,yes,medium_airport,no,https://en.wikipedia.org/wiki/Taitung_Airport
Taiwan Taoyuan International Airport,TW,TW-TAO,AS,Taoyuan,TPE,RCTP,25.0777,121.233002,106.0,yes,large_airport,no,https://zh.wikipedia.org/wiki/%E8%87%BA%E7%81%A3%E6%A1%83%E5%9C%92%E5%9C%8B%E9%9A%9B%E6%A9%9F%E5%A0%B4
Taiyuan Wusu International Airport,CN,CN-14,AS,Taiyuan,TYN,ZBYN,37.746899,112.627998,2575.0,yes,large_airport,yes,https://en.wikipedia.org/wiki/Taiyuan_Wusu_International_Airport
Taiz International Airport,YE,YE-TA,AS,Taiz,TAI,OYTZ,13.686,44.139099,4838.0,yes,medium_airport,no,https://en.wikipedia.org/wiki/Taiz_International_Airport
Taizhou Luqiao Airport,CN,CN-33,AS,Taizhou (Luqiao),HYN,ZSLQ,28.562201,121.429001,,yes,medium_airport,no,https://en.wikipedia.org/wiki/Huangyan_Luqiao_Airport
Takamatsu Airport,JP,JP-37,AS,Takamatsu,TAK,RJOT,34.214963,134.015454,607.0,yes,large_airport,no,https://en.wikipedia.org/wiki/Takamatsu_Airport
Takapoto Airport,PF,PF-U-A,OC,,TKP,NTGT,-14.709500312805176,-145.24600219726562,12.0,yes,medium_airport,no,https://en.wikipedia.org/wiki/Takapoto_Airport
Takaroa Airport,PF,PF-U-A,OC,,TKX,NTKR,-14.45580005645752,-145.02499389648438,13.0,yes,medium_airport,no,https://en.wikipedia.org/wiki/Takaroa_Airport
Takoradi Airport,GH,GH-WP,AF,Sekondi-Takoradi,TKD,DGTK,4.896059989929199,-1.7747600078582764,21.0,yes,medium_airport,yes,https://en.wikipedia.org/wiki/Takoradi_Airport
Takotna Airport,US,US-AK,NA,Takotna,TCT,PPCT,62.993206,-156.029026,825.0,yes,small_airport,no,https://en.wikipedia.org/wiki/Takotna_Airport
Talagi Airport,RU,RU-ARK,EU,Archangelsk,ARH,ULAA,64.60030364990234,40.71670150756836,62.0,yes,medium_airport,yes,https://en.wikipedia.org/wiki/Talagi_Airport
Tallahassee International Airport,US,US-FL,NA,Tallahassee,TLH,KTLH,30.401209,-84.35433,81.0,yes,medium_airport,yes,https://en.wikipedia.org/wiki/Tallahassee_Regional_Airport
Taloyoak Airport,CA,CA-NU,NA,Taloyoak,YYH,CYYH,69.5467,-93.576698,92.0,yes,small_airport,no,https://en.wikipedia.org/wiki/Taloyoak_Airport
Tamarindo Airport,CR,CR-G,NA,Tamarindo,TNO,MRTM,10.313500404358,-85.815498352051,41.0,no,small_airport,no,https://en.wikipedia.org/wiki/Tamarindo_Airport
Tambolaka Airport,ID,ID-NT,AS,Radamata,TMC,WATK,-9.409224,119.242558,161.0,yes,small_airport,no,https://en.wikipedia.org/wiki/Tambolaka_Airport
Tambor Airport,CR,CR-P,NA,Nicoya,TMU,MRTR,9.739307,-85.016199,33.0,no,small_airport,no,https://en.wikipedia.org/wiki/Tambor_Airport
Tampa International Airport,US,US-FL,NA,Tampa,TPA,KTPA,27.9755,-82.533203,26.0,yes,large_airport,yes,https://en.wikipedia.org/wiki/Tampa_International_Airport
Tampa Padang Airport,ID,ID-SR,AS,Mamuju,MJU,WAFJ,-2.590017,119.025051,49.0,no,small_airport,no,https://en.wikipedia.org/wiki/Tampa_Padang_Airport
Tampere-Pirkkala Airport,FI,FI-11,EU,Tampere / Pirkkala,TMP,EFTP,61.414101,23.604401,390.0,yes,large_airport,yes,https://en.wikipedia.org/wiki/Tampere-Pirkkala_Airport
Tamworth Airport,AU,AU-NSW,OC,Tamworth,TMW,YSTW,-31.077898,150.845484,1334.0,yes,medium_airport,no,https://en.wikipedia.org/wiki/Tamworth_Airport
Tan Son Nhat International Airport,VN,VN-SE,AS,Ho Chi Minh City,SGN,VVTS,10.8188,106.652,33.0,yes,large_airport,yes,https://en.wikipedia.org/wiki/Tan_Son_Nhat_International_Airport
Tan Tan Airport,MA,MA-10,AF,Tan Tan,TTA,GMAT,28.447563,-11.161749,653.0,yes,medium_airport,no,https://en.wikipedia.org/wiki/Tan_Tan_Airport
Tancredo Neves International Airport,BR,BR-MG,SA,Belo Horizonte,CNF,SBCF,-19.63571,-43.966928,2721.0,yes,large_airport,yes,https://en.wikipedia.org/wiki/Belo_Horizonte_International_Airport
Tancredo Thomas de Faria Airport,BR,BR-PR,SA,Guarapuava,GPB,SSGG,-25.388327,-51.52349,3494.0,no,small_airport,no,https://en.wikipedia.org/wiki/Guarapuava_Airport
Tangier Ibn Battuta Airport,MA,MA-01,AF,Tangier,TNG,GMTT,35.731741,-5.921459,62.0,yes,large_airport,yes,https://en.wikipedia.org/wiki/Tangier_Ibn_Battouta_Airport
Tangshan Sannühe Airport,CN,CN-13,AS,Tangshan (Fengrun),TVS,ZBSN,39.7178,118.002625,50.0,yes,small_airport,no,https://en.wikipedia.org/wiki/Tangshan_Sann%C3%BChe_Airport
Tanjung Manis Airport,MY,MY-13,AS,Belawai,TGC,WBTM,2.17784,111.202003,15.0,no,small_airport,no,https://en.wikipedia.org/wiki/Tanjung_Manis_Airport
Tapachula International Airport,MX,MX-CHP,NA,Tapachula,TAP,MMTP,14.794549,-92.369871,97.0,yes,medium_airport,no,https://en.wikipedia.org/wiki/Tapachula_International_Airport
Tapuruquara Airport,BR,BR-AM,SA,Santa Isabel do Rio Negro,IRZ,SWTP,-0.378604,-64.992558,141.0,yes,small_airport,no,https://en.wikipedia.org/wiki/Tapuruquara_Airport
Tarapacá Airport,CO,CO-AMA,SA,Tarapacá,TCD,SKRA,-2.895802,-69.749762,253.0,yes,small_airport,no,https://en.wikipedia.org/wiki/Tarapac%C3%A1_Airport
Taraz International Airport,KZ,KZ-ZHA,AS,Taraz,DMB,UADD,42.8536,71.303596,2184.0,yes,large_airport,yes,https://en.wikipedia.org/wiki/Taraz_Airport
Tarbes-Lourdes-Pyrénées Airport,FR,FR-OCC,EU,Tarbes/Lourdes/Pyrénées,LDE,LFBT,43.178699,-0.006439,1260.0,yes,medium_airport,no,https://en.wikipedia.org/wiki/Tarbes-Lourdes-Pyr%C3%A9n%C3%A9es_Airport
Taree Airport,AU,AU-NSW,OC,Taree,TRO,YTRE,-31.888599,152.514008,38.0,no,medium_airport,no,https://en.wikipedia.org/wiki/Taree_Airport
Tari Airport,PG,PG-HLA,OC,Tari,TIZ,AYTA,-5.845,142.947998,5500.0,yes,small_airport,no,https://en.wikipedia.org/wiki/Tari_Airport
Tarko-Sale Airport,RU,RU-YAN,EU,Tarko-Sale,TQL,USDS,64.930485,77.811295,82.0,no,small_airport,no,
Tartu Airport,EE,EE-7B,EU,Tartu,TAY,EETU,58.307438,26.686473,220.0,yes,medium_airport,yes,https://en.wikipedia.org/wiki/Tartu_Airport
Tashkent International Airport,UZ,UZ-TO,AS,Tashkent,TAS,UZTT,41.2579,69.281197,1417.0,yes,large_airport,yes,https://en.wikipedia.org/wiki/Tashkent_International_Airport
Tasiilaq Heliport,GL,GL-SE,NA,Tasiilaq,AGM,,65.612296,-37.618335,24.0,yes,heliport,no,https://en.wikipedia.org/wiki/Tasiilaq_Heliport
Tasiujaq Airport,CA,CA-QC,NA,Tasiujaq,YTQ,CYTQ,58.667801,-69.955803,122.0,yes,small_airport,no,https://en.wikipedia.org/wiki/Tasiujaq_Airport
Tasiusaq Heliport,GL,GL-KU,NA,Tasiusak,XEQ,BGTQ,60.194305,-44.813447,21.0,yes,heliport,no,https://en.wikipedia.org/wiki/Tasiusaq_Heliport_(Kujalleq)
Tasiusaq Heliport,GL,GL-AV,NA,Tasiusaq,TQA,BGTA,73.373055,-56.06028,181.0,yes,heliport,no,https://en.wikipedia.org/wiki/Tasiusaq_Heliport_(Avannaata)
Tatalina LRRS Airport,US,US-AK,NA,Takotna,TLJ,PATL,62.8944015503,-155.977005005,964.0,no,medium_airport,no,https://en.wikipedia.org/wiki/Tatalina_LRRS_Airport
Taupo Airport,NZ,NZ-WKO,OC,Taupo,TUO,NZAP,-38.73970031738281,176.08399963378906,1335.0,yes,medium_airport,no,https://en.wikipedia.org/wiki/Taupo_Airport
Tauranga Airport,NZ,NZ-BOP,OC,Tauranga,TRG,NZTG,-37.67190170288086,176.1959991455078,13.0,yes,medium_airport,no,https://en.wikipedia.org/wiki/Tauranga_Airport
Tavie Airport,VU,VU-MAP,OC,Paama Island,PBJ,NVSI,-16.431955,168.235511,69.0,yes,small_airport,no,https://en.wikipedia.org/wiki/Paama_Airport
Tawau Airport,MY,MY-12,AS,Tawau,TWU,WBKW,4.31338,118.12152,57.0,yes,medium_airport,no,https://en.wikipedia.org/wiki/Tawau_Airport
Tazadit Airport,MR,MR-11,AF,Zouérate,OUZ,GQPZ,22.757345,-12.482228,1119.0,yes,medium_airport,no,https://en.wikipedia.org/wiki/Tazadit_Airport
Tbilisi International Airport,GE,GE-TB,AS,Tbilisi,TBS,UGTB,41.669201,44.9547,1624.0,yes,large_airport,yes,https://en.wikipedia.org/wiki/Tbilisi_International_Airport
Ted Stevens Anchorage International Airport,US,US-AK,NA,Anchorage,ANC,PANC,61.179004,-149.992561,152.0,yes,large_airport,yes,https://en.wikipedia.org/wiki/Ted_Stevens_Anchorage_International_Airport
Teesside International Airport,GB,GB-ENG,EU,"Darlington, Durham",MME,EGNV,54.509201,-1.42941,120.0,yes,medium_airport,yes,https://en.wikipedia.org/wiki/Teesside_International_Airport
Tefé Airport,BR,BR-AM,SA,Tefé,TFF,SBTF,-3.38294,-64.724098,186.0,yes,medium_airport,no,https://en.wikipedia.org/wiki/Tef%C3%A9_Airport
Tekirdağ Çorlu Airport,TR,TR-59,EU,Çorlu,TEQ,LTBU,41.138199,27.9191,574.0,yes,medium_airport,no,https://en.wikipedia.org/wiki/Tekirda%C4%9F_%C3%87orlu_Airport
Teller Airport,US,US-AK,NA,Teller,TLA,PATE,65.240402,-166.339005,294.0,yes,small_airport,no,https://en.wikipedia.org/wiki/Teller_Airport
Ten. Cel. Aviador César Bombonato Airport,BR,BR-MG,SA,Uberlândia,UDI,SBUL,-18.883579,-48.225936,3094.0,yes,medium_airport,yes,https://en.wikipedia.org/wiki/Uberlândia_Airport
Tenakee Seaplane Base,US,US-AK,NA,Tenakee Springs,TKE,,57.779701,-135.218002,,yes,seaplane_base,no,https://en.wikipedia.org/wiki/Tenakee_Seaplane_Base
Tenerife Norte-Ciudad de La Laguna Airport,ES,ES-CN,AF,Tenerife,TFN,GCXO,28.482752,-16.341707,2076.0,yes,large_airport,yes,https://en.wikipedia.org/wiki/Los_Rodeos_Airport
Tenerife Sur Airport,ES,ES-CN,AF,Tenerife,TFS,GCTS,28.0445,-16.5725,209.0,yes,large_airport,no,https://en.wikipedia.org/wiki/Tenerife%E2%80%93South_Airport
Tengchong Tuofeng Airport,CN,CN-53,AS,Baoshan (Tengchong),TCZ,ZPTC,24.938056,98.485833,6250.0,yes,medium_airport,no,https://en.wikipedia.org/wiki/Tengchong_Tuofeng_Airport
Teniente Av. Jorge Henrich Arauz Airport,BO,BO-B,SA,Trinidad,TDD,SLTR,-14.8187,-64.917999,509.0,yes,medium_airport,no,https://en.wikipedia.org/wiki/Tte._Av._Jorge_Henrich_Arauz_Airport
Teniente Benjamín Matienzo International Airport,AR,AR-T,SA,San Miguel de Tucumán,TUC,SANT,-26.837397,-65.104195,1493.0,yes,large_airport,yes,https://en.wikipedia.org/wiki/Benjam%C3%ADn_Matienzo_International_Airport
Teniente Luis Candelaria International Airport,AR,AR-R,SA,San Carlos de Bariloche,BRC,SAZS,-41.151199,-71.157501,2774.0,yes,large_airport,yes,https://en.wikipedia.org/wiki/San_Carlos_de_Bariloche_Airport
Termas de Río Hondo international Airport,AR,AR-G,SA,Termas de Río Hondo,RHD,SANR,-27.4966,-64.93595,935.0,yes,medium_airport,yes,https://en.wikipedia.org/wiki/Las_Termas_Airport
Termez Airport,UZ,UZ-SU,AS,Termez,TMJ,UZST,37.287261,67.311869,1027.0,yes,medium_airport,yes,https://en.wikipedia.org/wiki/Termez_Airport
Terrance B. Lettsome International Airport,VG,VG-U-A,NA,Beef Island,EIS,TUPJ,18.445492,-64.541707,15.0,yes,large_airport,yes,https://en.wikipedia.org/wiki/Terrance_B._Lettsome_International_Airport
Tete Airport,MZ,MZ-T,AF,Tete,TET,FQTT,-16.104799,33.640202,525.0,yes,large_airport,yes,https://en.wikipedia.org/wiki/Chingozi_Airport
Teterboro Airport,US,US-NJ,NA,Teterboro,TEB,KTEB,40.850101,-74.060799,9.0,yes,medium_airport,no,https://en.wikipedia.org/wiki/Teterboro_Airport
Texarkana Regional Airport (Webb Field),US,US-AR,NA,Texarkana,TXK,KTXK,33.453701,-93.990997,390.0,yes,medium_airport,no,https://en.wikipedia.org/wiki/Texarkana_Regional_Airport
Thandwe Airport,MM,MM-16,AS,Thandwe,SNW,VYTD,18.4606990814209,94.30010223388672,20.0,yes,medium_airport,no,https://en.wikipedia.org/wiki/Thandwe_Airport
Thargomindah Airport,AU,AU-QLD,OC,Thargomindah,XTG,YTGM,-27.986368,143.812065,433.0,yes,medium_airport,no,https://en.wikipedia.org/wiki/Thargomindah_Airport
The Eastern Iowa Airport,US,US-IA,NA,Cedar Rapids,CID,KCID,41.884701,-91.7108,869.0,yes,medium_airport,no,https://en.wikipedia.org/wiki/The_Eastern_Iowa_Airport
The Pas Airport,CA,CA-MB,NA,The Pas,YQD,CYQD,53.97140121459961,-101.09100341796876,887.0,yes,medium_airport,no,https://en.wikipedia.org/wiki/The_Pas_Airport
Thessaloniki Macedonia International Airport,GR,GR-B,EU,Thessaloniki,SKG,LGTS,40.51928,22.970009,22.0,yes,large_airport,yes,https://en.wikipedia.org/wiki/Thessaloniki_Airport
Thief River Falls Regional Airport,US,US-MN,NA,Thief River Falls,TVF,KTVF,48.065701,-96.184998,1119.0,yes,medium_airport,no,https://en.wikipedia.org/wiki/Thief_River_Falls_Regional_Airport
Thiruvananthapuram International Airport,IN,IN-KL,AS,Thiruvananthapuram,TRV,VOTV,8.481889,76.920029,15.0,yes,large_airport,yes,https://en.wikipedia.org/wiki/Trivandrum_International_Airport
Tho Xuan Airport,VN,VN-NC,AS,Thanh Hóa,THD,VVTX,19.901667,105.467778,59.0,yes,small_airport,no,https://en.wikipedia.org/wiki/Tho_Xuan_Airport
Thompson Airport,CA,CA-MB,NA,Thompson,YTH,CYTH,55.80110168457031,-97.86419677734376,729.0,yes,medium_airport,no,https://en.wikipedia.org/wiki/Thompson_Airport
Thorne Bay Seaplane Base,US,US-AK,NA,Thorne Bay,KTB,,55.682762,-132.532883,,yes,seaplane_base,no,https://en.wikipedia.org/wiki/Thorne_Bay_Seaplane_Base
Thunder Bay International Airport,CA,CA-ON,NA,Thunder Bay,YQT,CYQT,48.371899,-89.323898,653.0,yes,medium_airport,yes,https://en.wikipedia.org/wiki/Thunder_Bay_International_Airport
Tianjin Binhai International Airport,CN,CN-12,AS,Tianjin,TSN,ZBTJ,39.124401092499994,117.346000671,10.0,yes,large_airport,yes,https://en.wikipedia.org/wiki/Tianjin_Binhai_International_Airport
Tiga Airport,NC,NC-01,OC,Tiga,TGJ,NWWA,-21.096407,167.80379,128.0,yes,medium_airport,no,https://en.wikipedia.org/wiki/Tiga_Airport
Tikehau Airport,PF,PF-U-A,OC,Tuherahera,TIH,NTGC,-15.1196,-148.231003,6.0,yes,medium_airport,no,https://en.wikipedia.org/wiki/Tikehau_Airport
Tiksi Airport,RU,RU-SA,AS,Tiksi,IKS,UEST,71.697700500488,128.90299987793,26.0,yes,medium_airport,no,https://en.wikipedia.org/wiki/Tiksi_Airport
Timaru Airport,NZ,NZ-CAN,OC,,TIU,NZTU,-44.30279922485352,171.22500610351562,89.0,yes,medium_airport,no,https://en.wikipedia.org/wiki/Richard_Pearse_Airport
Timișoara Traian Vuia International Airport,RO,RO-TM,EU,Timişoara,TSR,LRTR,45.809898,21.3379,348.0,yes,large_airport,yes,https://en.wikipedia.org/wiki/Traian_Vuia_International_Airport
Timmins/Victor M. Power,CA,CA-ON,NA,Timmins,YTS,CYTS,48.5696983337,-81.376701355,967.0,yes,medium_airport,no,https://en.wikipedia.org/wiki/Timmins_Airport
Tin City Long Range Radar Station Airport,US,US-AK,NA,Tin City,TNC,PATC,65.563103,-167.921997,271.0,yes,small_airport,no,https://en.wikipedia.org/wiki/Tin_City_LRRS_Airport
Tingo Maria Airport,PE,PE-HUC,SA,Tingo Maria,TGI,SPGM,-9.289667,-76.005058,2146.0,no,small_airport,no,https://en.wikipedia.org/wiki/Tingo_Mar%C3%ADa_Airport
Tiniteqilaaq Heliport,GL,GL-SE,NA,Tiniteqilaaq,TQI,BGTN,65.892027,-37.783409,15.0,yes,heliport,no,https://en.wikipedia.org/wiki/Tiniteqilaaq_Heliport
Tirana International Airport Mother Teresa,AL,AL-02,EU,Rinas,TIA,LATI,41.4147,19.7206,126.0,yes,large_airport,yes,https://en.wikipedia.org/wiki/Tirana_International_Airport_N%C3%ABn%C3%AB_Tereza
Tiree Airport,GB,GB-SCT,EU,"Balemartine, Argyll and Bute",TRE,EGPU,56.499199,-6.86917,38.0,yes,medium_airport,no,https://en.wikipedia.org/wiki/Tiree_Airport
Tiruchirappalli International Airport,IN,IN-TN,AS,Tiruchirappalli,TRZ,VOTR,10.762915,78.717741,288.0,yes,large_airport,yes,https://en.wikipedia.org/wiki/Tiruchirappalli_International_Airport
Tirupati International Airport,IN,IN-AP,AS,Tirupati,TIR,VOTP,13.631988,79.539869,350.0,yes,large_airport,yes,https://en.wikipedia.org/wiki/Tirupati_Airport
Tiska Djanet Airport,DZ,DZ-56,AF,Djanet,DJG,DAAJ,24.285448,9.463652,3176.0,yes,large_airport,no,https://en.wikipedia.org/wiki/Djanet_Inedbirene_Airport
Tivat Airport,ME,ME-19,EU,Tivat,TIV,LYTV,42.404701,18.723301,20.0,yes,medium_airport,yes,https://en.wikipedia.org/wiki/Tivat_Airport
Tjilik Riwut Airport,ID,ID-KT,AS,Palangkaraya,PKY,WAGG,-2.227146,113.943388,82.0,yes,medium_airport,no,https://en.wikipedia.org/wiki/Tjilik_Riwut_Airport
Toamasina Ambalamanasy Airport,MG,MG-A,AF,Toamasina,TMM,FMMT,-18.113537,49.392262,22.0,yes,large_airport,yes,https://en.wikipedia.org/wiki/Toamasina_Airport
Tobruk International Airport,LY,LY-BU,AF,Adam,TOB,HLTQ,31.861,23.907,519.0,no,small_airport,no,https://en.wikipedia.org/wiki/Tobruk_Airport
Tobías Bolaños International Airport,CR,CR-SJ,NA,San Jose,SYQ,MRPV,9.95705,-84.139801,3287.0,yes,medium_airport,no,https://en.wikipedia.org/wiki/Tob%C3%ADas_Bola%C3%B1os_International_Airport
Tocumen International Airport,PA,PA-8,NA,Tocumen,PTY,MPTO,9.07136,-79.383499,135.0,yes,large_airport,no,https://en.wikipedia.org/wiki/Tocumen_International_Airport
Togiak Airport,US,US-AK,NA,Togiak Village,TOG,PATG,59.052799,-160.397003,21.0,yes,small_airport,no,https://en.wikipedia.org/wiki/Togiak_Airport
Tok Junction Airport,US,US-AK,NA,Tok,TKJ,PFTO,63.32949829,-142.9539948,1639.0,yes,small_airport,no,https://en.wikipedia.org/wiki/Tok_Junction_Airport
Tokachi-Obihiro Airport,JP,JP-01,AS,Obihiro,OBO,RJCB,42.7332992554,143.216995239,505.0,yes,medium_airport,no,https://en.wikipedia.org/wiki/Obihiro_Airport
Toksook Bay Airport,US,US-AK,NA,Toksook Bay,OOK,PAOO,60.541401,-165.087006,59.0,yes,small_airport,no,https://en.wikipedia.org/wiki/Toksook_Bay_Airport
Tokua Airport,PG,PG-EBR,OC,Kokopo,RAB,AYTK,-4.34046,152.380005,49.0,yes,medium_airport,no,https://en.wikipedia.org/wiki/Rabaul_Airport
Tokushima Awaodori Airport / JMSDF Tokushima Air Base,JP,JP-36,AS,Tokushima,TKS,RJOS,34.132559,134.607816,26.0,yes,large_airport,no,https://en.wikipedia.org/wiki/Tokushima_Airport
Tokyo Haneda International Airport,JP,JP-13,AS,Tokyo,HND,RJTT,35.549678,139.786958,35.0,yes,large_airport,yes,https://en.wikipedia.org/wiki/Tokyo_International_Airport
Toliara Airport,MG,MG-U,AF,Toliara,TLE,FMST,-23.3834,43.7285,29.0,yes,medium_airport,yes,https://en.wikipedia.org/wiki/Toliara_Airport
Tom Madsen (Dutch Harbor) Airport,US,US-AK,NA,Unalaska,DUT,PADU,53.89881,-166.544996,22.0,yes,medium_airport,no,https://en.wikipedia.org/wiki/Unalaska_Airport
Tomsk Kamov Airport,RU,RU-TOM,AS,Tomsk,TOF,UNTT,56.380299,85.208298,597.0,yes,large_airport,yes,https://en.wikipedia.org/wiki/Bogashevo_Airport
Toncontín Airport,HN,HN-FM,NA,Tegucigalpa,TGU,MHTG,14.0609,-87.217201,3294.0,yes,medium_airport,yes,https://en.wikipedia.org/wiki/Toncont%C3%ADn_International_Airport
Tongliao Airport,CN,CN-15,AS,Tongliao,TGO,ZBTL,43.556702,122.199997,2395.0,yes,medium_airport,no,https://en.wikipedia.org/wiki/Tongliao_Airport
Tongoa Airport,VU,VU-SEE,OC,Tongoa Island,TGH,NVST,-16.8910999298,168.550994873,443.0,yes,small_airport,no,https://en.wikipedia.org/wiki/Tongoa_Airport
Tongren Fenghuang Airport,CN,CN-52,AS,Tongren (Daxing),TEN,ZUTR,27.883333,109.308889,,yes,medium_airport,no,https://en.wikipedia.org/wiki/Tongren_Fenghuang_Airport
Toowoomba Airport,AU,AU-QLD,OC,Toowoomba,TWB,YTWB,-27.543365,151.919112,2086.0,no,small_airport,no,https://en.wikipedia.org/wiki/Victoria_River_Downs_Airport
Topeka Regional Airport,US,US-KS,NA,Topeka,FOE,KFOE,38.950901,-95.663597,1078.0,no,medium_airport,no,https://en.wikipedia.org/wiki/Topeka_Regional_Airport
Toronto Pearson International Airport,CA,CA-ON,NA,Toronto,YYZ,CYYZ,43.675935,-79.629421,569.0,yes,large_airport,yes,https://en.wikipedia.org/wiki/Toronto_Pearson_International_Airport
Torres Airstrip,VU,VU-TOB,OC,Loh/Linua,TOH,NVSD,-13.328,166.638,75.0,no,small_airport,no,https://en.wikipedia.org/wiki/Torres_Airport
Torsby Airport,SE,SE-S,EU,Torsby,TYF,ESST,60.1576,12.9913,393.0,yes,medium_airport,no,https://en.wikipedia.org/wiki/Torsby_Airport
Totegegie Airport,PF,PF-U-A,OC,,GMR,NTGJ,-23.07990074157715,-134.88999938964844,7.0,yes,medium_airport,no,https://en.wikipedia.org/wiki/Totegegie_Airport
Tottori Sand Dunes Conan Airport,JP,JP-31,AS,Tottori,TTJ,RJOR,35.530058,134.165023,65.0,yes,medium_airport,no,https://en.wikipedia.org/wiki/Tottori_Airport
Touat-Cheikh Sidi Mohamed Belkebir Airport,DZ,DZ-01,AF,Adrar,AZR,DAUA,27.837601,-0.186414,919.0,yes,medium_airport,no,https://en.wikipedia.org/wiki/Touat_Cheikh_Sidi_Mohamed_Belkebir_Airport
Touggourt Sidi Madhi Airport,DZ,DZ-55,AF,Touggourt,TGR,DAUK,33.067799,6.08867,279.0,yes,medium_airport,no,https://en.wikipedia.org/wiki/Touggourt_Sidi_Madhi_Airport
Touho Airport,NC,NC-02,OC,Touho,TOU,NWWU,-20.790127,165.259524,10.0,yes,medium_airport,no,https://en.wikipedia.org/wiki/Touho_Airport
Toulon-Hyères Airport,FR,FR-PAC,EU,"Hyères, Var",TLN,LFTH,43.097301,6.14603,7.0,yes,medium_airport,yes,https://en.wikipedia.org/wiki/Toulon-Hy%C3%A8res_Airport
Toulouse-Blagnac Airport,FR,FR-OCC,EU,Toulouse/Blagnac,TLS,LFBO,43.629101,1.36382,499.0,yes,large_airport,yes,https://en.wikipedia.org/wiki/Toulouse_Blagnac_International_Airport
Tours Val de Loire Airport,FR,FR-CVL,EU,"Tours, Indre-et-Loire",TUF,LFOT,47.432201,0.727606,357.0,yes,medium_airport,yes,https://en.wikipedia.org/wiki/Tours_Val_de_Loire_Airport
Toussaint Louverture International Airport,HT,HT-OU,NA,Port-au-Prince,PAP,MTPP,18.580023,-72.292596,122.0,yes,large_airport,yes,https://en.wikipedia.org/wiki/Toussaint_Louverture_International_Airport
Townsville Airport / RAAF Base Townsville,AU,AU-QLD,OC,Townsville,TSV,YBTL,-19.252904,146.766512,18.0,yes,medium_airport,no,https://en.wikipedia.org/wiki/Townsville_Airport
Toyama Kitokito Airport,JP,JP-16,AS,Toyama,TOY,RJNT,36.648416,137.187359,95.0,yes,medium_airport,no,https://en.wikipedia.org/wiki/Toyama_Airport
Tozeur Nefta International Airport,TN,TN-72,AF,Tozeur,TOE,DTTZ,33.939701080322266,8.110560417175293,287.0,yes,medium_airport,yes,https://en.wikipedia.org/wiki/Nefta_Airport
Trabzon International Airport,TR,TR-61,AS,Trabzon,TZX,LTCG,40.995098,39.7897,104.0,yes,medium_airport,yes,https://en.wikipedia.org/wiki/Trabzon_Airport
Trail Regional Airport,CA,CA-BC,NA,Trail,YZZ,,49.055599,-117.609001,1427.0,yes,small_airport,no,https://en.wikipedia.org/wiki/Trail_Airport
Trang Airport,TH,TH-92,AS,Trang,TST,VTST,7.50874,99.6166,67.0,yes,medium_airport,no,https://en.wikipedia.org/wiki/Trang_Airport
Trat Airport,TH,TH-23,AS,Laem Ngop,TDX,VTBO,12.2746,102.319,105.0,yes,medium_airport,no,https://en.wikipedia.org/wiki/Trat_Airport
Treasure Cay Airport,BS,BS-CO,NA,Treasure Cay,TCB,MYAT,26.745300293,-77.3912963867,8.0,yes,medium_airport,no,https://en.wikipedia.org/wiki/Treasure_Cay_Airport
Trenton Mercer Airport,US,US-NJ,NA,Ewing Township,TTN,KTTN,40.276699,-74.813499,213.0,yes,medium_airport,no,https://en.wikipedia.org/wiki/Trenton-Mercer_Airport
Tres De Mayo Airport,CO,CO-PUT,SA,Puerto Asís,PUU,SKAS,0.505228,-76.5008,815.0,yes,medium_airport,no,https://en.wikipedia.org/wiki/Tres_de_Mayo_Airport
Treviso Airport,IT,IT-34,EU,Treviso (TV),TSF,LIPH,45.648399,12.1944,59.0,yes,large_airport,no,https://en.wikipedia.org/wiki/Treviso_Airport
Tri Cities Airport,US,US-WA,NA,Pasco,PSC,KPSC,46.264702,-119.119003,410.0,yes,medium_airport,no,https://en.wikipedia.org/wiki/Tri-Cities_Airport_(Washington)
Tri-Cities Regional TN/VA Airport,US,US-TN,NA,Blountville,TRI,KTRI,36.475201,-82.407401,1519.0,yes,medium_airport,no,https://en.wikipedia.org/wiki/Tri-Cities_Regional_Airport
Tri-State Airport / Milton J. Ferguson Field,US,US-WV,NA,Huntington,HTS,KHTS,38.366699,-82.557999,828.0,yes,medium_airport,no,https://en.wikipedia.org/wiki/Tri-State_Airport
Tribhuvan International Airport,NP,NP-P3,AS,Kathmandu,KTM,VNKT,27.6966,85.3591,4390.0,yes,large_airport,yes,https://en.wikipedia.org/wiki/Tribhuvan_International_Airport
Trieste Airport,IT,IT-36,EU,Ronchi dei Legionari/Trieste,TRS,LIPQ,45.827862,13.466672,39.0,yes,large_airport,yes,https://en.wikipedia.org/wiki/Trieste_%E2%80%93_Friuli_Venezia_Giulia_Airport
Trollhättan-Vänersborg Airport,SE,SE-Q,EU,Trollhättan,THN,ESGT,58.31809997558594,12.345000267028809,137.0,yes,medium_airport,no,https://en.wikipedia.org/wiki/Trollh%C3%A4ttan-V%C3%A4nersborg_Airport
Trombetas Airport,BR,BR-PA,SA,Oriximiná,TMT,SBTB,-1.4896,-56.396801,167.0,yes,medium_airport,no,https://en.wikipedia.org/wiki/Porto_Trombetas_Airport
Tromsø Airport,NO,NO-55,EU,Tromsø,TOS,ENTC,69.683296,18.9189,31.0,yes,large_airport,yes,https://en.wikipedia.org/wiki/Troms%C3%B8_Airport
"Trondheim Airport, Værnes",NO,NO-50,EU,Trondheim,TRD,ENVA,63.457802,10.924,56.0,yes,large_airport,yes,https://en.wikipedia.org/wiki/Trondheim_Airport%2C_V%C3%A6rnes
Tshikapa Airport,CD,CD-KS,AF,Tshikapa,TSH,FZUK,-6.43833,20.794701,1595.0,no,small_airport,no,https://en.wikipedia.org/wiki/Tshikapa_Airport
Tsushima Airport,JP,JP-42,AS,Tsushima,TSJ,RJDT,34.2849006653,129.330993652,213.0,yes,medium_airport,no,https://en.wikipedia.org/wiki/Tsushima_Airport
Tubuai Airport,PF,PF-U-A,OC,,TUB,NTAT,-23.365400314331055,-149.5240020751953,7.0,yes,medium_airport,no,https://en.wikipedia.org/wiki/Tubuai_-_Mataura_Airport
Tucson International Airport,US,US-AZ,NA,Tucson,TUS,KTUS,32.115004,-110.938053,2643.0,yes,large_airport,yes,https://en.wikipedia.org/wiki/Tucson_International_Airport
Tucuruí Airport,BR,BR-PA,SA,Tucuruí,TUR,SBTU,-3.78601,-49.720299,830.0,yes,medium_airport,no,https://en.wikipedia.org/wiki/Tucuru%C3%AD_Airport
Tufi Airport,PG,PG-NPP,OC,Tufi,TFI,AYTU,-9.07595443726,149.319839478,85.0,yes,small_airport,no,https://en.wikipedia.org/wiki/Tufi_Airport
Tuguegarao Airport,PH,PH-CAG,AS,Tuguegarao City,TUG,RPUT,17.6433676823,121.733150482,70.0,yes,medium_airport,no,https://en.wikipedia.org/wiki/Tuguegarao_Airport
Tuktoyaktuk / James Gruben Airport,CA,CA-NT,NA,Tuktoyaktuk,YUB,CYUB,69.433296,-133.026001,15.0,no,small_airport,no,https://en.wikipedia.org/wiki/Tuktoyaktuk/James_Gruben_Airport
Tulita Airport,CA,CA-NT,NA,Tulita,ZFN,CZFN,64.909496,-125.570297,332.0,yes,small_airport,no,https://en.wikipedia.org/wiki/Tulita_Airport
Tulsa International Airport,US,US-OK,NA,Tulsa,TUL,KTUL,36.197084,-95.886225,677.0,yes,large_airport,yes,https://en.wikipedia.org/wiki/Tulsa_International_Airport
Tuluksak Airport,US,US-AK,NA,Tuluksak,TLT,,61.086973,-160.922842,30.0,yes,small_airport,no,https://en.wikipedia.org/wiki/Tuluksak_Airport
Tumling Tar Airport,NP,NP-P1,AS,Tumling Tar,TMI,VNTR,27.315001,87.193298,1700.0,yes,small_airport,no,https://en.wikipedia.org/wiki/Tumlingtar_Airport
Tunis Carthage International Airport,TN,TN-11,AF,Tunis,TUN,DTTA,36.851002,10.2272,22.0,yes,large_airport,yes,https://en.wikipedia.org/wiki/Tunis-Carthage_International_Airport
Tuntutuliak Airport,US,US-AK,NA,Tuntutuliak,WTL,,60.351243,-162.654476,16.0,yes,small_airport,no,https://en.wikipedia.org/wiki/Tuntutuliak_Airport
Tununak Airport,US,US-AK,NA,Tununak,TNK,,60.569638,-165.246649,14.0,yes,small_airport,no,https://en.wikipedia.org/wiki/Tununak_Airport
Tupelo Regional Airport,US,US-MS,NA,Tupelo,TUP,KTUP,34.26810073852539,-88.7698974609375,346.0,yes,medium_airport,no,https://en.wikipedia.org/wiki/Tupelo_Regional_Airport
Turaif Domestic Airport,SA,SA-08,AS,Turaif,TUI,OETR,31.692188,38.731544,2803.0,yes,medium_airport,no,https://en.wikipedia.org/wiki/Turaif_Domestic_Airport
Turbat International Airport,PK,PK-BA,AS,Turbat,TUK,OPTU,25.984767,63.028856,498.0,yes,large_airport,yes,https://en.wikipedia.org/wiki/Turbat_Internatioal_Airport
Turin Airport,IT,IT-21,EU,Caselle Torinese (TO),TRN,LIMF,45.200802,7.64963,989.0,yes,large_airport,yes,https://en.wikipedia.org/wiki/Turin_International_Airport
Turku Airport,FI,FI-19,EU,Turku,TKU,EFTU,60.514099,22.2628,161.0,yes,large_airport,yes,https://en.wikipedia.org/wiki/Turku_Airport
Turukhansk Airport,RU,RU-KYA,AS,Turukhansk,THX,UOTT,65.797203,87.935303,128.0,yes,small_airport,no,https://en.wikipedia.org/wiki/Turukhansk_Airport
Tuticorin Airport,IN,IN-TN,AS,Vagaikulam,TCR,VOTK,8.724241,78.025803,129.0,yes,small_airport,no,https://en.wikipedia.org/wiki/Tuticorin_Airport
Tuzla International Airport,BA,BA-BIH,EU,Dubrave Gornje,TZL,LQTZ,44.459858,18.723627,784.0,yes,large_airport,yes,https://en.wikipedia.org/wiki/Tuzla_International_Airport
Tweed New Haven Airport,US,US-CT,NA,New Haven,HVN,KHVN,41.262869,-72.887694,12.0,yes,medium_airport,no,https://en.wikipedia.org/wiki/Tweed_New_Haven_Regional_Airport
Tyler Pounds Regional Airport,US,US-TX,NA,Tyler,TYR,KTYR,32.35409927368164,-95.40239715576172,544.0,yes,medium_airport,no,https://en.wikipedia.org/wiki/Tyler_Pounds_Regional_Airport
Târgu Mureş Transilvania International Airport,RO,RO-MS,EU,Recea,TGM,LRTM,46.467701,24.4125,963.0,yes,medium_airport,yes,https://en.wikipedia.org/wiki/T%C3%A2rgu_Mure%C5%9F_International_Airport
Tête-à-la-Baleine Airport,CA,CA-QC,NA,Tête-à-la-Baleine,ZTB,,50.67440032958984,-59.38359832763672,107.0,yes,small_airport,no,https://en.wikipedia.org/wiki/T%C3%AAte-%C3%A0-La-Baleine_Airport
Tôlanaro Airport,MG,MG-U,AF,Tôlanaro,FTU,FMSD,-25.038099,46.9561,29.0,yes,medium_airport,yes,https://en.wikipedia.org/wiki/T%C3%B4lanaro_Airport
U-Tapao–Rayong–Pattaya International Airport,TH,TH-21,AS,Rayong,UTP,VTBU,12.6799,101.004997,42.0,yes,large_airport,yes,https://en.wikipedia.org/wiki/U-Tapao_International_Airport
Ua Huka Airport,PF,PF-U-A,OC,Ua Huka,UAH,NTMU,-8.936228,-139.554062,160.0,yes,small_airport,no,https://en.wikipedia.org/wiki/Ua_Huka_Airport
Ua Pou Airport,PF,PF-U-A,OC,Ua Pou,UAP,NTMP,-9.35167,-140.078003,16.0,yes,small_airport,no,https://en.wikipedia.org/wiki/Ua_Pou_Airport
Ubon Ratchathani Airport,TH,TH-34,AS,Ubon Ratchathani,UBP,VTUU,15.2512998581,104.870002747,406.0,yes,medium_airport,no,https://en.wikipedia.org/wiki/Ubon_Ratchathani_Airport
Udon Thani International Airport,TH,TH-41,AS,Udon Thani,UTH,VTUD,17.386186,102.788577,579.0,yes,large_airport,yes,https://en.wikipedia.org/wiki/Udon_Thani_International_Airport
Ufa International Airport,RU,RU-BA,EU,Ufa,UFA,UWUU,54.557499,55.874401,449.0,yes,large_airport,yes,https://en.wikipedia.org/wiki/Ufa_International_Airport
Ugashik Bay Airport,US,US-AK,NA,Pilot Point,UGB,,57.424052,-157.74479,132.0,no,small_airport,no,https://en.wikipedia.org/wiki/Ugashik_Bay_Airport
Ugolny Yuri Ryktheu Airport,RU,RU-CHU,AS,Anadyr,DYR,UHMA,64.734902,177.740997,194.0,yes,medium_airport,yes,https://en.wikipedia.org/wiki/Ugolny_Airport
Ukhta Airport,RU,RU-KO,AS,Ukhta,UCT,UUYH,63.566898,53.804699,482.0,yes,medium_airport,no,https://en.wikipedia.org/wiki/Ukhta_Airport
Ukkusissat Heliport,GL,GL-AV,NA,Ukkusissat,JUK,BGUT,71.049438,-51.890016,223.0,yes,heliport,no,https://en.wikipedia.org/wiki/Ukkusissat_Heliport
Ukunda Airstrip,KE,KE-02,AF,Ukunda,UKA,HKUK,-4.29333,39.571098,98.0,no,small_airport,no,https://en.wikipedia.org/wiki/Ukunda_Airport
Ulaangom Airport,MN,MN-046,AS,Ulaangom,ULO,ZMUG,50.066588,91.938273,5676.0,yes,medium_airport,no,https://en.wikipedia.org/wiki/Ulaangom_Airport
Ulanhot Yilelite Airport,CN,CN-15,AS,Ulanhot,HLH,ZBUL,46.195333,122.008333,,yes,small_airport,no,https://en.wikipedia.org/wiki/Ulanhot_Yilelite_Airport
Ulawa Airport,SB,SB-MK,OC,Arona,RNA,AGAR,-9.86054358262,161.979546547,40.0,no,small_airport,no,https://en.wikipedia.org/wiki/Ulawa_Airport
Ulsan Airport,KR,KR-31,AS,Ulsan,USN,RKPU,35.59349823,129.352005005,45.0,yes,medium_airport,no,https://en.wikipedia.org/wiki/Ulsan_Airport
Ulukhaktok Holman Airport,CA,CA-NT,NA,Ulukhaktok,YHI,CYHI,70.762802,-117.806,117.0,yes,small_airport,no,https://en.wikipedia.org/wiki/Ulukhaktok/Holman_Airport
Ulyanovsk Baratayevka Airport,RU,RU-ULY,EU,Ulyanovsk,ULV,UWLL,54.27016,48.225569,449.0,yes,medium_airport,yes,https://en.wikipedia.org/wiki/Ulyanovsk_Baratayevka_Airport
Uléi Airport,VU,VU-MAP,OC,Ambrym Island,ULB,NVSU,-16.3297,168.3011,170.0,no,small_airport,no,https://en.wikipedia.org/wiki/Ulei_Airport
Umbu Mehang Kunda Airport,ID,ID-NT,AS,Waingapu-Sumba Island,WGP,WATU,-9.66922,120.302002,33.0,yes,small_airport,no,https://en.wikipedia.org/wiki/Mau_Hau_Airport
Umeå Airport,SE,SE-AC,EU,Umeå,UME,ESNU,63.791801,20.282801,24.0,yes,large_airport,yes,https://en.wikipedia.org/wiki/Ume%C3%A5_Airport
Umiujaq Airport,CA,CA-QC,NA,Umiujaq,YUD,CYMU,56.536098,-76.518303,250.0,yes,small_airport,no,https://en.wikipedia.org/wiki/Umiujaq_Airport
Unalakleet Airport,US,US-AK,NA,Unalakleet,UNK,PAUN,63.888401,-160.798996,27.0,yes,medium_airport,no,https://en.wikipedia.org/wiki/Unalakleet_Airport
University of Illinois Willard Airport,US,US-IL,NA,Savoy,CMI,KCMI,40.039819,-88.276249,755.0,yes,medium_airport,no,https://en.wikipedia.org/wiki/University_of_Illinois_Willard_Airport
Upernavik Airport,GL,GL-AV,NA,Upernavik,JUV,BGUK,72.790199,-56.1306,414.0,yes,small_airport,no,https://en.wikipedia.org/wiki/Upernavik_Airport
Upington Airport,ZA,ZA-NC,AF,Upington,UTN,FAUP,-28.400246,21.263592,2782.0,yes,medium_airport,no,https://en.wikipedia.org/wiki/Upington_Airport
Uray Airport,RU,RU-KHM,AS,Uray,URJ,USHU,60.103298,64.826698,190.0,yes,medium_airport,no,https://en.wikipedia.org/wiki/Uray_Airport
Urgench International Airport,UZ,UZ-XO,AS,Urgench,UGC,UZNU,41.58274,60.64338,320.0,yes,large_airport,yes,https://en.wikipedia.org/wiki/Urgench_Airport
Urmia Airport,IR,IR-04,AS,Urmia,OMH,OITR,37.6680984497,45.0686988831,4343.0,yes,medium_airport,yes,https://en.wikipedia.org/wiki/Urmia_Airport
Uru Harbour Airport,SB,SB-ML,OC,Atoifi,ATD,AGAT,-8.87333,161.011002,,no,small_airport,no,https://en.wikipedia.org/wiki/Uru_Harbour_Airport
Uruapan - Licenciado y General Ignacio Lopez Rayon International Airport,MX,MX-MIC,NA,Uruapan,UPN,MMPN,19.3967,-102.039001,5258.0,yes,medium_airport,yes,https://en.wikipedia.org/wiki/Uruapan_International_Airport
Ushuaia - Malvinas Argentinas International Airport,AR,AR-V,SA,Ushuaia,USH,SAWH,-54.8433,-68.2958,102.0,yes,medium_airport,yes,https://en.wikipedia.org/wiki/Ushuaia_%E2%80%93_Malvinas_Argentinas_International_Airport
Usiminas Airport,BR,BR-MG,SA,Ipatinga,IPN,SBIP,-19.470699,-42.487598,786.0,yes,medium_airport,no,https://en.wikipedia.org/wiki/Vale_do_Aço_Regional_Airport
Usinsk Airport,RU,RU-KO,AS,Usinsk,USK,UUYS,66.0047,57.367199,262.0,yes,medium_airport,no,https://en.wikipedia.org/wiki/Usinsk_Airport
Ust-Kut Airport,RU,RU-IRK,AS,Ust-Kut,UKX,UITT,56.856701,105.730003,2188.0,yes,medium_airport,no,https://en.wikipedia.org/wiki/Ust-Kut_Airport
Ust-Tsylma Airport,RU,RU-KO,AS,Ust-Tsylma,UTS,UUYX,65.437294,52.200336,262.0,no,medium_airport,no,https://en.wikipedia.org/wiki/Ust-Tsylma_Airport
Utarom Airport,ID,ID-PB,AS,Kaimana,KNG,WASK,-3.6446,133.695116,19.0,yes,medium_airport,no,https://en.wikipedia.org/wiki/Kaimana_Airport
Utila Airport,HN,HN-IB,NA,Utila Island,UII,MHUT,16.1131,-86.880302,29.0,yes,small_airport,no,https://en.wikipedia.org/wiki/%C3%9Atila_Airport
Uummannaq Heliport,GL,GL-AV,NA,Uummannaq,UMD,BGUM,70.680428,-52.11163,50.0,yes,heliport,no,https://en.wikipedia.org/wiki/Uummannaq_Heliport
V. C. Bird International Airport,AG,AG-03,NA,Osbourn,ANU,TAPA,17.1367,-61.792702,62.0,yes,large_airport,yes,https://en.wikipedia.org/wiki/VC_Bird_International_Airport
Vaasa Airport,FI,FI-12,EU,Vaasa,VAA,EFVA,63.05023,21.762543,19.0,yes,large_airport,yes,https://en.wikipedia.org/wiki/Vaasa_Airport
Vadodara International Airport,IN,IN-GJ,AS,Vadodara,BDQ,VABO,22.336201,73.226303,129.0,yes,large_airport,yes,https://en.wikipedia.org/wiki/Vadodara_Airport
Vadsø Airport,NO,NO-56,EU,Vadsø,VDS,ENVD,70.0653,29.8447,127.0,yes,medium_airport,no,https://en.wikipedia.org/wiki/Vads%C3%B8_Airport
Val de Cans/Júlio Cezar Ribeiro International Airport,BR,BR-PA,SA,Belém,BEL,SBBE,-1.379279,-48.476207,54.0,yes,large_airport,yes,https://en.wikipedia.org/wiki/Val_de_Cans_International_Airport
Val-d'Or Airport,CA,CA-QC,NA,Val-d'Or,YVO,CYVO,48.0532989502,-77.7827987671,1107.0,yes,medium_airport,no,https://en.wikipedia.org/wiki/Val-d'Or_Airport
Valdez Pioneer Field,US,US-AK,NA,Valdez,VDZ,PAVD,61.132712,-146.246567,121.0,yes,medium_airport,no,https://en.wikipedia.org/wiki/Valdez_Airport
Valdosta Regional Airport,US,US-GA,NA,Valdosta,VLD,KVLD,30.782499313354492,-83.27670288085938,203.0,yes,medium_airport,no,https://en.wikipedia.org/wiki/Valdosta_Regional_Airport
Valencia Airport,ES,ES-VC,EU,Valencia,VLC,LEVC,39.489162,-0.480961,240.0,yes,large_airport,yes,https://en.wikipedia.org/wiki/Valencia_Airport
Valesdir Airport,VU,VU-SEE,OC,Epi Island,VLS,NVSV,-16.796100616500002,168.177001953,10.0,yes,small_airport,no,https://en.wikipedia.org/wiki/Valesdir_Airport
Valladolid Airport,ES,ES-CL,EU,Valladolid,VLL,LEVD,41.7061,-4.85194,2776.0,yes,medium_airport,yes,https://en.wikipedia.org/wiki/Valladolid_Airport
Valle del Fuerte International Airport,MX,MX-SIN,NA,Los Mochis,LMM,MMLM,25.685503,-109.081159,16.0,yes,medium_airport,no,https://en.wikipedia.org/wiki/Federal_del_Valle_del_Fuerte_International_Airport
Valley International Airport,US,US-TX,NA,Harlingen,HRL,KHRL,26.228500366210938,-97.65440368652344,36.0,yes,medium_airport,yes,https://en.wikipedia.org/wiki/Valley_International_Airport
Van Ferit Melen Airport,TR,TR-65,AS,Van,VAN,LTCI,38.46820068359375,43.332298278808594,5480.0,yes,medium_airport,no,https://en.wikipedia.org/wiki/Ferit_Melen_Airport
Vance W. Amory International Airport,KN,KN-U-A,NA,Charlestown,NEV,TKPN,17.2057,-62.589901,14.0,yes,medium_airport,no,https://en.wikipedia.org/wiki/Vance_W._Amory_International_Airport
Vancouver Harbour Water Aerodrome,CA,CA-BC,NA,Vancouver,CXH,CYHC,49.290739,-123.118541,,yes,seaplane_base,no,https://en.wikipedia.org/wiki/Vancouver_Harbour_Water_Aerodrome
Vancouver International Airport,CA,CA-BC,NA,Vancouver,YVR,CYVR,49.193901,-123.183998,14.0,yes,large_airport,yes,https://en.wikipedia.org/wiki/Vancouver_International_Airport
Vanguardia Airport,CO,CO-MET,SA,Villavicencio,VVC,SKVV,4.16787,-73.6138,1394.0,yes,medium_airport,yes,https://en.wikipedia.org/wiki/La_Vanguardia_Airport
Vanimo Airport,PG,PG-SAN,OC,Vanimo,VAI,AYVN,-2.6926,141.3028,10.0,yes,medium_airport,no,https://en.wikipedia.org/wiki/Vanimo_Airport
Vanua Balavu Airport,FJ,FJ-E,OC,Vanua Balavu,VBV,NFVB,-17.268999099731445,-178.9759979248047,76.0,yes,small_airport,no,https://en.wikipedia.org/wiki/Vanuabalavu_Airport
"Vardø Airport, Svartnes",NO,NO-56,EU,Vardø,VAW,ENSS,70.3554,31.044901,42.0,yes,medium_airport,no,https://en.wikipedia.org/wiki/Vard%C3%B8_Airport%2C_Svartnes
Varna Airport,BG,BG-03,EU,Varna,VAR,LBWN,43.232101,27.8251,230.0,yes,large_airport,yes,https://en.wikipedia.org/wiki/Varna_Airport
Veer Savarkar International Airport / INS Utkrosh,IN,IN-AN,AS,Port Blair,IXZ,VOPB,11.640194,92.72902,13.0,yes,large_airport,no,https://en.wikipedia.org/wiki/Veer_Savarkar_International_Airport
Velana International Airport,MV,MV-MLE,AS,Malé,MLE,VRMM,4.19183,73.529099,6.0,yes,large_airport,yes,https://en.wikipedia.org/wiki/Mal%C3%A9_International_Airport
Velikiy Ustyug Airport,RU,RU-VLG,AS,Velikiy Ustyug,VUS,ULWU,60.7883,46.259998,331.0,yes,medium_airport,no,https://en.wikipedia.org/wiki/Velikiy_Ustyug_Airport
Venango Regional Airport,US,US-PA,NA,Franklin,FKL,KFKL,41.3778991699,-79.8603973389,1540.0,no,medium_airport,no,https://en.wikipedia.org/wiki/Venango_Regional_Airport
Venetie Airport,US,US-AK,NA,Venetie,VEE,PAVE,67.008698,-146.365997,574.0,yes,small_airport,no,https://en.wikipedia.org/wiki/Venetie_Airport
Venice Marco Polo Airport,IT,IT-34,EU,Venezia (VE),VCE,LIPZ,45.505299,12.3519,7.0,yes,large_airport,yes,https://en.wikipedia.org/wiki/Venice_Marco_Polo_Airport
Vernal Regional Airport,US,US-UT,NA,Vernal,VEL,KVEL,40.436214,-109.511661,5278.0,yes,medium_airport,no,https://en.wikipedia.org/wiki/Vernal_Airport
Verona Villafranca Valerio Catullo Airport,IT,IT-34,EU,Caselle (VR),VRN,LIPX,45.394955,10.887303,239.0,yes,large_airport,yes,https://en.wikipedia.org/wiki/Verona_Airport
Veterans Airport of Southern Illinois,US,US-IL,NA,Marion,MWA,KMWA,37.751208,-89.016568,472.0,yes,medium_airport,no,https://en.wikipedia.org/wiki/Veterans_Airport_of_Southern_Illinois
Vicecomodoro Angel D. La Paz Aragonés Airport,AR,AR-G,SA,Santiago del Estero,SDE,SANE,-27.765556335399996,-64.3099975586,656.0,yes,medium_airport,no,https://en.wikipedia.org/wiki/Santiago_del_Estero_Airport
Victoria Falls International Airport,ZW,ZW-MN,AF,Victoria Falls,VFA,FVFA,-18.097437,25.836867,3490.0,yes,large_airport,yes,https://en.wikipedia.org/wiki/Victoria_Falls_Airport
Victoria Harbour Seaplane Base,CA,CA-BC,NA,Victoria,YWH,CYWH,48.423782,-123.37198,,yes,seaplane_base,no,https://en.wikipedia.org/wiki/Victoria_Inner_Harbour_Airport
Victoria International Airport,CA,CA-BC,NA,Victoria,YYJ,CYYJ,48.647201,-123.427792,63.0,yes,large_airport,yes,https://en.wikipedia.org/wiki/Victoria_International_Airport
Victoria Regional Airport,US,US-TX,NA,Victoria,VCT,KVCT,28.85260009765625,-96.9185028076172,115.0,yes,medium_airport,no,https://en.wikipedia.org/wiki/Victoria_Regional_Airport
Vienna International Airport,AT,AT-9,EU,Vienna,VIE,LOWW,48.110298,16.5697,600.0,yes,large_airport,yes,https://en.wikipedia.org/wiki/Vienna_International_Airport
Vigo Airport,ES,ES-GA,EU,Vigo,VGO,LEVX,42.2318,-8.62677,856.0,yes,medium_airport,yes,https://en.wikipedia.org/wiki/Vigo-Peinador_Airport
Vijayawada International Airport,IN,IN-AP,AS,Vijayawada,VGA,VOBZ,16.530011,80.804888,82.0,yes,large_airport,yes,https://en.wikipedia.org/wiki/Vijayawada_Airport
Vilankulo Airport,MZ,MZ-I,AF,Vilanculo,VNX,FQVL,-22.018400192260746,35.31330108642578,46.0,yes,medium_airport,yes,https://en.wikipedia.org/wiki/Vilankulo_Airport
Vilhelmina South Lapland Airport,SE,SE-AC,EU,Vilhelmina,VHM,ESNV,64.579102,16.833599,1140.0,yes,medium_airport,no,https://en.wikipedia.org/wiki/Vilhelmina_Airport
Villa Garzón Airport,CO,CO-PUT,SA,Villa Garzón,VGZ,SKVG,0.978767,-76.6056,1248.0,no,small_airport,no,https://en.wikipedia.org/wiki/Villa_Garz%C3%B3n_Airport
Vilnius International Airport,LT,LT-VL,EU,Vilnius,VNO,EYVI,54.634102,25.285801,648.0,yes,large_airport,yes,https://en.wikipedia.org/wiki/Vilnius_International_Airport
Vilo Acuña International Airport,CU,CU-99,NA,Cayo Largo del Sur,CYO,MUCL,21.6165008545,-81.5459976196,10.0,yes,medium_airport,yes,https://en.wikipedia.org/wiki/Vilo_Acu%C3%B1a_Airport
Vincenzo Florio Airport Trapani-Birgi,IT,IT-82,EU,Trapani (TP),TPS,LICT,37.9114,12.488,25.0,yes,medium_airport,yes,https://en.wikipedia.org/wiki/Vincenzo_Florio_Airport_Trapani%E2%80%93Birgi
Vinh Airport,VN,VN-NC,AS,Vinh,VII,VVVH,18.7376003265,105.67099762,23.0,yes,medium_airport,no,https://en.wikipedia.org/wiki/Vinh_Airport
Vinnytsia/Gavyryshivka International Airport,UA,UA-05,EU,Vinnitsa,VIN,UKWW,49.242531,28.613778,961.0,no,medium_airport,no,https://en.wikipedia.org/wiki/Havryshivka_Vinnytsia_International_Airport
Virac Airport,PH,PH-CAT,AS,Virac,VRC,RPUV,13.57639980316162,124.20600128173828,121.0,yes,medium_airport,no,https://en.wikipedia.org/wiki/Virac_Airport
Viracopos International Airport,BR,BR-SP,SA,Campinas,VCP,SBKP,-23.007404,-47.134502,2170.0,yes,large_airport,yes,https://en.wikipedia.org/wiki/Viracopos-Campinas_International_Airport
Virgilio Barco Vargas (La Chorrera) Airport,CO,CO-AMA,SA,La Chorrera,LCR,,-1.456361,-72.801086,564.0,yes,small_airport,no,https://en.wikipedia.org/wiki/La_Chorrera_Airport
Virgin Gorda Airport,VG,VG-U-A,NA,Spanish Town,VIJ,TUPW,18.446634,-64.427932,9.0,yes,medium_airport,no,https://en.wikipedia.org/wiki/Virgin_Gorda_Airport
Viru Viru International Airport,BO,BO-S,SA,Santa Cruz,VVI,SLVR,-17.6448,-63.135399,1224.0,yes,large_airport,yes,https://en.wikipedia.org/wiki/Viru_Viru_International_Airport
Visakhapatnam International Airport,IN,IN-AP,AS,Visakhapatnam,VTZ,VOVZ,17.723506,83.227729,15.0,yes,large_airport,yes,https://en.wikipedia.org/wiki/Visakhapatnam_Airport
Visalia Municipal Airport,US,US-CA,NA,Visalia,VIS,KVIS,36.318699,-119.392998,295.0,no,medium_airport,no,https://en.wikipedia.org/wiki/Visalia_Municipal_Airport
Visby Airport,SE,SE-I,EU,Visby,VBY,ESSV,57.6628,18.346201,164.0,yes,large_airport,yes,https://en.wikipedia.org/wiki/Visby_Airport
Vladikavkaz Beslan International Airport,RU,RU-SE,EU,Beslan,OGZ,URMO,43.205101,44.606602,1673.0,yes,medium_airport,yes,https://en.wikipedia.org/wiki/Beslan_Airport
Vladivostok International Airport,RU,RU-PRI,AS,Artyom,VVO,UHWW,43.396256,132.148155,59.0,yes,large_airport,yes,https://en.wikipedia.org/wiki/Vladivostok_International_Airport
Vnukovo International Airport,RU,RU-MOW,EU,Moscow,VKO,UUWW,55.591499,37.261501,685.0,yes,large_airport,no,https://en.wikipedia.org/wiki/Vnukovo_International_Airport
Volgograd International Airport,RU,RU-VGG,EU,Volgograd,VOG,URWW,48.78134,44.339194,482.0,yes,large_airport,yes,https://en.wikipedia.org/wiki/Volgograd_International_Airport
Vorkuta Airport,RU,RU-KO,AS,Vorkuta,VKT,UUYW,67.488602,63.993099,604.0,yes,medium_airport,no,https://en.wikipedia.org/wiki/Vorkuta_Airport
Voronezh International Airport,RU,RU-VOR,EU,Voronezh,VOZ,UUOO,51.814324,39.230948,514.0,yes,medium_airport,yes,https://en.wikipedia.org/wiki/Voronezh_International_Airport
Vunisea Airport,FJ,FJ-E,OC,Vunisea,KDV,NFKD,-19.0580997467,178.156997681,6.0,yes,small_airport,no,https://en.wikipedia.org/wiki/List_of_airports_in_Fiji
Václav Havel Airport Prague,CZ,CZ-PR,EU,Prague,PRG,LKPR,50.100874,14.259911,1247.0,yes,large_airport,yes,https://en.wikipedia.org/wiki/Václav_Havel_Airport_Prague
Vágar Airport,FO,FO-U-A,EU,Vágar,FAE,EKVG,62.063256,-7.275782,280.0,yes,large_airport,yes,https://en.wikipedia.org/wiki/V%C3%A1gar_Airport
Várzea Grande–Marechal Rondon International Airport,BR,BR-MT,SA,Cuiabá,CGB,SBCY,-15.6529,-56.116699,617.0,yes,large_airport,yes,https://en.wikipedia.org/wiki/Marechal_Rondon_International_Airport
Växjö Kronoberg Airport,SE,SE-G,EU,Växjö,VXO,ESMX,56.929100036621094,14.727999687194824,610.0,yes,medium_airport,yes,https://en.wikipedia.org/wiki/V%C3%A4xj%C3%B6_Airport
Wabush Airport,CA,CA-NL,NA,Wabush,YWK,CYWK,52.92190170288086,-66.8644027709961,1808.0,yes,medium_airport,no,https://en.wikipedia.org/wiki/Wabush_Airport
Waco Regional Airport,US,US-TX,NA,Waco,ACT,KACT,31.611299514770508,-97.23049926757812,516.0,yes,medium_airport,no,https://en.wikipedia.org/wiki/Waco_Regional_Airport
Wadi Al Dawasir Domestic Airport,SA,SA-01,AS,Wadi Al Dawasir,WAE,OEWD,20.504299,45.1996,2062.0,yes,medium_airport,no,https://en.wikipedia.org/wiki/Wadi_al-Dawasir_Domestic_Airport
Wagga Wagga Airport,AU,AU-NSW,OC,Forest Hill,WGA,YSWG,-35.163484,147.46832,724.0,yes,medium_airport,no,https://en.wikipedia.org/wiki/Wagga_Wagga_Airport
Waimea Kohala Airport,US,US-HI,OC,Waimea (Kamuela),MUE,PHMU,20.001301,-155.667999,2671.0,yes,medium_airport,no,https://en.wikipedia.org/wiki/Waimea-Kohala_Airport
Wainwright Airport,US,US-AK,NA,Wainwright,AIN,PAWI,70.638,-159.994995,41.0,yes,medium_airport,no,https://en.wikipedia.org/wiki/Wainwright_Airport_(Alaska)
Wajir Airport,KE,KE-08,AF,Wajir,WJR,HKWJ,1.73324,40.091599,770.0,yes,medium_airport,no,https://en.wikipedia.org/wiki/Wajir_Airport
Wakkanai Airport,JP,JP-01,AS,Wakkanai,WKJ,RJCW,45.4042015076,141.800994873,30.0,yes,medium_airport,no,https://en.wikipedia.org/wiki/Wakkanai_Airport
Walaha Airport,VU,VU-PAM,OC,Walaha,WLH,NVSW,-15.412,167.690994,151.0,yes,small_airport,no,https://en.wikipedia.org/wiki/Walaha_Airport
Wales Airport,US,US-AK,NA,Wales,WAA,PAIW,65.622593,-168.095,22.0,yes,small_airport,no,https://en.wikipedia.org/wiki/Wales_Airport_(Alaska)
Walla Walla Regional Airport,US,US-WA,NA,Walla Walla,ALW,KALW,46.09489822,-118.288002,1194.0,yes,medium_airport,no,https://en.wikipedia.org/wiki/Walla_Walla_Regional_Airport
Walvis Bay International Airport,NA,NA-ER,AF,Walvis Bay(Rooikop),WVB,FYWB,-22.979332,14.647102,299.0,yes,large_airport,yes,https://en.wikipedia.org/wiki/Walvis_Bay_Airport
Wamena Airport,ID,ID-PP,AS,Wamena,WMX,WAVV,-4.097324,138.952417,5435.0,yes,medium_airport,no,https://en.wikipedia.org/wiki/Wamena_Airport
Wanganui Airport,NZ,NZ-MWT,OC,Wanganui,WAG,NZWU,-39.963467,175.02444,27.0,yes,medium_airport,no,https://en.wikipedia.org/wiki/Wanganui_Airport
Wanzhou Wuqiao Airport,CN,CN-50,AS,Wanzhou,WXN,ZUWX,30.8017,108.433,,yes,small_airport,yes,https://en.wikipedia.org/wiki/Wanzhou_Airport
Wapekeka Airport,CA,CA-ON,NA,Angling Lake,YAX,,53.84920120239258,-89.57939910888672,712.0,yes,small_airport,no,https://en.wikipedia.org/wiki/Angling_Lake/Wapekeka_Airport
Wapenamanda Airport,PG,PG-EPW,OC,Wapenamanda,WBM,AYWD,-5.635293,143.892231,5889.0,yes,medium_airport,no,https://en.wikipedia.org/wiki/Wapenamanda_Airport
Warri Airport,NG,NG-DE,AF,Okpe,QRW,DNSU,5.59821,5.8187,242.0,yes,medium_airport,no,https://en.wikipedia.org/wiki/Warri_Airport
Warsaw Chopin Airport,PL,PL-MZ,EU,Warsaw,WAW,EPWA,52.165699,20.9671,362.0,yes,large_airport,yes,https://en.wikipedia.org/wiki/Warsaw_Frederic_Chopin_Airport
Warsaw Modlin Airport,PL,PL-MZ,EU,Nowy Dwór Mazowiecki,WMI,EPMO,52.451099,20.6518,341.0,yes,large_airport,no,https://en.wikipedia.org/wiki/Warsaw_Modlin_Airport
Washington Dulles International Airport,US,US-VA,NA,Dulles,IAD,KIAD,38.9445,-77.455803,312.0,yes,large_airport,no,https://en.wikipedia.org/wiki/Washington_Dulles_International_Airport
Waskaganish Airport,CA,CA-QC,NA,Waskaganish,YKQ,CYKQ,51.473301,-78.758301,80.0,yes,small_airport,no,https://en.wikipedia.org/wiki/Waskaganish_Airport
Waterfall Seaplane Base,US,US-AK,NA,Waterfall,KWF,,55.296299,-133.242996,,no,seaplane_base,no,https://en.wikipedia.org/wiki/Waterfall_Seaplane_Base
Waterford Airport,IE,IE-WD,EU,Waterford,WAT,EIWF,52.187199,-7.08696,119.0,no,medium_airport,no,https://en.wikipedia.org/wiki/Waterford_Airport
Waterloo Regional Airport,US,US-IA,NA,Waterloo,ALO,KALO,42.557098388671875,-92.40029907226562,873.0,yes,medium_airport,no,https://en.wikipedia.org/wiki/Waterloo_Regional_Airport
Watertown International Airport,US,US-NY,NA,Watertown,ART,KART,43.991901,-76.021698,325.0,yes,medium_airport,no,https://en.wikipedia.org/wiki/Watertown_International_Airport
Watertown Regional Airport,US,US-SD,NA,Watertown,ATY,KATY,44.91400146,-97.15470123,1749.0,yes,medium_airport,no,https://en.wikipedia.org/wiki/Watertown_Regional_Airport
Wattay International Airport,LA,LA-VT,AS,Vientiane,VTE,VLVT,17.985052,102.566692,564.0,yes,large_airport,yes,https://en.wikipedia.org/wiki/Wattay_International_Airport
Waynesville-St. Robert Regional Airport-Forney Field,US,US-MO,NA,Fort Leonard Wood,TBN,KTBN,37.7416,-92.140701,1159.0,yes,medium_airport,no,https://en.wikipedia.org/wiki/Waynesville_Regional_Airport_at_Forney_Field
Webequie Airport,CA,CA-ON,NA,Webequie,YWP,CYWP,52.959393,-87.374868,685.0,yes,small_airport,no,https://en.wikipedia.org/wiki/Webequie_Airport
Weeze (Niederrhein) Airport,DE,DE-NW,EU,Weeze,NRN,EDLV,51.601362,6.141228,106.0,yes,large_airport,yes,https://en.wikipedia.org/wiki/Airport_Weeze
Weifang Nanyuan Airport,CN,CN-37,AS,Weifang (Kuiwen),WEF,ZSWF,36.646702,119.119003,,yes,medium_airport,no,https://en.wikipedia.org/wiki/Weifang_Airport
Weipa Airport,AU,AU-QLD,OC,Weipa,WEI,YBWP,-12.677493,141.922618,63.0,yes,medium_airport,no,https://en.wikipedia.org/wiki/Weipa_Airport
Wekweètì Airport,CA,CA-NT,NA,Wekweètì,YFJ,CYWE,64.190804,-114.077002,1208.0,yes,small_airport,no,https://en.wikipedia.org/wiki/Wekwe%C3%A8t%C3%AC_Airport
Wellington International Airport,NZ,NZ-WGN,OC,Wellington,WLG,NZWN,-41.326839,174.806862,41.0,yes,large_airport,yes,https://en.wikipedia.org/wiki/Wellington_Airport
Welwitschia Mirabilis International Airport,AO,AO-NAM,AF,Moçâmedes,MSZ,FNMO,-15.2612,12.1468,210.0,yes,medium_airport,no,https://en.wikipedia.org/wiki/Welwitschia_Mirabilis_Airport
Wemindji Airport,CA,CA-QC,NA,Wemindji,YNC,CYNC,53.010601,-78.8311,66.0,yes,small_airport,no,https://en.wikipedia.org/wiki/Wemindji_Airport
Wenshan Puzhehei Airport,CN,CN-53,AS,Wenshan,WNH,ZPWS,23.5583,104.3255,5217.0,yes,small_airport,no,https://en.wikipedia.org/wiki/Wenshan_Puzhehei_Airport
Wenzhou Longwan International Airport,CN,CN-33,AS,Wenzhou (Longwan),WNZ,ZSWZ,27.910572,120.853465,13.0,yes,large_airport,yes,https://en.wikipedia.org/wiki/Wenzhou_Longwan_International_Airport
Westchester County Airport,US,US-NY,NA,White Plains,HPN,KHPN,41.06700134277344,-73.70760345458984,439.0,yes,medium_airport,no,https://en.wikipedia.org/wiki/Westchester_County_Airport
Westerland Sylt Airport,DE,DE-SH,EU,Sylt,GWT,EDXW,54.9132,8.34047,51.0,yes,medium_airport,no,https://en.wikipedia.org/wiki/Sylt_Airport
Western Neb. Rgnl/William B. Heilig Airport,US,US-NE,NA,Scottsbluff,BFF,KBFF,41.87400055,-103.5960007,3967.0,yes,medium_airport,no,https://en.wikipedia.org/wiki/Western_Nebraska_Regional_Airport
Westport Airport,NZ,NZ-WTC,OC,Westport,WSZ,NZWS,-41.737111,171.579033,13.0,yes,medium_airport,no,https://en.wikipedia.org/wiki/Westport_Airport_(New_Zealand)
Westray Airport,GB,GB-SCT,EU,"Westray, Orkney Islands",WRY,EGEW,59.350475,-2.950062,29.0,yes,small_airport,no,https://en.wikipedia.org/wiki/Westray_Airport
Westsound/WSX Seaplane Base,US,US-WA,NA,West Sound,WSX,,48.617901,-122.956903,,yes,seaplane_base,no,https://en.wikipedia.org/wiki/Westsound/WSX_Seaplane_Base
Wewak International Airport,PG,PG-ESW,OC,Wewak,WWK,AYWK,-3.58383011818,143.669006348,19.0,yes,medium_airport,no,https://en.wikipedia.org/wiki/Wewak_International_Airport
Whakatāne Airport,NZ,NZ-BOP,OC,Whakatāne,WHK,NZWK,-37.922224,176.91696,20.0,yes,medium_airport,no,https://en.wikipedia.org/wiki/Whakatane_Airport
Whale Cove Airport,CA,CA-NU,NA,Whale Cove,YXN,CYXN,62.240002,-92.598099,40.0,yes,small_airport,no,https://en.wikipedia.org/wiki/Whale_Cove_Airport
Whale Pass Seaplane Float Harbor Facility,US,US-AK,NA,Whale Pass,WWP,,56.116299,-133.121994,,yes,seaplane_base,no,https://en.wikipedia.org/wiki/North_Whale_Seaplane_Base
Whangarei Airport,NZ,NZ-NTL,OC,Whangarei,WRE,NZWR,-35.769253,174.363713,133.0,yes,medium_airport,no,https://en.wikipedia.org/wiki/Whangarei_Airport
Whatì Airport,CA,CA-NT,NA,Whatì,YLE,,63.131699,-117.246002,882.0,yes,small_airport,no,https://en.wikipedia.org/wiki/What%C3%AC_Airport
White Mountain Airport,US,US-AK,NA,White Mountain,WMO,PAWM,64.689201,-163.412994,267.0,yes,small_airport,no,https://en.wikipedia.org/wiki/White_Mountain_Airport
Whitegrass Airport,VU,VU-TAE,OC,Tanna Island,TAH,NVVW,-19.455099,169.223999,19.0,yes,medium_airport,no,https://en.wikipedia.org/wiki/White_Grass_Airport
Whitehorse / Erik Nielsen International Airport,CA,CA-YT,NA,Whitehorse,YXY,CYXY,60.708533,-135.065705,2317.0,yes,medium_airport,yes,https://en.wikipedia.org/wiki/Whitehorse_International_Airport
Whyalla Airport,AU,AU-SA,OC,Whyalla,WYA,YWHA,-33.05889892578125,137.51400756835938,41.0,yes,medium_airport,no,https://en.wikipedia.org/wiki/Whyalla_Airport
Wichita Dwight D. Eisenhower National Airport,US,US-KS,NA,Wichita,ICT,KICT,37.650314,-97.428583,1333.0,yes,medium_airport,no,https://en.wikipedia.org/wiki/Wichita_Dwight_D._Eisenhower_National_Airport
Wichita Falls Municipal Airport / Sheppard Air Force Base,US,US-TX,NA,Wichita Falls,SPS,KSPS,33.9888,-98.491898,1019.0,yes,medium_airport,no,https://en.wikipedia.org/wiki/Wichita_Falls_Municipal_Airport
Wick John O'Groats Airport,GB,GB-SCT,EU,Wick,WIC,EGPC,58.4589,-3.09306,126.0,yes,medium_airport,no,https://en.wikipedia.org/wiki/Wick_Airport
Wiley Post Will Rogers Memorial Airport,US,US-AK,NA,Utqiaġvik,BRW,PABR,71.285402,-156.766008,44.0,yes,medium_airport,no,https://en.wikipedia.org/wiki/Wiley_Post-Will_Rogers_Memorial_Airport
Wilkes-Barre/Scranton International Airport,US,US-PA,NA,Wilkes-Barre/Scranton,AVP,KAVP,41.337064,-75.724232,962.0,yes,medium_airport,yes,https://en.wikipedia.org/wiki/Wilkes-Barre/Scranton_International_Airport
William P. Hobby Airport,US,US-TX,NA,Houston,HOU,KHOU,29.645336,-95.276812,46.0,yes,large_airport,no,https://en.wikipedia.org/wiki/William_P._Hobby_Airport
William R Fairchild International Airport,US,US-WA,NA,Port Angeles,CLM,KCLM,48.120201,-123.5,291.0,no,medium_airport,no,https://en.wikipedia.org/wiki/William_R._Fairchild_International_Airport
Williams Lake Airport,CA,CA-BC,NA,Williams Lake,YWL,CYWL,52.1831016541,-122.054000854,3085.0,yes,medium_airport,no,https://en.wikipedia.org/wiki/Williams_Lake_Airport
Williamsport Regional Airport,US,US-PA,NA,Williamsport,IPT,KIPT,41.242126,-76.92245,529.0,yes,medium_airport,no,https://en.wikipedia.org/wiki/Williamsport_Regional_Airport
Wilmington Airport,US,US-DE,NA,Wilmington,ILG,KILG,39.678699,-75.606499,80.0,yes,medium_airport,no,https://en.wikipedia.org/wiki/New_Castle_Airport
Wilmington International Airport,US,US-NC,NA,Wilmington,ILM,KILM,34.272345,-77.905117,32.0,yes,medium_airport,yes,https://en.wikipedia.org/wiki/Wilmington_International_Airport
Windorah Airport,AU,AU-QLD,OC,Windorah,WNR,YWDH,-25.410641,142.668428,452.0,yes,medium_airport,no,https://en.wikipedia.org/wiki/Windorah_Airport
Windsor International Airport,CA,CA-ON,NA,Windsor,YQG,CYQG,42.2756,-82.955597,622.0,yes,medium_airport,yes,https://en.wikipedia.org/wiki/Windsor_Airport
Winnipeg / James Armstrong Richardson International Airport,CA,CA-MB,NA,Winnipeg,YWG,CYWG,49.909999847399995,-97.2398986816,783.0,yes,large_airport,yes,https://en.wikipedia.org/wiki/Winnipeg_James_Armstrong_Richardson_International_Airport
Winton Airport,AU,AU-QLD,OC,,WIN,YWTN,-22.36359977722168,143.08599853515625,638.0,yes,medium_airport,no,https://en.wikipedia.org/wiki/Winton_Airport
Wonju Airport / Hoengseong Air Base (K-38/K-46),KR,KR-42,AS,Wonju,WJU,RKNW,37.437113,127.960051,329.0,yes,medium_airport,no,https://en.wikipedia.org/wiki/Wonju_Airport; https://en.wikipedia.org/wiki/List_of_airports_in_South_Korea
Woodbourne Airport,NZ,NZ-MBH,OC,Blenheim,BHE,NZWB,-41.5182991027832,173.8699951171875,109.0,yes,medium_airport,no,https://en.wikipedia.org/wiki/Woodbourne_Airport
Worcester Regional Airport,US,US-MA,NA,Worcester,ORH,KORH,42.2673,-71.875702,1009.0,yes,medium_airport,no,https://en.wikipedia.org/wiki/Worcester-Metrowest-Boston_Airport
Worland Municipal Airport,US,US-WY,NA,Worland,WRL,KWRL,43.965698,-107.950996,4227.0,no,medium_airport,no,https://en.wikipedia.org/wiki/Worland_Municipal_Airport
Wrangell Airport,US,US-AK,NA,Wrangell,WRG,PAWG,56.48429871,-132.3699951,49.0,yes,medium_airport,no,https://en.wikipedia.org/wiki/Wrangell_Airport
Wuhai Airport,CN,CN-15,AS,Wuhai,WUA,ZBUH,39.7934,106.7993,3650.0,yes,medium_airport,no,https://en.wikipedia.org/wiki/Wuhai_Airport
Wuhan Tianhe International Airport,CN,CN-42,AS,Wuhan (Huangpi),WUH,ZHHH,30.774798,114.213723,113.0,yes,large_airport,yes,https://en.wikipedia.org/wiki/Wuhan_Tianhe_International_Airport
Wunnumin Lake Airport,CA,CA-ON,NA,Wunnumin Lake,WNN,,52.893902,-89.2892,819.0,yes,small_airport,no,https://en.wikipedia.org/wiki/Wunnummin_Lake_Airport
Wuzhou Xijiang Airport,CN,CN-45,AS,Tangbu,WUZ,ZGWZ,23.40316,111.09331,357.0,yes,medium_airport,no,https://en.wikipedia.org/wiki/Wuzhou_Xijiang_Airport
Wynyard Airport,AU,AU-TAS,OC,Burnie,BWT,YWYY,-40.997039,145.726,62.0,yes,medium_airport,no,https://en.wikipedia.org/wiki/Burnie_Airport
Xi'an Xianyang International Airport,CN,CN-61,AS,Xi'an,XIY,ZLXY,34.442207,108.762385,1572.0,yes,large_airport,yes,https://en.wikipedia.org/wiki/Xi'an_Xianyang_International_Airport
Xiamen Gaoqi International Airport,CN,CN-35,AS,Xiamen,XMN,ZSAM,24.543889,118.127454,59.0,yes,large_airport,yes,https://en.wikipedia.org/wiki/Xiamen_Gaoqi_International_Airport
Xiangyang Liuji Airport,CN,CN-42,AS,Xiangyang (Xiangzhou),XFN,ZHXF,32.152222,112.291666,234.0,yes,medium_airport,no,https://en.wikipedia.org/wiki/Xiangyang_Liuji_Airport
Xichang Qingshan Airport,CN,CN-51,AS,Liangshan (Xichang),XIC,ZUXC,27.9891,102.183998,5112.0,yes,medium_airport,no,https://en.wikipedia.org/wiki/Xichang_Qingshan_Airport
Xieng Khouang Airport,LA,LA-XI,AS,Xieng Khouang,XKH,VLXK,19.450001,103.157997,3445.0,yes,small_airport,no,https://en.wikipedia.org/wiki/Xieng_Khouang_Airport
Xilinhot Airport,CN,CN-15,AS,Xilinhot,XIL,ZBXH,43.91559982299805,115.96399688720705,,yes,medium_airport,no,https://en.wikipedia.org/wiki/Xilinhot_Airport
Xingyi Wanfenglin Airport,CN,CN-52,AS,Xingyi,ACX,ZUYI,25.083423,104.960804,4150.0,yes,medium_airport,no,https://en.wikipedia.org/wiki/Xingyi_Wanfenglin_Airport
Xining Caojiabao International Airport,CN,CN-63,AS,Haidong (Huzhu Tu Autonomous County),XNN,ZLXN,36.52775,102.040215,7119.0,yes,large_airport,yes,https://en.wikipedia.org/wiki/Xining_Caojiabao_International_Airport
Xinyuan Nalati Airport,CN,CN-65,AS,Xinyuan,NLT,ZWNL,43.4318,83.3786,3050.0,yes,medium_airport,no,https://en.wikipedia.org/wiki/Xinyuan_Nalati_Airport
Xishuangbanna Gasa International Airport,CN,CN-53,AS,Jinghong (Gasa),JHG,ZPJH,21.974648,100.762224,1815.0,yes,large_airport,yes,https://en.wikipedia.org/wiki/Xishuangbanna_Gasa_International_Airport
Xoxocotlán International Airport,MX,MX-OAX,NA,Oaxaca,OAX,MMOX,16.998773,-96.726092,4989.0,yes,large_airport,yes,https://en.wikipedia.org/wiki/Xoxocotl%C3%A1n_International_Airport
Xuzhou Guanyin International Airport,CN,CN-32,AS,Xuzhou,XUZ,ZSXZ,34.059056,117.555278,108.0,yes,medium_airport,yes,https://en.wikipedia.org/wiki/Xuzhou_Guanyin_Airport
Yacuiba Airport,BO,BO-T,SA,Yacuíba,BYC,SLYA,-21.960899353027344,-63.65169906616211,2112.0,no,medium_airport,no,https://en.wikipedia.org/wiki/Yacuiba_Airport
Yakima Air Terminal McAllister Field,US,US-WA,NA,Yakima,YKM,KYKM,46.56819916,-120.5439987,1099.0,yes,medium_airport,no,https://en.wikipedia.org/wiki/Yakima_Air_Terminal
Yakubu Gowon Airport,NG,NG-PL,AF,Jos,JOS,DNJO,9.639829635620115,8.869050025939941,4232.0,yes,medium_airport,no,https://en.wikipedia.org/wiki/Yakubu_Gowon_Airport
Yakubu Tali International Airport,GH,GH-NP,AF,Tamale,TML,DGLE,9.553909,-0.86606,553.0,yes,large_airport,yes,https://en.wikipedia.org/wiki/Tamale_Airport
Yakutat Airport,US,US-AK,NA,Yakutat,YAK,PAYA,59.508717,-139.660435,33.0,yes,medium_airport,no,https://en.wikipedia.org/wiki/Yakutat_Airport
Yamagata Airport,JP,JP-06,AS,Higashine,GAJ,RJSC,38.4119,140.371002,353.0,yes,medium_airport,no,https://en.wikipedia.org/wiki/Yamagata_Airport
Yamaguchi Ube Airport,JP,JP-35,AS,Ube,UBJ,RJDC,33.93,131.279007,23.0,yes,medium_airport,no,https://en.wikipedia.org/wiki/Yamaguchi_Ube_Airport
Yampa Valley Airport,US,US-CO,NA,Hayden,HDN,KHDN,40.481201,-107.218002,6606.0,yes,medium_airport,no,https://en.wikipedia.org/wiki/Yampa_Valley_Airport
Yan'an Nanniwan Airport,CN,CN-61,AS,Yan'an (Baota),ENY,ZLYA,36.479413,109.464083,,yes,medium_airport,no,https://en.wikipedia.org/wiki/Yan%27an_Nanniwan_Airport
Yancheng Nanyang International Airport,CN,CN-32,AS,Yancheng (Tinghu),YNZ,ZSYN,33.428317,120.20545,10.0,yes,large_airport,yes,https://en.wikipedia.org/wiki/Yancheng_Nanyang_International_Airport
Yangon International Airport,MM,MM-06,AS,Yangon,RGN,VYYY,16.907300949099998,96.1332015991,109.0,yes,large_airport,yes,https://en.wikipedia.org/wiki/Yangon_International_Airport
Yangyang International Airport,KR,KR-42,AS,Gonghang-ro,YNY,RKNY,38.060481,128.669822,241.0,yes,large_airport,yes,https://en.wikipedia.org/wiki/Yangyang_International_Airport
Yangzhou Taizhou Airport,CN,CN-32,AS,Yangzhou,YTY,ZSYA,32.5634,119.7198,7.0,yes,medium_airport,yes,https://en.wikipedia.org/wiki/Yangzhou_Taizhou_Airport
Yanji Chaoyangchuan Airport,CN,CN-22,AS,Yanji,YNJ,ZYYJ,42.8828010559,129.451004028,624.0,yes,medium_airport,yes,https://en.wikipedia.org/wiki/Yanji_Chaoyangchuan_Airport
Yantai Penglai International Airport,CN,CN-37,AS,Yantai,YNT,ZSYT,37.659724,120.978124,154.0,yes,large_airport,yes,https://en.wikipedia.org/wiki/Yantai_Penglai_International_Airport
Yaoundé Nsimalen International Airport,CM,CM-CE,AF,Yaoundé,NSI,FKYS,3.72256,11.5533,2278.0,yes,large_airport,yes,https://en.wikipedia.org/wiki/Yaoundé_Nsimalen_International_Airport
Yap International Airport,FM,FM-YAP,OC,Yap Island,YAP,PTYA,9.49891,138.082993,91.0,yes,large_airport,yes,https://en.wikipedia.org/wiki/Yap_International_Airport
Yariguíes Airport,CO,CO-SAN,SA,Barrancabermeja,EJA,SKEJ,7.02433,-73.8068,412.0,yes,medium_airport,no,https://en.wikipedia.org/wiki/Yarigu%C3%ADes_Airport
Yasuj Airport,IR,IR-17,AS,Yasuj,YES,OISY,30.702238,51.542988,5939.0,no,medium_airport,no,https://en.wikipedia.org/wiki/Yasuj_Airport
Yeager Airport,US,US-WV,NA,Charleston,CRW,KCRW,38.3731,-81.593201,981.0,yes,medium_airport,no,https://en.wikipedia.org/wiki/Yeager_Airport
Yelizovo Airport,RU,RU-KAM,AS,Petropavlovsk-Kamchatsky,PKC,UHPP,53.168716,158.451068,131.0,yes,large_airport,yes,https://en.wikipedia.org/wiki/Elizovo_Airport
Yellowknife International Airport,CA,CA-NT,NA,Yellowknife,YZF,CYZF,62.462799,-114.440002,675.0,yes,medium_airport,no,https://en.wikipedia.org/wiki/Yellowknife_Airport
Yellowstone Regional Airport,US,US-WY,NA,Cody,COD,KCOD,44.520199,-109.024002,5102.0,yes,medium_airport,no,https://en.wikipedia.org/wiki/Yellowstone_Regional_Airport
Yeosu Airport,KR,KR-46,AS,Yeosu,RSU,RKJY,34.84230041503906,127.61699676513672,53.0,yes,medium_airport,no,https://en.wikipedia.org/wiki/Yeosu_Airport
Yibin Wuliangye Airport,CN,CN-51,AS,Yibin (Cuiping),YBP,ZUYB,28.858431,104.526157,1378.0,yes,medium_airport,no,https://en.wikipedia.org/wiki/Yibin_Wuliangye_Airport
Yichang Sanxia Airport,CN,CN-42,AS,Yichang (Xiaoting),YIH,ZHYC,30.554132,111.482563,673.0,yes,medium_airport,yes,https://en.wikipedia.org/wiki/Yichang_Sanxia_Airport
Yichun Lindu Airport,CN,CN-23,AS,Yichun,LDS,ZYLD,47.752056,129.019125,791.0,yes,medium_airport,no,https://en.wikipedia.org/wiki/Yichun_Lindu_Airport
Yichun Mingyueshan Airport,CN,CN-36,AS,Yichun,YIC,ZSYC,27.8025,114.3062,430.0,yes,medium_airport,no,https://en.wikipedia.org/wiki/Yichun_Mingyueshan_Airport
Yinchuan Hedong International Airport,CN,CN-64,AS,Yinchuan,INC,ZLIC,38.322758,106.393214,3743.0,yes,large_airport,yes,https://en.wikipedia.org/wiki/Yinchuan_Hedong_International_Airport
Yiwu Airport,CN,CN-33,AS,Yiwu/Jinhua,YIW,ZSYW,29.342095,120.03116,262.0,yes,large_airport,yes,https://en.wikipedia.org/wiki/Yiwu_Airport
Yola Airport,NG,NG-AD,AF,Yola,YOL,DNYO,9.257550239562988,12.430399894714355,599.0,yes,medium_airport,no,https://en.wikipedia.org/wiki/Yola_Airport
Yonago Kitaro Airport / JASDF Miho Air Base,JP,JP-31,AS,Yonago,YGJ,RJOH,35.492199,133.235992,20.0,yes,medium_airport,no,https://en.wikipedia.org/wiki/Miho-Yonago_Airport
Yongzhou Lingling Airport,CN,CN-43,AS,Yongzhou,LLF,ZGLG,26.338661,111.610043,340.0,yes,medium_airport,no,https://en.wikipedia.org/wiki/Yongzhou_Lingling_Airport
Youngstown Warren Regional Airport,US,US-OH,NA,Youngstown/Warren,YNG,KYNG,41.26070023,-80.67910004,1192.0,no,medium_airport,no,https://en.wikipedia.org/wiki/Youngstown-Warren_Regional_Airport
Yulin Yuyang Airport,CN,CN-61,AS,Yulin,UYN,ZLYL,38.35971,109.590927,3891.0,yes,medium_airport,no,https://en.wikipedia.org/wiki/Yulin_Yuyang_Airport
Yuma International Airport / Marine Corps Air Station Yuma,US,US-AZ,NA,Yuma,YUM,KNYL,32.650938,-114.609375,213.0,yes,medium_airport,no,https://en.wikipedia.org/wiki/Yuma_International_Airport
Yuncheng Yanhu International Airport,CN,CN-61,AS,Yuncheng (Yanhu),YCU,ZBYC,35.117823,111.034023,1242.0,yes,large_airport,yes,https://en.wikipedia.org/wiki/Yuncheng_Zhangxiao_Airport
Yushu Batang Airport,CN,CN-63,AS,Yushu (Batang),YUS,ZLYS,32.836389,97.036389,12816.0,yes,medium_airport,no,https://en.wikipedia.org/wiki/Yushu_Batang_Airport
Yuzhno-Kurilsk Mendeleyevo Airport,RU,RU-SAK,AS,Yuzhno-Kurilsk,DEE,UHSM,43.961066,145.684977,584.0,yes,small_airport,no,https://en.wikipedia.org/wiki/Yuzhno-Kurilsk_Mendeleyevo_Airport
Yuzhno-Sakhalinsk International Airport,RU,RU-SAK,AS,Yuzhno-Sakhalinsk,UUS,UHSS,46.885461,142.717466,59.0,yes,large_airport,yes,https://en.wikipedia.org/wiki/Yuzhno-Sakhalinsk_Airport
Zabol Airport,IR,IR-11,AS,Zabol,ACZ,OIZB,31.098301,61.5439,1628.0,no,medium_airport,no,https://en.wikipedia.org/wiki/Zabol_Airport
Zachar Bay Seaplane Base,US,US-AK,NA,Zachar Bay,KZB,,57.553001,-153.746052,,yes,seaplane_base,no,https://en.wikipedia.org/wiki/Zachar_Bay_Seaplane_Base
Zadar Airport,HR,HR-13,EU,Zadar,ZAD,LDZD,44.096986,15.353565,289.0,yes,large_airport,yes,https://en.wikipedia.org/wiki/Zadar_Airport
Zafer Airport,TR,TR-43,AS,Altıntaş,KZR,LTBZ,39.111107,30.130405,3327.0,yes,small_airport,yes,https://en.wikipedia.org/wiki/Zafer_Airport
Zagreb Franjo Tuđman International Airport,HR,HR-01,EU,Velika Gorica,ZAG,LDZA,45.742901,16.0688,353.0,yes,large_airport,yes,https://en.wikipedia.org/wiki/Zagreb_Airport
Zahedan International Airport,IR,IR-11,AS,Zahedan,ZAH,OIZH,29.4757,60.9062,4564.0,yes,large_airport,yes,https://en.wikipedia.org/wiki/Zahedan_International_Airport
Zakynthos International Airport Dionysios Solomos,GR,GR-F,EU,Zakynthos,ZTH,LGZA,37.7509,20.8843,12.0,yes,medium_airport,yes,https://en.wikipedia.org/wiki/Zakynthos_International_Airport
Zamboanga International Airport,PH,PH-ZMC,AS,Zamboanga,ZAM,RPMZ,6.92242,122.059998,33.0,yes,large_airport,yes,https://en.wikipedia.org/wiki/Zamboanga_International_Airport
Zaporizhzhia International Airport,UA,UA-23,EU,Zaporizhia,OZH,UKDE,47.866962,35.314723,373.0,no,large_airport,yes,https://en.wikipedia.org/wiki/Zaporizhia_International_Airport
Zaragoza Airport,ES,ES-AR,EU,Zaragoza,ZAZ,LEZG,41.666199,-1.04155,863.0,yes,large_airport,yes,https://en.wikipedia.org/wiki/Zaragoza_Airport
Zarzaitine - In Aménas Airport,DZ,DZ-33,AF,In Aménas,IAM,DAUZ,28.0515,9.64291,1847.0,yes,medium_airport,no,https://en.wikipedia.org/wiki/In_Amenas_Airport
Zayed International Airport,AE,AE-AZ,AS,Abu Dhabi,AUH,OMAA,24.440966,54.649237,88.0,yes,large_airport,yes,https://en.wikipedia.org/wiki/Abu_Dhabi_International_Airport
Zaysan Airport,KZ,KZ-VOS,AS,Zaysan,SZI,UASZ,47.487491,84.887675,1877.0,yes,small_airport,no,https://en.wikipedia.org/wiki/Zaysan_Airport
Zenata – Messali El Hadj Airport,DZ,DZ-13,AF,Zenata,TLM,DAON,35.012732,-1.457117,814.0,yes,large_airport,yes,https://en.wikipedia.org/wiki/Zenata_%E2%80%93_Messali_El_Hadj_Airport
Zhangjiajie Hehua International Airport,CN,CN-43,AS,Zhangjiajie (Yongding),DYG,ZGDY,29.104749,110.442786,8530.0,yes,large_airport,yes,https://en.wikipedia.org/wiki/Zhangjiajie_Hehua_Airport
Zhangjiakou Ningyuan Airport,CN,CN-13,AS,Zhangjiakou,ZQZ,ZBZJ,40.738664,114.933395,2347.0,yes,medium_airport,no,https://en.wikipedia.org/wiki/Zhangjiakou_Ningyuan_Airport
Zhangye Ganzhou Airport,CN,CN-62,AS,Zhangye (Ganzhou),YZY,ZLZY,38.801899,100.675003,5280.0,yes,medium_airport,no,https://en.wikipedia.org/wiki/Zhangye_Ganzhou_Airport
Zhanjiang Wuchuan International Airport,CN,CN-44,AS,Zhanjiang,ZHA,ZGZJ,21.481667,110.590278,,yes,large_airport,yes,https://en.wikipedia.org/wiki/Zhanjiang_Wuchuan_Airport
Zhaotong Zhaoyang Airport,CN,CN-53,AS,Zhaotong,ZAT,ZPZT,27.205843,103.691511,,yes,medium_airport,no,https://wikipedia.org/wiki/Zhaotong_Zhaoyang_Airport
Zhengzhou Xinzheng International Airport,CN,CN-41,AS,Zhengzhou,CGO,ZHCC,34.526497,113.849165,495.0,yes,large_airport,yes,https://en.wikipedia.org/wiki/Zhengzhou_Xinzheng_International_Airport
Zhezkazgan National Airport,KZ,KZ-ULY,AS,Zhezkazgan,DZN,UAKD,47.708953,67.738094,1250.0,yes,large_airport,no,https://en.wikipedia.org/wiki/Dzhezkazgan_Airport
Zhob Airport,PK,PK-BA,AS,Fort Sandeman,PZH,OPZB,31.358400344848633,69.4636001586914,4728.0,yes,medium_airport,no,https://en.wikipedia.org/wiki/Zhob_Airport
Zhongwei Shapotou Airport,CN,CN-64,AS,Zhongwei (Shapotou),ZHY,ZLZW,37.573125,105.154454,4088.0,yes,medium_airport,no,https://en.wikipedia.org/wiki/Zhongwei_Shapotou_Airport
Zhoushan Putuoshan International Airport,CN,CN-33,AS,Zhoushan,HSN,ZSZS,29.933874,122.362307,6.0,yes,large_airport,no,https://en.wikipedia.org/wiki/Zhoushan_Putuoshan_International_Airport
Zhuhai Jinwan Airport,CN,CN-44,AS,Zhuhai (Jinwan),ZUH,ZGSD,22.006399,113.375999,23.0,yes,large_airport,yes,https://en.wikipedia.org/wiki/Zhuhai_Jinwan_Airport
Ziguinchor Airport,SN,SN-ZG,AF,Ziguinchor,ZIG,GOGG,12.55559,-16.283298,75.0,yes,medium_airport,no,https://en.wikipedia.org/wiki/Ziguinchor_Airport
Zonguldak Çaycuma Airport,TR,TR-67,AS,Zonguldak,ONQ,LTAS,41.506401,32.0886,44.0,yes,medium_airport,yes,https://en.wikipedia.org/wiki/Zonguldak_Airport
Zumbi dos Palmares International Airport,BR,BR-AL,SA,Maceió,MCZ,SBMO,-9.512559,-35.791839,387.0,yes,large_airport,yes,https://en.wikipedia.org/wiki/Zumbi_dos_Palmares_International_Airport
Zunyi Xinzhou Airport,CN,CN-52,AS,Zunyi,ZYI,ZUZY,27.810723,107.247189,2723.0,yes,medium_airport,yes,https://en.wikipedia.org/wiki/Zunyi_Xinzhou_Airport
Zvartnots International Airport,AM,AM-ER,AS,Yerevan,EVN,UDYZ,40.148941,44.397887,2838.0,yes,large_airport,yes,https://en.wikipedia.org/wiki/Zvartnots_International_Airport
Zweibrücken Airport,DE,DE-RP,EU,Zweibrücken,ZQW,EDRZ,49.2094,7.40056,1132.0,no,small_airport,no,https://en.wikipedia.org/wiki/Zweibr%C3%BCcken_Airport
Zürich Airport,CH,CH-ZH,EU,Zurich,ZRH,LSZH,47.458056,8.548056,1417.0,yes,large_airport,yes,https://en.wikipedia.org/wiki/Zurich_Airport
Ástor Piazzola International Airport,AR,AR-B,SA,Mar del Plata,MDQ,SAZM,-37.9342,-57.5733,72.0,yes,medium_airport,yes,https://en.wikipedia.org/wiki/%C3%81stor_Piazzola_International_Airport
Ängelholm-Helsingborg Airport,SE,SE-M,EU,Ängelholm,AGH,ESTA,56.29610061645508,12.847100257873535,68.0,yes,medium_airport,no,https://en.wikipedia.org/wiki/%C3%84ngelholm-Helsingborg_Airport
Ålesund Airport,NO,NO-15,EU,Ålesund,AES,ENAL,62.560443,6.110845,69.0,yes,large_airport,yes,https://en.wikipedia.org/wiki/%C3%85lesund_Airport%2C_Vigra
Åre Östersund Airport,SE,SE-Z,EU,Östersund,OSD,ESNZ,63.193546,14.504168,1233.0,yes,medium_airport,yes,https://en.wikipedia.org/wiki/%C3%85re_%C3%96stersund_Airport
Çanakkale Airport,TR,TR-17,AS,Çanakkale,CKZ,LTBH,40.1376991272,26.4267997742,23.0,yes,medium_airport,no,https://en.wikipedia.org/wiki/%C3%87anakkale_Airport
Çardak Airport,TR,TR-20,AS,Denizli,DNZ,LTAY,37.7855987549,29.7012996674,2795.0,yes,medium_airport,yes,https://en.wikipedia.org/wiki/%C3%87ardak_Airport
Ísafjörður Airport,IS,IS-4,EU,Ísafjörður,IFJ,BIIS,66.058098,-23.1353,8.0,yes,medium_airport,no,https://en.wikipedia.org/wiki/%C3%8Dsafj%C3%B6r%C3%B0ur_Airport
Île Art - Waala Airport,NC,NC-02,OC,Waala,BMY,NWWC,-19.720521,163.661077,306.0,yes,small_airport,no,https://en.wikipedia.org/wiki/%C3%8Ele_Art_-_Waala_Airport
Île des Pins Airport,NC,NC-03,OC,Île des Pins,ILP,NWWE,-22.5889,167.455994,315.0,yes,medium_airport,no,https://en.wikipedia.org/wiki/%C3%8Ele_des_Pins_Airport
Îles-de-la-Madeleine Airport,CA,CA-QC,NA,Les Îles-de-la-Madeleine,YGR,CYGR,47.425242,-61.778612,35.0,yes,medium_airport,no,https://en.wikipedia.org/wiki/%C3%8Eles-de-la-Madeleine_Airport
Ölgii Mongolei International Airport,MN,MN-071,AS,Ölgii,ULG,ZMUL,48.993301,89.922501,5732.0,yes,medium_airport,yes,https://en.wikipedia.org/wiki/%C3%96lgii_Airport
Örebro Airport,SE,SE-T,EU,Örebro,ORB,ESOE,59.22370147705078,15.038000106811523,188.0,yes,medium_airport,no,https://en.wikipedia.org/wiki/%C3%96rebro_Airport
Örnsköldsvik Airport,SE,SE-Y,EU,Örnsköldsvik,OER,ESNO,63.40829849243164,18.989999771118164,354.0,yes,medium_airport,no,https://en.wikipedia.org/wiki/%C3%96rnsk%C3%B6ldsvik_Airport
Ørland Airport,NO,NO-50,EU,Ørland,OLA,ENOL,63.69889831542969,9.604000091552734,28.0,yes,medium_airport,no,https://en.wikipedia.org/wiki/Brekstad_Airport%2C_%C3%98rland
"Ørsta-Volda Airport, Hovden",NO,NO-15,EU,Ørsta,HOV,ENOV,62.180000305176,6.0741000175476,243.0,yes,medium_airport,no,https://en.wikipedia.org/wiki/%C3%98rsta-Volda_Airport%2C_Hovden
Ürümqi Tianshan International Airport,CN,CN-65,AS,Ürümqi,URC,ZWWW,43.913584,87.479372,2125.0,yes,large_airport,yes,https://en.wikipedia.org/wiki/%C3%9Cr%C3%BCmqi_Tianshan_International_Airport
İstanbul Airport,TR,TR-34,EU,Istanbul,IST,LTFM,41.274874,28.732136,325.0,yes,large_airport,yes,https://en.wikipedia.org/wiki/Istanbul_Airport
Şanlıurfa GAP Airport,TR,TR-63,AS,Şanlıurfa,GNY,LTCS,37.445663,38.895592,2708.0,yes,large_airport,no,https://en.wikipedia.org/wiki/Şanlıurfa_GAP_Airport
